timestamp,vibration,temperature,belt_speed,tension,motor_current,alignment,fault_condition
2026-01-06 05:05:00,2.538,50.62,2.909,78.01,96.65,1.04,Normal
2026-01-09 23:30:00,3.391,61.18,2.899,116.39,109.45,0.589,Normal
2026-01-10 05:05:00,4.107,61.67,2.655,113.28,108.63,0.553,Normal
2026-01-04 15:55:00,5.471,50.79,3.128,100.91,119.64,0.625,Normal
2026-01-03 10:45:00,6.03,72.78,2.31,105.54,127.46,2.22,Joint Failure
2026-01-01 08:50:00,3.252,55.41,2.604,118.98,96.26,1.037,Normal
2026-01-03 01:05:00,3.773,63.97,2.804,75.69,116.8,0.801,Normal
2026-01-09 13:40:00,3.587,51.88,3.138,109.79,110.51,0.758,Normal
2026-01-09 09:05:00,2.957,65.67,2.786,103.4,108.22,1.452,Normal
2026-01-06 13:20:00,3.916,55.47,2.825,99.21,101.7,0.501,Normal
2026-01-09 13:20:00,4.967,54.08,2.518,99.72,129.79,4.565,Misalignment
2026-01-01 19:00:00,5.192,51.88,2.178,93.53,100.23,0.581,Belt Damage
2026-01-04 04:15:00,3.828,52.93,2.776,96.35,107.92,0.442,Normal
2026-01-03 18:10:00,2.466,58.24,2.908,123.92,89.09,1.225,Normal
2026-01-11 11:45:00,2.707,47.88,2.683,83.77,100.87,1.478,Normal
2026-01-13 07:15:00,2.232,52.46,2.631,79.92,96.29,0.389,Normal
2026-01-04 17:25:00,2.396,54.12,3.037,91.94,97.77,1.024,Normal
2026-01-12 15:15:00,2.279,66.28,2.744,91.82,117.3,1.098,Normal
2026-01-07 01:20:00,4.0,43.85,2.645,93.02,95.48,0.81,Normal
2026-01-04 18:20:00,7.084,61.63,2.626,140.71,138.8,0.583,Joint Failure
2026-01-04 05:10:00,2.853,56.29,3.014,103.87,106.22,1.032,Normal
2026-01-11 14:05:00,3.667,44.55,3.118,99.16,95.22,0.377,Normal
2026-01-04 21:05:00,6.364,55.67,2.25,55.76,107.82,2.219,Belt Damage
2026-01-03 05:30:00,3.0,63.8,2.554,129.85,109.59,0.977,Normal
2026-01-17 13:15:00,2.443,59.93,2.993,98.83,129.69,0.774,Normal
2026-01-02 17:45:00,3.461,55.29,3.103,104.78,99.12,0.795,Normal
2026-01-15 02:50:00,2.804,59.76,2.692,100.15,122.88,0.88,Normal
2026-01-02 03:45:00,2.802,41.28,2.928,68.66,104.24,1.061,Normal
2026-01-17 06:20:00,4.684,60.76,1.933,125.61,135.04,0.869,Overload
2026-01-02 16:30:00,2.922,40.32,2.609,69.36,74.46,0.336,Normal
2026-01-07 19:30:00,6.415,54.67,2.375,93.96,107.37,1.416,Belt Damage
2026-01-02 08:45:00,2.749,58.13,2.923,101.83,160.63,1.451,Overload
2026-01-17 19:30:00,2.102,50.21,2.731,85.23,108.28,0.232,Normal
2026-01-17 21:30:00,3.329,65.9,2.853,67.98,101.87,1.35,Normal
2026-01-07 02:15:00,3.741,74.16,2.371,128.69,127.36,1.905,Overload
2026-01-09 17:35:00,6.636,69.66,2.006,119.78,134.42,1.195,Joint Failure
2026-01-13 10:45:00,2.755,64.64,3.051,89.5,100.07,1.639,Normal
2026-01-15 23:35:00,3.267,58.16,2.884,84.51,118.92,0.696,Normal
2026-01-18 05:50:00,7.539,55.46,2.704,133.35,124.29,1.683,Joint Failure
2026-01-08 06:55:00,4.099,48.05,3.058,89.02,104.86,0.973,Normal
2026-01-13 11:55:00,4.03,50.01,2.6,90.7,149.45,2.453,Misalignment
2026-01-15 07:25:00,3.929,64.02,3.012,84.16,127.31,1.498,Normal
2026-01-01 02:25:00,2.11,65.02,2.984,111.6,94.64,1.229,Normal
2026-01-01 05:25:00,2.698,62.77,2.467,112.61,113.83,0.638,Normal
2026-01-03 21:50:00,4.48,56.3,3.056,101.72,115.84,3.707,Misalignment
2026-01-14 13:30:00,2.485,43.84,2.865,90.76,88.07,0.768,Normal
2026-01-14 02:25:00,4.656,56.8,3.024,141.99,146.77,1.099,Overload
2026-01-17 02:15:00,6.642,68.8,2.179,115.65,143.96,1.674,Joint Failure
2026-01-11 23:25:00,2.71,62.43,3.349,85.18,119.85,0.386,Normal
2026-01-10 05:35:00,3.133,58.16,2.596,90.96,133.16,3.711,Misalignment
2026-01-17 00:35:00,4.559,49.8,2.753,94.4,103.3,0.678,Normal
2026-01-17 01:40:00,4.466,54.75,2.597,96.01,123.95,0.449,Misalignment
2026-01-09 12:15:00,4.819,44.7,2.592,89.9,89.73,1.889,Joint Failure
2026-01-10 21:10:00,1.839,74.45,2.516,133.2,130.28,1.449,Overload
2026-01-04 23:20:00,2.731,46.86,2.243,79.64,98.79,0.505,Normal
2026-01-11 16:30:00,4.511,50.69,3.018,86.05,102.44,0.547,Normal
2026-01-04 19:55:00,6.58,65.7,2.609,120.01,125.33,1.842,Joint Failure
2026-01-01 14:00:00,4.147,69.47,2.603,96.78,112.12,0.334,Normal
2026-01-06 19:10:00,3.994,65.83,3.109,90.3,111.75,0.447,Normal
2026-01-09 22:10:00,2.299,49.63,2.78,89.75,95.41,0.642,Normal
2026-01-09 06:05:00,4.399,61.95,3.117,93.99,147.33,0.786,Overload
2026-01-16 06:15:00,4.643,64.98,3.292,90.0,133.62,1.77,Belt Damage
2026-01-15 18:45:00,2.797,57.72,2.433,81.33,102.11,0.929,Normal
2026-01-14 09:50:00,2.809,47.9,2.635,120.75,113.69,0.268,Normal
2026-01-01 01:55:00,3.005,42.76,2.757,101.53,110.87,1.002,Normal
2026-01-10 03:25:00,3.863,57.28,2.85,94.93,115.65,1.426,Normal
2026-01-12 14:20:00,4.493,57.68,2.631,70.15,114.0,0.846,Belt Damage
2026-01-08 16:35:00,2.034,52.34,2.978,85.93,104.84,0.686,Normal
2026-01-13 18:50:00,6.775,49.74,2.096,111.02,146.54,1.237,Overload
2026-01-17 09:40:00,2.36,67.81,2.723,100.31,107.12,1.261,Normal
2026-01-07 14:55:00,2.452,49.92,3.27,99.97,110.25,0.695,Normal
2026-01-01 07:00:00,2.283,51.25,2.714,95.72,106.31,0.715,Normal
2026-01-01 18:55:00,2.406,57.08,3.322,96.86,96.8,0.75,Normal
2026-01-02 00:40:00,4.146,55.09,2.954,160.0,108.21,1.764,Overload
2026-01-04 11:25:00,2.617,68.69,2.481,100.23,112.38,1.03,Normal
2026-01-08 10:10:00,4.221,61.54,2.747,115.68,91.77,0.781,Normal
2026-01-03 11:15:00,5.275,67.51,2.44,112.52,115.71,3.671,Misalignment
2026-01-10 17:25:00,3.994,60.51,2.712,58.37,106.92,2.122,Belt Damage
2026-01-09 18:35:00,6.503,63.39,2.392,90.74,139.95,1.988,Joint Failure
2026-01-14 00:40:00,3.396,49.86,2.977,94.67,118.73,0.852,Normal
2026-01-12 12:45:00,4.225,52.24,2.986,98.54,90.73,0.974,Normal
2026-01-12 01:05:00,3.002,53.04,2.925,89.5,105.53,0.845,Normal
2026-01-15 12:35:00,3.667,37.72,2.994,70.39,96.77,1.147,Normal
2026-01-06 14:35:00,5.111,62.07,2.839,113.26,130.02,2.83,Misalignment
2026-01-11 12:00:00,2.599,55.72,2.713,93.24,131.25,0.485,Normal
2026-01-05 21:45:00,3.663,72.97,2.698,73.86,82.99,0.447,Normal
2026-01-03 15:35:00,3.334,48.96,2.782,112.32,125.75,0.687,Overload
2026-01-03 06:35:00,4.22,56.08,3.016,98.05,135.75,0.147,Normal
2026-01-17 15:45:00,3.145,56.13,2.516,126.02,159.06,0.838,Overload
2026-01-14 08:45:00,2.552,68.02,2.899,91.86,112.66,1.464,Normal
2026-01-15 10:05:00,4.921,59.16,3.157,92.05,108.78,0.792,Normal
2026-01-02 15:00:00,2.665,55.64,2.877,108.82,119.4,0.346,Normal
2026-01-01 13:05:00,3.234,62.14,2.809,124.19,124.88,0.523,Overload
2026-01-05 11:55:00,3.745,52.87,2.84,117.19,126.46,0.615,Normal
2026-01-02 17:25:00,3.322,53.99,2.516,74.66,104.4,1.059,Normal
2026-01-17 11:00:00,3.5,61.95,2.468,97.09,134.56,0.539,Overload
2026-01-11 05:00:00,2.597,53.45,2.609,106.86,94.67,0.424,Normal
2026-01-13 00:00:00,3.226,45.39,2.543,89.06,87.8,0.345,Normal
2026-01-02 07:05:00,5.911,49.85,2.651,102.95,128.41,3.077,Misalignment
2026-01-01 06:35:00,1.902,66.1,2.571,96.75,95.24,0.622,Normal
2026-01-06 09:25:00,4.245,56.76,2.93,72.83,107.71,1.629,Belt Damage
2026-01-06 19:05:00,5.279,67.52,2.88,90.61,102.14,1.342,Belt Damage
2026-01-08 09:35:00,3.473,56.22,2.95,98.6,109.13,0.308,Normal
2026-01-16 09:55:00,3.354,64.24,2.738,90.5,118.51,1.077,Normal
2026-01-02 14:45:00,2.645,51.66,2.48,78.2,121.61,0.916,Normal
2026-01-01 20:40:00,6.125,56.71,2.627,121.46,151.72,1.288,Joint Failure
2026-01-04 05:35:00,6.167,74.38,3.112,80.11,112.48,1.27,Belt Damage
2026-01-05 15:15:00,3.224,64.02,2.164,93.24,127.65,2.342,Misalignment
2026-01-16 17:00:00,6.497,55.68,2.856,78.96,142.83,2.326,Belt Damage
2026-01-05 15:30:00,2.678,58.27,2.871,87.39,101.66,0.719,Normal
2026-01-05 21:10:00,4.441,61.32,2.117,83.45,104.99,1.988,Belt Damage
2026-01-04 18:50:00,8.131,59.27,2.781,99.76,137.69,1.635,Joint Failure
2026-01-15 14:45:00,2.687,57.28,2.929,86.46,114.66,0.926,Normal
2026-01-03 13:50:00,3.001,59.55,2.384,95.87,152.68,1.047,Overload
2026-01-09 01:35:00,3.198,65.06,3.042,103.84,96.82,0.526,Normal
2026-01-13 12:05:00,5.417,61.34,2.64,94.92,94.97,2.077,Misalignment
2026-01-08 08:55:00,2.781,52.63,2.863,111.3,106.15,0.843,Normal
2026-01-08 06:30:00,3.693,54.45,2.919,112.14,89.01,1.09,Normal
2026-01-01 20:00:00,8.098,62.81,2.414,133.09,136.01,1.389,Joint Failure
2026-01-09 03:55:00,3.428,69.27,2.574,87.39,119.49,1.278,Belt Damage
2026-01-05 18:10:00,5.263,58.85,2.807,119.43,126.28,0.732,Joint Failure
2026-01-04 16:05:00,2.551,60.51,2.762,77.43,106.71,0.72,Normal
2026-01-17 17:20:00,5.412,69.26,2.495,89.53,102.52,1.989,Belt Damage
2026-01-01 16:35:00,5.995,60.28,2.227,97.71,126.81,1.413,Overload
2026-01-08 22:00:00,2.891,54.23,2.837,88.9,112.28,0.542,Normal
2026-01-17 11:45:00,4.661,67.86,2.201,160.0,143.37,1.533,Overload
2026-01-08 17:00:00,4.456,52.83,2.204,132.46,153.9,0.169,Overload
2026-01-17 13:35:00,2.876,51.54,3.297,95.37,100.9,1.117,Normal
2026-01-10 18:55:00,2.79,60.39,3.165,96.52,91.26,0.585,Normal
2026-01-11 22:30:00,2.307,60.05,2.641,86.68,111.56,1.608,Misalignment
2026-01-15 18:40:00,9.266,72.17,2.324,103.48,123.62,3.604,Joint Failure
2026-01-11 18:55:00,2.145,51.81,2.903,79.58,92.96,1.431,Normal
2026-01-07 20:25:00,2.545,56.02,2.928,85.28,118.62,0.638,Normal
2026-01-05 18:35:00,4.724,58.85,2.491,102.95,121.06,1.783,Belt Damage
2026-01-14 18:40:00,4.617,57.3,2.309,84.49,111.87,4.98,Misalignment
2026-01-15 02:30:00,4.904,63.49,2.78,131.1,176.19,0.421,Overload
2026-01-16 10:25:00,6.477,78.59,2.644,81.33,136.21,2.811,Joint Failure
2026-01-13 08:25:00,3.029,47.77,2.909,100.88,94.56,1.392,Normal
2026-01-04 08:20:00,2.285,57.63,2.928,76.77,84.25,0.248,Normal
2026-01-01 14:55:00,2.976,45.47,2.727,90.76,89.46,0.996,Normal
2026-01-13 20:10:00,6.408,52.37,2.763,104.51,129.78,2.958,Joint Failure
2026-01-14 06:25:00,3.362,55.04,3.173,117.75,95.31,1.54,Normal
2026-01-17 22:30:00,3.371,57.47,2.617,102.66,84.76,0.915,Normal
2026-01-14 12:55:00,4.783,47.39,2.482,72.72,136.39,0.945,Belt Damage
2026-01-16 13:55:00,2.468,54.11,2.755,101.95,108.64,0.944,Normal
2026-01-12 05:50:00,5.637,51.4,2.301,74.53,113.02,3.0,Misalignment
2026-01-11 07:50:00,2.141,60.19,2.665,92.07,102.95,1.555,Normal
2026-01-13 10:20:00,3.262,49.04,2.585,113.75,94.94,0.885,Normal
2026-01-11 00:35:00,2.349,54.13,2.826,94.78,68.05,0.69,Normal
2026-01-09 22:35:00,1.737,59.32,2.824,99.02,87.83,2.311,Misalignment
2026-01-05 22:15:00,6.23,49.3,2.593,89.69,110.29,3.033,Joint Failure
2026-01-14 13:35:00,2.796,47.38,2.428,103.36,108.31,0.308,Normal
2026-01-17 05:25:00,2.266,55.95,2.78,88.12,100.52,0.05,Normal
2026-01-18 00:30:00,3.495,68.37,2.942,89.87,115.38,0.763,Normal
2026-01-07 11:00:00,3.682,67.27,2.537,147.56,147.27,1.005,Overload
2026-01-01 00:40:00,3.543,63.37,2.405,88.36,79.81,2.547,Misalignment
2026-01-11 01:10:00,3.598,54.32,2.93,89.37,132.32,0.509,Normal
2026-01-10 21:15:00,3.501,59.68,2.6,101.19,118.54,0.697,Normal
2026-01-13 17:20:00,2.339,58.25,2.594,84.55,98.73,0.852,Misalignment
2026-01-01 12:00:00,3.672,69.4,3.143,96.96,104.23,0.714,Normal
2026-01-08 07:20:00,3.369,72.59,2.487,124.08,147.93,0.933,Overload
2026-01-11 21:55:00,1.317,65.35,2.957,67.34,113.86,0.405,Normal
2026-01-03 22:05:00,4.555,58.31,2.922,90.9,121.62,2.746,Misalignment
2026-01-04 22:00:00,2.052,51.57,2.401,103.28,115.9,0.401,Normal
2026-01-01 12:35:00,3.224,64.28,2.7,67.47,84.59,1.635,Normal
2026-01-13 11:15:00,2.68,62.67,3.059,124.52,85.37,1.212,Normal
2026-01-04 15:40:00,5.533,66.6,2.917,130.02,122.14,2.12,Joint Failure
2026-01-06 12:30:00,5.573,65.56,2.91,113.44,161.7,1.388,Overload
2026-01-11 10:40:00,3.557,63.83,3.139,102.62,121.86,2.464,Misalignment
2026-01-08 01:05:00,4.968,57.04,2.339,80.39,102.41,5.225,Misalignment
2026-01-12 20:50:00,2.264,64.89,2.555,92.45,104.0,0.622,Normal
2026-01-07 06:35:00,2.361,54.38,2.66,108.85,97.74,0.268,Normal
2026-01-10 08:40:00,4.724,62.66,2.525,115.93,115.21,1.465,Misalignment
2026-01-11 13:15:00,4.018,53.2,2.861,95.71,131.75,0.381,Normal
2026-01-02 15:20:00,2.93,45.26,2.689,82.41,100.78,0.502,Normal
2026-01-12 10:05:00,4.336,59.18,3.13,91.83,109.7,1.031,Normal
2026-01-15 03:30:00,4.677,48.32,2.453,104.52,87.03,4.023,Misalignment
2026-01-13 03:20:00,2.791,66.05,2.528,114.18,101.09,1.872,Belt Damage
2026-01-01 23:15:00,5.9,58.16,2.959,106.89,114.12,1.314,Overload
2026-01-07 01:05:00,4.348,67.55,3.101,135.17,180.0,1.477,Overload
2026-01-17 01:20:00,8.524,72.5,2.644,130.54,129.82,2.089,Joint Failure
2026-01-11 00:30:00,2.891,49.38,3.108,82.46,112.68,0.587,Normal
2026-01-07 17:45:00,1.664,55.57,3.073,88.2,114.06,0.514,Normal
2026-01-01 08:20:00,1.978,58.84,3.123,87.1,102.47,1.377,Normal
2026-01-10 17:40:00,2.048,56.67,3.098,86.58,86.33,1.205,Normal
2026-01-13 09:30:00,3.411,53.84,3.072,92.61,109.99,0.922,Normal
2026-01-13 19:00:00,6.248,54.89,2.887,100.72,114.16,5.156,Misalignment
2026-01-13 17:05:00,2.406,52.8,2.789,95.89,120.2,0.92,Normal
2026-01-02 20:10:00,5.861,50.2,2.23,86.49,116.14,1.826,Belt Damage
2026-01-07 13:10:00,3.175,51.42,3.281,84.36,93.45,0.618,Normal
2026-01-03 08:45:00,3.705,61.92,2.598,106.57,111.35,0.628,Normal
2026-01-14 04:10:00,5.05,49.7,3.196,87.51,103.1,0.478,Normal
2026-01-14 16:40:00,3.866,57.52,2.814,93.77,107.62,1.338,Normal
2026-01-17 04:50:00,1.198,52.23,3.121,92.13,115.22,0.427,Normal
2026-01-08 00:10:00,2.312,33.77,2.446,88.35,98.98,0.308,Normal
2026-01-04 19:20:00,4.049,58.43,2.517,107.92,116.08,0.775,Normal
2026-01-03 21:05:00,2.262,56.95,3.015,87.96,105.67,1.101,Normal
2026-01-10 17:45:00,6.54,39.37,3.019,113.89,122.95,1.818,Joint Failure
2026-01-14 07:05:00,2.697,58.72,2.808,96.66,106.13,0.936,Normal
2026-01-16 05:05:00,4.294,55.46,2.537,107.15,106.56,1.036,Normal
2026-01-14 12:15:00,2.925,65.29,2.492,97.14,136.21,0.521,Normal
2026-01-03 15:40:00,4.062,65.94,2.931,95.95,85.43,1.084,Normal
2026-01-10 14:35:00,2.678,53.75,3.018,85.6,122.93,1.19,Normal
2026-01-16 00:40:00,1.696,50.64,2.749,88.76,100.26,1.009,Normal
2026-01-12 10:35:00,3.309,50.2,2.933,78.16,119.67,0.601,Normal
2026-01-08 14:50:00,3.944,48.96,2.66,95.29,110.1,1.245,Normal
2026-01-09 04:25:00,2.501,51.56,2.977,90.79,99.1,0.784,Normal
2026-01-12 21:25:00,3.16,59.5,3.076,79.01,115.57,2.512,Misalignment
2026-01-14 19:35:00,3.914,58.03,2.807,87.11,120.0,1.309,Normal
2026-01-04 03:55:00,3.051,50.19,2.657,86.64,115.82,0.979,Normal
2026-01-11 22:05:00,1.781,59.69,2.34,83.28,111.18,0.474,Normal
2026-01-04 11:15:00,3.025,68.56,2.828,102.67,114.39,1.287,Normal
2026-01-13 16:25:00,2.439,49.08,2.403,104.88,82.07,1.07,Normal
2026-01-09 14:55:00,3.82,54.74,3.057,100.38,122.22,0.296,Normal
2026-01-15 03:40:00,4.73,53.35,2.796,110.44,97.97,1.283,Normal
2026-01-09 05:30:00,3.541,48.68,2.201,81.22,103.78,3.035,Misalignment
2026-01-17 19:10:00,2.596,71.94,2.741,93.9,103.77,0.754,Normal
2026-01-01 02:45:00,6.948,54.44,2.529,93.34,152.87,0.982,Joint Failure
2026-01-14 03:45:00,6.174,62.88,2.024,112.0,97.77,2.7,Joint Failure
2026-01-04 13:00:00,3.929,63.44,2.61,75.12,117.81,1.083,Overload
2026-01-06 17:15:00,6.004,48.97,2.432,100.96,126.06,1.85,Belt Damage
2026-01-03 13:05:00,2.295,65.49,3.273,108.07,130.13,0.942,Normal
2026-01-16 21:50:00,4.304,58.79,2.788,127.18,144.83,1.393,Overload
2026-01-12 08:50:00,6.634,49.43,2.851,127.88,127.82,1.874,Belt Damage
2026-01-06 15:00:00,2.266,53.85,2.798,99.51,140.24,0.823,Normal
2026-01-11 21:15:00,5.349,62.4,2.99,113.21,108.28,3.408,Misalignment
2026-01-10 08:05:00,3.444,53.22,2.87,86.77,115.7,0.56,Normal
2026-01-10 09:35:00,3.328,62.85,2.849,97.31,124.53,0.536,Normal
2026-01-02 00:45:00,3.047,47.08,2.816,100.33,132.19,0.942,Normal
2026-01-09 02:55:00,3.165,52.78,2.667,103.26,116.11,0.787,Normal
2026-01-03 06:25:00,6.223,59.67,1.978,114.47,152.22,1.206,Overload
2026-01-14 02:30:00,3.929,54.83,3.125,114.57,98.0,4.183,Misalignment
2026-01-05 08:35:00,2.711,62.02,2.779,109.57,103.55,1.174,Normal
2026-01-16 16:40:00,4.115,63.54,2.661,108.81,102.53,0.949,Belt Damage
2026-01-01 19:10:00,4.843,67.2,2.476,113.35,126.68,1.888,Overload
2026-01-12 09:00:00,3.242,62.58,2.631,94.05,132.65,1.837,Belt Damage
2026-01-12 05:10:00,2.879,40.78,2.505,96.74,115.5,0.05,Normal
2026-01-03 09:35:00,3.807,51.11,2.667,100.2,109.96,0.829,Normal
2026-01-10 13:30:00,6.341,54.51,2.681,107.7,92.94,1.889,Belt Damage
2026-01-17 21:15:00,1.753,56.16,2.479,98.61,93.07,0.557,Normal
2026-01-04 08:45:00,4.009,61.86,2.326,73.12,100.08,0.704,Normal
2026-01-03 04:45:00,2.622,47.95,2.846,97.99,99.6,0.313,Normal
2026-01-15 05:00:00,2.612,68.73,3.041,78.86,101.25,1.144,Normal
2026-01-15 03:45:00,3.757,53.35,2.479,80.49,128.15,1.45,Normal
2026-01-05 14:05:00,2.974,52.1,2.569,64.09,74.05,0.892,Normal
2026-01-07 08:35:00,4.232,68.73,2.978,92.96,104.82,3.222,Misalignment
2026-01-08 13:30:00,3.887,64.46,2.826,147.67,138.8,1.946,Overload
2026-01-05 22:05:00,2.967,56.78,2.566,87.28,80.22,0.564,Normal
2026-01-07 04:30:00,2.521,58.71,2.839,84.74,91.17,0.663,Normal
2026-01-17 08:55:00,4.322,63.5,2.923,97.57,108.25,1.648,Normal
2026-01-17 07:45:00,3.09,45.61,2.855,98.33,130.01,1.265,Normal
2026-01-15 07:10:00,2.991,58.2,2.835,93.65,127.65,0.821,Normal
2026-01-06 17:40:00,3.47,55.36,2.845,91.3,121.18,1.247,Normal
2026-01-06 03:35:00,3.369,57.89,2.606,121.84,83.8,0.363,Normal
2026-01-08 21:35:00,3.729,55.76,2.623,99.12,102.81,4.273,Misalignment
2026-01-04 01:05:00,3.976,66.74,2.406,83.91,104.8,3.521,Misalignment
2026-01-13 05:45:00,2.567,57.11,2.574,89.85,86.51,0.692,Normal
2026-01-08 00:00:00,2.606,57.13,3.028,86.0,111.95,1.358,Normal
2026-01-02 11:30:00,2.307,60.82,3.163,114.07,80.08,0.85,Normal
2026-01-03 04:10:00,3.964,69.43,2.638,93.79,79.04,0.587,Normal
2026-01-06 12:25:00,3.571,59.49,3.097,109.34,126.61,1.785,Overload
2026-01-08 17:15:00,2.399,55.56,2.104,79.37,100.42,0.531,Normal
2026-01-08 16:45:00,2.033,68.74,2.628,94.58,106.45,1.348,Normal
2026-01-16 13:35:00,3.717,64.58,2.49,102.34,98.37,3.44,Misalignment
2026-01-06 03:45:00,2.848,50.76,2.796,91.68,95.59,0.963,Normal
2026-01-07 00:55:00,2.932,56.67,2.936,98.93,100.9,0.829,Normal
2026-01-09 14:40:00,4.096,54.01,2.423,105.73,112.1,0.598,Normal
2026-01-09 23:20:00,4.001,63.0,2.369,111.5,103.15,3.539,Misalignment
2026-01-11 01:05:00,4.66,58.23,2.753,83.96,94.86,2.74,Misalignment
2026-01-01 12:25:00,3.873,51.54,2.732,87.31,102.38,0.327,Normal
2026-01-03 08:20:00,3.238,63.52,3.125,94.27,99.48,0.825,Normal
2026-01-05 09:05:00,4.036,64.32,2.549,114.36,143.58,1.028,Overload
2026-01-18 01:45:00,1.796,56.16,2.72,97.26,111.98,0.986,Normal
2026-01-01 01:00:00,4.354,63.98,2.377,92.73,157.55,0.949,Belt Damage
2026-01-07 08:45:00,3.057,64.07,2.427,99.69,174.22,1.608,Overload
2026-01-12 06:40:00,6.552,67.33,2.817,79.47,116.04,1.177,Belt Damage
2026-01-06 04:15:00,2.852,55.26,2.828,73.43,99.86,0.745,Normal
2026-01-10 11:15:00,3.523,43.2,2.753,87.61,139.73,0.712,Normal
2026-01-13 19:10:00,3.224,70.35,2.595,111.83,139.74,2.831,Joint Failure
2026-01-05 22:40:00,7.11,57.49,3.034,121.35,136.85,0.788,Joint Failure
2026-01-16 23:45:00,6.204,66.31,2.803,54.57,90.5,1.234,Belt Damage
2026-01-16 22:55:00,5.864,59.76,2.766,105.63,95.85,2.917,Misalignment
2026-01-03 12:55:00,5.77,51.65,2.376,74.26,113.49,1.044,Belt Damage
2026-01-05 06:35:00,2.136,56.87,2.82,105.87,97.61,0.968,Normal
2026-01-06 16:10:00,7.726,63.8,2.397,129.26,106.63,0.643,Joint Failure
2026-01-14 16:00:00,2.654,61.28,2.387,83.21,123.73,0.488,Normal
2026-01-05 04:50:00,3.563,52.73,2.478,113.17,117.2,0.285,Normal
2026-01-12 08:20:00,6.797,53.04,2.476,105.77,108.71,4.485,Misalignment
2026-01-07 17:10:00,3.885,64.85,2.667,89.88,106.89,4.805,Misalignment
2026-01-02 22:05:00,4.51,49.42,2.177,96.66,124.17,3.979,Misalignment
2026-01-02 16:55:00,3.566,55.19,2.859,98.88,107.04,2.716,Misalignment
2026-01-11 06:50:00,2.814,53.78,2.67,93.23,116.5,1.261,Normal
2026-01-09 02:05:00,3.544,51.44,2.851,90.82,122.93,0.324,Normal
2026-01-08 14:55:00,2.627,47.02,2.755,79.99,107.36,0.79,Normal
2026-01-11 15:20:00,6.329,64.39,2.842,87.51,119.21,1.119,Misalignment
2026-01-03 06:45:00,3.921,52.4,2.912,100.94,87.22,0.493,Normal
2026-01-09 05:50:00,6.041,69.02,2.797,106.1,128.62,2.076,Misalignment
2026-01-08 17:25:00,2.911,61.88,2.615,109.7,91.86,0.771,Normal
2026-01-15 19:20:00,2.862,80.98,2.562,105.57,111.16,3.401,Misalignment
2026-01-05 01:30:00,3.614,52.25,2.591,79.28,116.65,4.801,Misalignment
2026-01-01 11:00:00,2.549,68.76,3.366,78.72,96.62,0.403,Normal
2026-01-02 15:15:00,4.355,51.15,2.448,119.26,89.87,1.636,Joint Failure
2026-01-12 04:45:00,7.182,57.99,2.406,118.72,115.23,0.428,Belt Damage
2026-01-05 21:05:00,1.437,65.26,3.031,85.24,106.12,1.713,Normal
2026-01-10 23:40:00,3.054,56.14,2.32,94.14,95.95,0.787,Normal
2026-01-16 15:20:00,3.378,59.26,3.028,86.1,105.25,1.117,Normal
2026-01-17 07:00:00,1.939,38.19,2.5,99.08,115.64,0.774,Normal
2026-01-10 19:30:00,3.816,65.42,2.293,112.02,129.52,1.646,Overload
2026-01-01 23:55:00,2.821,54.15,2.953,86.37,86.3,1.088,Normal
2026-01-07 11:45:00,3.497,59.16,3.134,97.53,131.82,1.002,Overload
2026-01-11 19:30:00,2.559,44.13,2.997,86.61,88.13,0.942,Normal
2026-01-13 14:05:00,2.108,52.69,2.685,128.18,116.09,0.38,Normal
2026-01-09 00:40:00,2.853,53.63,2.563,77.7,98.09,0.375,Normal
2026-01-18 02:15:00,6.846,75.27,2.702,102.41,119.81,1.283,Belt Damage
2026-01-06 14:50:00,2.444,60.57,1.954,122.1,102.81,3.482,Misalignment
2026-01-04 10:50:00,2.946,56.89,2.852,76.46,123.55,0.917,Normal
2026-01-07 06:15:00,3.289,54.56,3.034,79.94,111.56,0.908,Normal
2026-01-10 04:10:00,5.281,61.78,2.301,130.33,156.9,0.97,Overload
2026-01-17 16:10:00,7.026,58.34,3.262,84.89,117.77,1.77,Belt Damage
2026-01-13 06:35:00,3.173,52.3,2.75,75.92,91.64,0.344,Normal
2026-01-17 18:35:00,4.66,66.21,2.245,125.33,151.69,0.629,Overload
2026-01-14 13:55:00,3.254,50.96,2.599,96.43,99.08,0.351,Normal
2026-01-08 07:35:00,5.666,75.87,2.191,77.34,142.18,1.205,Belt Damage
2026-01-11 13:40:00,2.872,62.83,2.91,130.61,126.45,1.171,Overload
2026-01-02 10:40:00,3.548,52.79,2.638,87.49,89.5,1.097,Normal
2026-01-04 09:25:00,4.25,57.16,2.547,77.42,109.39,0.667,Normal
2026-01-09 09:25:00,1.891,57.13,3.052,82.58,116.53,1.134,Normal
2026-01-02 18:05:00,3.039,50.94,2.582,82.75,102.31,0.561,Normal
2026-01-15 10:00:00,3.911,78.53,2.439,72.74,165.11,1.539,Overload
2026-01-15 18:35:00,4.931,63.48,2.769,85.68,134.39,3.981,Misalignment
2026-01-14 16:25:00,5.472,64.08,2.643,86.86,101.59,0.611,Belt Damage
2026-01-02 10:30:00,4.23,62.28,2.693,105.12,106.31,3.209,Misalignment
2026-01-15 09:40:00,3.772,55.75,2.693,101.52,166.19,1.991,Overload
2026-01-05 02:35:00,5.43,60.53,2.346,134.95,117.46,1.61,Joint Failure
2026-01-02 16:25:00,6.305,65.66,2.56,86.95,125.93,2.23,Belt Damage
2026-01-04 02:25:00,3.141,62.76,2.77,110.24,101.18,0.152,Normal
2026-01-03 19:05:00,3.464,54.5,1.983,155.38,132.23,1.493,Overload
2026-01-02 22:15:00,3.97,60.96,3.379,90.33,123.21,0.501,Normal
2026-01-14 06:45:00,1.792,56.79,2.816,92.97,109.06,0.841,Normal
2026-01-05 03:45:00,4.933,58.11,2.851,110.16,110.94,2.677,Joint Failure
2026-01-15 18:25:00,3.407,42.8,2.709,78.74,79.65,0.968,Normal
2026-01-15 02:10:00,3.676,52.57,2.656,103.77,153.61,0.958,Belt Damage
2026-01-05 11:45:00,5.878,56.74,2.479,102.88,116.94,3.163,Misalignment
2026-01-08 17:05:00,2.011,72.37,2.991,85.85,93.05,0.914,Normal
2026-01-13 04:00:00,5.219,50.52,2.518,68.82,112.27,1.407,Belt Damage
2026-01-13 16:30:00,1.714,54.57,2.649,101.01,124.58,1.022,Normal
2026-01-17 12:30:00,4.081,49.6,2.401,115.72,90.46,1.134,Normal
2026-01-11 10:30:00,4.245,58.54,2.601,82.39,108.57,1.74,Belt Damage
2026-01-08 06:25:00,3.116,48.44,3.081,107.53,141.74,1.445,Normal
2026-01-08 14:15:00,2.594,65.32,3.017,94.07,119.27,0.551,Overload
2026-01-11 13:00:00,4.2,57.66,2.686,91.47,102.77,1.071,Normal
2026-01-14 14:30:00,4.953,68.45,2.663,105.12,92.78,3.57,Misalignment
2026-01-05 10:00:00,5.583,46.85,2.497,142.3,165.62,0.871,Overload
2026-01-02 00:10:00,2.331,54.36,2.487,83.31,105.96,0.773,Normal
2026-01-17 18:15:00,3.597,55.72,2.867,81.0,101.9,0.419,Normal
2026-01-01 21:00:00,2.131,47.03,2.049,72.24,108.08,0.611,Belt Damage
2026-01-12 06:25:00,4.349,50.72,2.625,70.25,101.18,1.195,Normal
2026-01-02 05:10:00,1.747,43.29,2.587,92.3,111.65,1.29,Normal
2026-01-05 02:55:00,3.398,48.68,2.41,110.4,122.36,0.702,Normal
2026-01-07 19:25:00,4.001,59.94,2.968,82.45,74.78,1.041,Normal
2026-01-02 11:10:00,2.77,63.94,2.483,95.24,122.96,1.046,Normal
2026-01-01 07:30:00,1.735,56.28,3.072,83.31,105.69,1.002,Normal
2026-01-13 22:45:00,2.421,54.72,2.793,71.09,121.14,3.688,Misalignment
2026-01-08 18:20:00,4.798,63.66,2.944,78.51,128.31,1.48,Belt Damage
2026-01-03 07:50:00,3.742,49.7,3.05,92.6,113.06,0.536,Normal
2026-01-11 13:20:00,2.957,38.21,2.168,90.53,103.95,0.516,Normal
2026-01-01 02:10:00,4.506,58.71,2.554,84.38,93.21,0.614,Normal
2026-01-02 11:45:00,2.572,54.55,2.608,96.96,109.19,0.427,Normal
2026-01-03 08:55:00,5.181,52.65,3.035,98.42,124.91,3.505,Misalignment
2026-01-16 11:55:00,1.2,55.59,2.056,83.92,90.71,0.734,Normal
2026-01-14 16:45:00,1.563,54.04,2.966,83.76,90.59,0.578,Normal
2026-01-13 05:35:00,2.417,53.31,2.505,98.84,99.58,0.975,Normal
2026-01-06 08:25:00,3.243,60.43,2.679,109.14,102.16,1.013,Normal
2026-01-08 01:15:00,2.455,68.36,3.346,110.81,116.3,3.831,Misalignment
2026-01-08 18:00:00,5.691,61.71,2.91,72.64,133.8,2.093,Belt Damage
2026-01-15 07:20:00,1.909,58.44,2.646,74.14,112.91,1.248,Normal
2026-01-12 05:35:00,2.334,49.2,2.19,102.64,92.49,0.138,Normal
2026-01-01 21:10:00,3.666,64.93,2.834,104.22,105.81,0.849,Normal
2026-01-04 13:45:00,6.661,71.63,2.796,90.99,107.9,0.865,Belt Damage
2026-01-16 06:00:00,4.986,60.36,2.616,111.27,109.65,3.042,Misalignment
2026-01-14 04:40:00,2.402,62.69,2.564,104.53,101.83,0.864,Normal
2026-01-15 23:10:00,1.299,47.09,2.617,108.2,118.38,1.028,Normal
2026-01-09 17:05:00,4.719,53.21,3.174,102.21,122.55,1.469,Belt Damage
2026-01-08 23:00:00,2.692,53.58,2.498,96.55,123.67,0.293,Normal
2026-01-05 14:15:00,2.373,57.73,3.259,98.92,113.54,0.609,Normal
2026-01-06 09:10:00,5.744,49.37,2.694,100.06,116.51,2.989,Joint Failure
2026-01-17 03:15:00,2.865,56.55,2.833,86.04,106.26,0.8,Normal
2026-01-02 02:15:00,4.957,63.58,2.71,120.25,174.12,1.448,Overload
2026-01-05 07:30:00,4.953,59.04,2.012,128.63,132.83,1.115,Overload
2026-01-09 12:10:00,2.014,59.78,3.18,69.95,120.7,0.345,Normal
2026-01-06 11:30:00,4.604,55.0,2.57,95.27,97.09,2.323,Misalignment
2026-01-17 01:25:00,5.885,53.26,2.493,96.69,86.1,3.034,Misalignment
2026-01-11 19:40:00,5.134,58.92,2.461,136.04,163.5,0.757,Overload
2026-01-01 05:45:00,6.005,49.84,2.824,109.43,124.94,1.137,Joint Failure
2026-01-03 23:35:00,2.956,58.52,2.986,103.32,93.36,0.423,Normal
2026-01-10 13:25:00,2.206,47.99,3.064,71.54,122.45,0.752,Normal
2026-01-06 16:00:00,2.497,50.45,2.659,81.34,96.52,4.026,Misalignment
2026-01-06 17:30:00,2.447,54.5,2.634,88.54,120.08,0.966,Normal
2026-01-14 09:40:00,2.865,52.24,2.655,63.3,101.97,3.11,Belt Damage
2026-01-11 18:50:00,3.701,64.07,2.795,133.4,138.14,1.331,Overload
2026-01-04 17:30:00,3.917,44.36,2.528,85.31,112.64,1.77,Joint Failure
2026-01-14 21:25:00,3.641,71.78,2.975,119.71,147.14,0.881,Overload
2026-01-03 17:35:00,2.989,57.58,2.904,100.39,120.27,0.77,Normal
2026-01-10 01:05:00,2.619,45.85,2.564,106.51,135.12,0.702,Normal
2026-01-13 14:30:00,3.582,61.49,2.767,122.31,138.21,0.927,Overload
2026-01-08 08:45:00,4.979,63.05,2.295,88.12,115.39,0.186,Normal
2026-01-07 12:10:00,4.825,69.69,3.032,157.5,132.45,1.802,Overload
2026-01-03 19:35:00,4.529,61.2,2.177,88.51,113.38,2.043,Belt Damage
2026-01-02 08:15:00,2.668,59.09,2.622,88.96,103.15,0.669,Normal
2026-01-11 00:10:00,3.407,46.34,3.178,109.04,97.48,0.727,Normal
2026-01-05 01:55:00,2.702,58.81,2.678,85.71,113.23,0.496,Normal
2026-01-12 02:25:00,6.961,70.4,3.223,54.92,119.91,0.301,Belt Damage
2026-01-10 02:35:00,4.015,59.87,2.656,75.6,117.7,0.183,Belt Damage
2026-01-05 16:35:00,3.045,54.6,2.512,104.49,131.06,3.135,Misalignment
2026-01-02 10:10:00,2.796,47.86,2.939,80.42,84.44,1.211,Normal
2026-01-15 15:00:00,3.715,43.22,2.523,89.31,103.53,1.208,Normal
2026-01-01 09:05:00,2.971,46.22,2.589,91.58,101.8,0.621,Normal
2026-01-18 08:15:00,6.094,54.01,2.936,65.65,117.0,1.015,Belt Damage
2026-01-12 21:45:00,6.656,58.27,2.957,97.29,125.67,2.447,Misalignment
2026-01-10 18:05:00,3.639,75.53,2.784,116.21,166.21,1.925,Overload
2026-01-10 00:10:00,2.546,67.28,2.665,109.87,114.61,0.876,Normal
2026-01-10 20:20:00,7.55,56.69,2.744,112.57,137.74,2.457,Joint Failure
2026-01-09 05:40:00,2.863,66.98,2.9,144.56,163.56,0.745,Overload
2026-01-05 06:55:00,1.601,58.8,2.927,94.2,88.0,1.747,Normal
2026-01-08 10:50:00,3.208,34.43,2.375,111.65,101.89,0.297,Normal
2026-01-18 06:35:00,2.468,44.08,2.795,108.41,99.0,1.17,Normal
2026-01-03 01:55:00,4.309,50.19,3.14,113.42,94.51,1.67,Normal
2026-01-05 23:30:00,5.01,62.16,3.089,94.67,118.85,0.691,Normal
2026-01-18 08:20:00,3.382,63.59,3.122,90.87,118.41,0.389,Normal
2026-01-02 20:50:00,1.959,58.31,2.585,71.47,109.87,0.117,Normal
2026-01-03 12:05:00,2.44,55.49,2.58,84.12,85.79,0.856,Normal
2026-01-16 07:30:00,3.376,61.66,2.931,111.09,135.95,0.794,Normal
2026-01-07 12:00:00,1.217,52.01,2.864,107.31,90.68,0.837,Normal
2026-01-10 21:05:00,2.111,62.57,3.104,87.48,115.19,1.128,Normal
2026-01-08 03:05:00,5.289,62.88,2.683,110.31,119.14,2.817,Joint Failure
2026-01-11 02:15:00,2.129,52.84,2.984,90.69,119.85,0.675,Normal
2026-01-08 19:50:00,2.41,44.98,2.676,59.3,122.05,0.571,Belt Damage
2026-01-14 14:00:00,2.283,47.0,3.2,104.87,96.1,0.731,Normal
2026-01-01 14:45:00,2.177,64.41,2.582,93.78,114.57,1.038,Normal
2026-01-11 00:50:00,2.045,57.55,2.971,74.97,100.85,0.775,Normal
2026-01-13 18:05:00,1.971,57.25,2.596,102.96,123.33,0.826,Normal
2026-01-01 06:40:00,3.516,57.72,2.363,85.56,149.84,0.446,Belt Damage
2026-01-09 21:25:00,2.786,70.82,2.45,104.04,145.86,0.485,Overload
2026-01-06 23:35:00,1.819,54.39,3.025,111.26,107.57,0.677,Normal
2026-01-06 14:45:00,5.258,72.05,2.733,88.08,105.81,2.845,Misalignment
2026-01-06 17:50:00,3.281,58.36,2.901,108.52,71.11,0.962,Normal
2026-01-09 02:00:00,3.993,70.18,2.69,115.8,130.54,3.788,Misalignment
2026-01-17 00:25:00,3.041,51.57,2.875,87.44,82.66,0.976,Normal
2026-01-01 18:25:00,2.686,69.62,2.92,100.57,124.26,3.324,Misalignment
2026-01-01 07:45:00,4.818,58.0,2.542,106.72,108.84,2.216,Misalignment
2026-01-10 01:25:00,3.798,54.0,2.562,81.53,108.93,0.54,Normal
2026-01-12 17:50:00,3.481,62.32,3.154,98.61,110.11,0.77,Normal
2026-01-16 07:55:00,2.199,49.06,2.581,104.77,89.14,0.719,Normal
2026-01-05 20:25:00,3.647,47.47,2.745,98.8,136.29,1.256,Normal
2026-01-17 06:30:00,3.523,58.3,2.617,86.56,116.8,0.087,Normal
2026-01-05 11:40:00,3.243,47.69,2.906,94.85,103.83,2.829,Misalignment
2026-01-08 12:20:00,4.774,58.77,2.817,109.79,91.96,0.677,Normal
2026-01-11 04:55:00,3.092,53.34,2.653,115.93,91.51,0.465,Normal
2026-01-13 17:40:00,2.972,55.44,2.54,92.96,87.14,0.928,Normal
2026-01-03 19:40:00,2.342,50.42,3.054,83.97,116.18,0.894,Normal
2026-01-05 08:50:00,3.003,58.38,3.04,92.86,102.66,0.05,Normal
2026-01-04 02:05:00,1.967,48.54,2.634,97.01,101.85,0.781,Normal
2026-01-06 00:55:00,3.419,51.84,2.71,94.41,96.87,2.831,Misalignment
2026-01-12 12:20:00,2.387,45.16,2.963,75.31,123.1,0.536,Normal
2026-01-09 21:15:00,2.261,58.84,3.033,109.52,105.26,0.445,Normal
2026-01-13 09:50:00,5.711,58.1,2.574,79.47,128.2,1.852,Belt Damage
2026-01-10 07:20:00,3.118,53.0,3.133,104.64,104.27,0.786,Normal
2026-01-17 03:35:00,3.236,64.16,3.0,128.17,106.75,1.951,Overload
2026-01-17 16:55:00,3.866,62.03,2.667,112.31,105.65,1.528,Belt Damage
2026-01-17 05:55:00,5.477,62.63,2.67,98.59,126.41,2.685,Misalignment
2026-01-11 07:00:00,3.212,64.82,2.912,90.41,138.11,0.527,Belt Damage
2026-01-10 06:40:00,5.061,62.79,2.824,107.81,142.45,0.8,Overload
2026-01-02 22:45:00,3.413,48.38,2.98,105.01,95.24,0.623,Normal
2026-01-10 15:30:00,3.541,54.12,2.591,91.58,81.49,0.409,Normal
2026-01-11 05:40:00,3.856,53.0,2.889,97.91,105.01,0.764,Normal
2026-01-10 18:45:00,3.041,56.29,2.736,96.63,117.16,0.546,Normal
2026-01-10 13:50:00,5.371,68.51,2.951,102.28,165.28,0.707,Overload
2026-01-07 02:20:00,6.212,68.52,2.696,129.64,100.97,1.436,Joint Failure
2026-01-03 12:20:00,4.828,58.98,2.607,114.44,141.18,3.629,Misalignment
2026-01-01 18:15:00,5.125,53.91,2.655,81.28,109.49,1.434,Belt Damage
2026-01-15 08:55:00,7.199,57.09,2.26,124.19,121.52,3.99,Misalignment
2026-01-14 17:45:00,2.614,60.38,2.725,106.22,98.14,0.894,Normal
2026-01-06 12:20:00,4.011,66.01,3.14,94.76,109.71,0.348,Normal
2026-01-12 14:55:00,3.146,51.55,2.475,125.0,125.87,0.842,Normal
2026-01-14 18:50:00,6.459,73.81,2.393,98.74,143.14,2.671,Joint Failure
2026-01-17 08:15:00,2.181,59.4,2.795,88.88,106.59,0.704,Normal
2026-01-01 03:35:00,1.669,75.33,2.41,73.33,105.13,2.359,Belt Damage
2026-01-11 10:05:00,5.01,65.09,2.539,127.5,139.0,1.28,Overload
2026-01-01 17:30:00,2.882,61.0,3.092,86.71,120.63,0.789,Normal
2026-01-03 08:25:00,2.99,50.84,2.954,83.64,125.33,0.577,Normal
2026-01-02 05:30:00,2.263,49.97,2.713,101.1,113.17,0.231,Normal
2026-01-05 23:25:00,5.373,67.03,2.9,96.02,106.48,4.113,Misalignment
2026-01-04 07:05:00,3.909,64.74,2.399,57.62,144.15,2.271,Misalignment
2026-01-10 20:55:00,7.703,58.64,2.333,113.44,124.48,1.365,Joint Failure
2026-01-03 00:05:00,6.057,57.43,2.919,115.35,88.52,1.128,Joint Failure
2026-01-14 15:20:00,4.821,64.67,2.44,108.62,106.65,4.245,Misalignment
2026-01-02 21:20:00,4.347,58.07,2.893,85.05,113.31,2.096,Misalignment
2026-01-02 06:35:00,5.858,62.7,2.646,80.32,97.91,0.911,Belt Damage
2026-01-06 14:20:00,2.848,61.51,3.03,91.16,117.23,0.674,Normal
2026-01-13 07:50:00,3.312,53.0,2.627,145.23,144.34,2.366,Overload
2026-01-13 21:40:00,3.308,56.91,2.658,95.65,130.09,1.765,Normal
2026-01-14 02:55:00,6.602,58.36,3.043,87.59,119.92,1.48,Belt Damage
2026-01-01 11:15:00,1.658,47.79,2.94,110.14,99.44,0.61,Normal
2026-01-16 13:20:00,2.503,50.37,3.145,85.34,87.6,0.315,Normal
2026-01-05 23:45:00,3.187,57.89,2.262,110.4,115.51,1.516,Overload
2026-01-01 03:55:00,2.355,51.55,2.468,77.58,108.68,0.165,Normal
2026-01-05 17:20:00,5.201,77.8,2.701,54.41,86.78,1.988,Belt Damage
2026-01-03 13:10:00,3.496,47.69,2.699,74.56,96.17,0.668,Normal
2026-01-06 07:50:00,2.652,46.92,2.804,100.5,121.06,0.6,Normal
2026-01-07 23:00:00,2.979,52.78,3.09,115.64,113.02,0.464,Normal
2026-01-14 04:15:00,6.02,59.73,2.884,116.88,145.48,2.524,Misalignment
2026-01-09 17:55:00,2.701,64.06,3.043,119.61,151.67,1.631,Overload
2026-01-07 20:20:00,2.908,49.85,2.85,98.51,97.67,1.714,Normal
2026-01-04 11:00:00,5.658,55.25,2.581,79.5,125.63,1.687,Belt Damage
2026-01-01 05:05:00,3.495,42.15,3.002,89.5,132.23,0.423,Normal
2026-01-04 20:20:00,3.816,45.81,2.506,105.75,178.91,0.647,Overload
2026-01-09 08:25:00,5.674,70.92,2.847,95.08,106.61,2.551,Misalignment
2026-01-01 07:55:00,3.0,65.32,2.704,100.08,110.12,0.408,Normal
2026-01-02 15:50:00,8.285,63.79,2.666,87.56,153.72,1.32,Joint Failure
2026-01-16 03:15:00,2.48,54.63,2.58,76.93,105.68,0.417,Normal
2026-01-15 06:40:00,2.569,48.57,2.914,88.0,116.29,0.906,Normal
2026-01-13 20:55:00,2.354,65.49,2.878,112.99,89.32,1.823,Normal
2026-01-04 19:45:00,6.738,60.49,2.19,89.39,114.42,0.938,Joint Failure
2026-01-10 12:50:00,3.191,56.26,2.636,99.02,124.79,1.253,Misalignment
2026-01-08 12:50:00,4.636,62.37,2.914,121.82,126.67,2.987,Misalignment
2026-01-02 02:50:00,4.131,52.04,2.759,86.92,130.06,3.339,Misalignment
2026-01-15 18:30:00,3.695,65.55,3.012,109.06,95.65,0.453,Normal
2026-01-11 21:50:00,4.188,49.04,2.597,93.77,108.96,3.265,Misalignment
2026-01-13 06:45:00,2.742,42.59,2.646,72.73,100.93,0.596,Normal
2026-01-18 02:25:00,2.607,58.33,2.479,85.49,111.04,0.749,Normal
2026-01-11 03:40:00,3.913,55.03,3.412,110.88,106.89,0.249,Normal
2026-01-04 23:45:00,5.848,46.49,2.558,77.62,114.5,2.317,Belt Damage
2026-01-13 13:25:00,4.6,61.17,1.851,76.95,142.72,1.417,Belt Damage
2026-01-02 00:15:00,3.393,54.15,2.876,107.49,97.16,0.353,Normal
2026-01-14 00:25:00,4.647,60.42,2.758,85.68,112.38,1.303,Belt Damage
2026-01-13 10:50:00,1.972,60.72,2.891,105.49,121.87,0.851,Normal
2026-01-02 20:25:00,5.48,56.87,2.753,96.43,121.79,1.972,Misalignment
2026-01-13 12:35:00,4.364,63.66,2.54,100.78,88.48,0.777,Normal
2026-01-10 04:40:00,3.074,60.21,2.449,101.02,79.02,0.681,Normal
2026-01-17 16:50:00,3.385,51.63,2.647,98.52,98.99,1.425,Normal
2026-01-07 21:15:00,2.325,47.24,2.676,92.6,83.49,1.227,Normal
2026-01-11 04:20:00,2.09,53.04,2.242,84.69,96.4,0.595,Normal
2026-01-06 08:00:00,2.715,68.71,3.202,71.53,91.3,1.261,Normal
2026-01-16 17:50:00,4.503,54.22,3.043,97.76,122.65,3.541,Misalignment
2026-01-15 11:40:00,2.353,73.86,3.004,95.81,102.0,1.428,Normal
2026-01-12 16:00:00,2.902,68.36,2.493,125.59,168.81,0.309,Overload
2026-01-13 17:25:00,2.514,60.53,2.86,78.82,128.59,1.035,Normal
2026-01-14 21:45:00,3.674,48.55,2.692,95.69,127.04,1.11,Normal
2026-01-13 14:10:00,4.06,44.24,2.455,92.85,67.0,0.436,Normal
2026-01-03 00:50:00,3.242,57.73,3.136,84.93,104.99,0.975,Normal
2026-01-12 07:20:00,5.102,56.29,3.113,110.5,145.08,0.918,Overload
2026-01-08 23:30:00,2.855,53.58,3.302,89.02,122.79,1.028,Normal
2026-01-14 20:20:00,3.395,49.64,2.512,88.95,118.59,0.981,Normal
2026-01-03 00:40:00,3.118,51.5,2.987,116.81,114.84,3.579,Misalignment
2026-01-09 09:55:00,4.039,57.94,3.034,89.63,95.69,1.095,Normal
2026-01-05 19:55:00,4.071,54.89,2.443,110.01,123.86,1.45,Normal
2026-01-16 17:05:00,4.171,56.04,2.693,121.3,101.78,0.451,Normal
2026-01-18 02:00:00,5.805,51.69,2.44,132.39,111.97,1.674,Joint Failure
2026-01-17 16:00:00,3.155,50.18,3.048,91.22,105.37,0.13,Normal
2026-01-12 06:00:00,3.617,54.64,2.93,90.72,94.05,0.99,Normal
2026-01-15 20:45:00,4.534,62.1,2.423,120.13,142.67,0.05,Overload
2026-01-12 14:10:00,4.538,68.97,2.616,103.71,107.21,2.741,Misalignment
2026-01-12 04:20:00,3.231,55.69,2.85,107.05,88.57,0.755,Normal
2026-01-08 07:55:00,3.572,54.64,2.68,96.26,92.77,0.771,Normal
2026-01-05 01:50:00,5.413,65.76,2.459,89.36,112.33,4.688,Misalignment
2026-01-17 21:10:00,3.16,59.48,2.676,99.74,118.4,0.405,Normal
2026-01-14 05:35:00,2.439,56.45,2.977,103.88,103.25,1.182,Normal
2026-01-07 11:35:00,2.859,58.73,2.809,120.86,99.29,0.78,Normal
2026-01-10 01:50:00,2.736,56.98,3.17,98.87,94.4,0.84,Normal
2026-01-14 10:10:00,4.201,52.13,2.803,89.96,112.47,1.203,Normal
2026-01-17 23:05:00,4.571,56.38,2.638,97.7,133.74,2.356,Belt Damage
2026-01-14 02:50:00,4.542,46.28,2.369,97.45,118.16,3.807,Misalignment
2026-01-14 08:30:00,5.174,58.24,2.199,104.07,139.35,2.807,Joint Failure
2026-01-09 09:20:00,1.441,49.85,2.868,94.82,92.97,0.96,Normal
2026-01-01 05:50:00,4.402,47.68,2.365,96.16,148.37,1.243,Overload
2026-01-17 22:40:00,3.264,55.09,3.338,81.9,80.96,1.568,Normal
2026-01-04 21:50:00,2.864,55.86,2.708,95.43,93.65,1.6,Normal
2026-01-14 23:20:00,5.652,62.93,2.455,97.15,70.9,3.13,Misalignment
2026-01-12 06:50:00,2.959,56.94,2.907,98.83,89.44,0.501,Normal
2026-01-14 13:05:00,2.885,54.7,3.135,106.58,87.05,0.557,Normal
2026-01-04 19:15:00,2.536,53.08,2.466,97.28,95.56,1.142,Normal
2026-01-16 18:45:00,2.985,54.66,2.869,93.17,117.87,1.245,Belt Damage
2026-01-05 05:00:00,2.387,55.75,2.526,115.22,92.19,0.87,Normal
2026-01-14 14:45:00,2.595,45.23,2.695,101.46,101.61,0.543,Normal
2026-01-05 22:45:00,5.471,62.8,2.254,126.05,111.97,1.624,Joint Failure
2026-01-11 15:30:00,4.344,54.2,2.639,102.77,119.75,0.05,Normal
2026-01-16 16:35:00,1.383,56.45,2.718,90.54,101.13,1.093,Normal
2026-01-08 07:00:00,7.084,56.08,2.478,68.52,148.31,2.378,Belt Damage
2026-01-03 19:15:00,6.09,77.22,2.419,83.7,99.62,1.298,Joint Failure
2026-01-17 11:15:00,6.579,74.37,2.606,152.36,117.97,0.847,Joint Failure
2026-01-14 00:30:00,7.191,56.07,2.934,84.28,116.72,1.684,Belt Damage
2026-01-05 17:30:00,5.432,61.41,2.841,100.23,88.6,3.4,Misalignment
2026-01-09 01:05:00,2.652,47.03,2.799,81.86,80.06,0.87,Normal
2026-01-16 21:45:00,2.476,53.66,2.697,92.4,134.36,0.877,Normal
2026-01-17 11:05:00,3.749,61.72,2.899,88.96,89.83,1.396,Normal
2026-01-04 13:25:00,3.807,54.76,3.475,96.58,114.04,0.41,Normal
2026-01-11 19:05:00,4.431,63.43,2.397,100.66,72.68,4.004,Misalignment
2026-01-08 07:50:00,2.785,58.01,2.413,102.9,97.41,1.218,Normal
2026-01-04 14:45:00,3.25,60.44,3.367,119.28,131.75,0.776,Overload
2026-01-07 12:20:00,3.522,63.06,3.101,120.81,103.44,3.61,Misalignment
2026-01-04 01:25:00,4.072,61.43,2.715,99.6,103.01,2.641,Misalignment
2026-01-15 22:15:00,5.446,57.69,2.568,116.68,135.35,4.55,Misalignment
2026-01-05 03:20:00,1.692,46.99,2.89,97.63,122.29,0.885,Normal
2026-01-16 22:15:00,2.848,59.94,2.475,82.69,100.12,0.114,Normal
2026-01-16 15:50:00,2.298,46.93,2.608,93.28,115.34,0.488,Normal
2026-01-13 17:50:00,2.374,44.19,2.979,88.23,84.96,1.943,Normal
2026-01-03 04:00:00,5.043,51.87,2.529,99.6,119.02,2.527,Misalignment
2026-01-10 17:00:00,5.298,46.93,3.194,102.2,121.72,0.329,Normal
2026-01-15 21:35:00,2.649,66.19,3.069,109.44,89.78,0.682,Normal
2026-01-18 06:00:00,4.778,64.51,2.728,97.07,97.04,2.136,Joint Failure
2026-01-01 19:25:00,3.341,52.21,2.583,87.45,107.05,1.333,Normal
2026-01-16 20:30:00,2.541,47.09,2.732,91.68,125.91,1.527,Normal
2026-01-06 18:30:00,6.057,52.61,2.427,73.8,113.82,1.362,Belt Damage
2026-01-02 10:35:00,3.03,61.69,2.875,92.49,98.34,1.075,Normal
2026-01-15 17:50:00,3.764,62.34,2.677,94.3,98.89,0.753,Normal
2026-01-08 13:05:00,4.365,61.4,3.258,87.19,104.05,1.258,Belt Damage
2026-01-06 01:20:00,2.399,55.94,2.396,117.81,126.7,3.312,Misalignment
2026-01-03 14:10:00,2.038,55.52,3.101,100.45,64.1,0.05,Normal
2026-01-01 01:25:00,3.128,52.84,2.81,83.19,120.16,0.646,Normal
2026-01-05 04:00:00,4.956,62.55,2.109,99.13,172.76,1.345,Overload
2026-01-06 21:35:00,2.817,52.06,2.92,102.47,124.43,0.321,Normal
2026-01-12 07:05:00,3.396,59.46,2.809,92.03,95.24,1.309,Normal
2026-01-03 01:40:00,5.594,56.66,2.38,106.15,73.73,3.248,Misalignment
2026-01-12 04:50:00,3.838,54.6,3.324,95.58,102.1,0.783,Normal
2026-01-16 07:05:00,4.801,52.94,3.091,72.87,116.83,3.797,Misalignment
2026-01-17 09:15:00,7.473,59.14,2.2,119.06,123.03,1.627,Joint Failure
2026-01-06 05:25:00,4.097,46.42,2.303,68.69,138.05,0.484,Normal
2026-01-05 21:40:00,2.387,58.75,2.98,92.41,102.18,0.586,Normal
2026-01-07 19:45:00,0.846,57.3,2.657,94.17,101.66,2.281,Misalignment
2026-01-02 06:55:00,3.4,55.0,2.742,95.37,127.77,0.811,Normal
2026-01-05 15:40:00,3.878,62.87,2.969,99.18,111.75,1.08,Normal
2026-01-03 01:50:00,2.069,56.5,2.882,85.5,116.53,1.056,Normal
2026-01-01 19:50:00,3.439,61.12,2.867,93.97,108.14,4.136,Misalignment
2026-01-12 19:20:00,3.654,49.99,2.627,104.55,88.11,1.043,Normal
2026-01-08 04:15:00,2.087,52.93,2.828,116.52,110.46,1.118,Normal
2026-01-03 19:30:00,5.311,51.93,2.486,109.94,125.96,1.463,Joint Failure
2026-01-04 19:10:00,4.714,53.27,2.811,106.47,81.52,0.459,Normal
2026-01-16 00:20:00,5.534,57.72,2.443,139.41,129.09,1.799,Overload
2026-01-17 12:40:00,2.022,49.05,2.516,94.32,109.65,0.17,Normal
2026-01-13 18:20:00,1.71,56.17,2.955,80.66,126.51,0.76,Normal
2026-01-13 00:40:00,2.427,59.47,2.767,85.97,96.81,1.135,Normal
2026-01-11 18:35:00,2.502,56.32,2.558,112.16,68.47,0.807,Normal
2026-01-10 13:05:00,3.291,70.71,2.708,117.29,93.0,3.687,Misalignment
2026-01-08 23:15:00,2.832,54.17,3.085,100.01,95.52,0.922,Normal
2026-01-15 13:20:00,2.023,54.84,3.088,93.92,95.46,1.1,Normal
2026-01-13 21:00:00,3.729,63.99,2.664,109.11,94.97,0.638,Normal
2026-01-11 11:30:00,3.986,55.92,2.402,94.38,81.1,0.517,Normal
2026-01-15 18:20:00,3.265,48.96,2.897,87.53,121.95,0.361,Normal
2026-01-03 18:55:00,3.567,63.91,2.774,107.42,96.84,2.038,Misalignment
2026-01-15 13:10:00,4.276,58.4,3.358,90.19,148.07,0.913,Overload
2026-01-13 20:45:00,6.785,54.38,2.893,64.18,103.59,1.27,Belt Damage
2026-01-03 14:35:00,7.916,58.26,2.639,89.77,135.55,2.395,Joint Failure
2026-01-17 03:00:00,6.261,60.88,2.992,130.0,162.1,0.834,Overload
2026-01-09 18:55:00,4.228,60.11,2.908,93.79,137.97,1.407,Belt Damage
2026-01-03 03:45:00,3.343,65.69,2.737,101.64,115.4,1.087,Normal
2026-01-08 23:25:00,3.415,56.67,2.828,95.47,107.05,0.25,Normal
2026-01-14 07:00:00,5.356,62.79,3.224,89.94,121.52,1.918,Belt Damage
2026-01-02 23:10:00,3.546,52.46,2.803,89.93,104.19,1.044,Normal
2026-01-04 22:35:00,3.673,46.89,3.06,90.03,105.21,1.248,Normal
2026-01-05 04:20:00,2.923,46.9,2.483,81.31,118.52,1.069,Normal
2026-01-04 15:15:00,4.64,48.78,2.721,88.51,132.84,1.361,Normal
2026-01-01 04:15:00,4.344,50.78,2.131,105.46,135.96,1.671,Overload
2026-01-13 16:15:00,2.863,75.46,2.882,120.72,96.81,1.082,Normal
2026-01-04 15:00:00,3.969,54.3,2.962,62.8,124.92,1.83,Belt Damage
2026-01-08 13:45:00,3.236,57.62,2.53,85.46,127.57,1.245,Normal
2026-01-10 08:00:00,2.05,66.66,2.872,101.09,97.23,0.342,Normal
2026-01-02 20:30:00,2.767,59.3,2.691,121.2,150.92,1.151,Overload
2026-01-12 01:20:00,3.078,54.37,2.877,97.44,134.18,1.197,Normal
2026-01-14 09:25:00,3.454,69.45,2.52,75.63,87.17,1.788,Misalignment
2026-01-02 12:55:00,2.701,57.59,2.864,60.1,110.17,0.6,Normal
2026-01-13 12:20:00,3.132,54.05,2.811,99.56,91.61,1.464,Normal
2026-01-01 16:15:00,3.318,62.7,2.584,100.78,117.7,1.174,Normal
2026-01-04 20:55:00,5.146,45.74,2.408,110.99,98.34,2.911,Misalignment
2026-01-03 15:45:00,4.375,62.02,3.124,103.74,107.49,2.867,Misalignment
2026-01-07 18:05:00,2.46,49.54,2.781,87.06,98.04,1.64,Normal
2026-01-12 06:35:00,1.264,47.48,3.021,81.59,130.32,0.831,Normal
2026-01-11 10:10:00,1.65,69.1,3.069,85.11,99.57,0.794,Normal
2026-01-05 23:20:00,3.354,56.16,2.376,91.52,104.14,1.021,Normal
2026-01-15 14:00:00,4.986,55.37,3.102,58.46,115.31,2.534,Belt Damage
2026-01-11 17:55:00,3.722,38.49,2.637,108.34,136.83,2.854,Misalignment
2026-01-11 03:30:00,4.625,57.39,2.24,85.37,107.24,0.963,Belt Damage
2026-01-03 05:40:00,3.903,58.58,3.093,82.32,104.73,0.833,Normal
2026-01-04 15:25:00,3.649,57.07,3.028,90.74,94.7,1.439,Normal
2026-01-14 00:05:00,3.768,55.94,2.569,92.6,125.54,0.838,Normal
2026-01-15 05:05:00,6.386,76.02,2.256,118.41,114.52,1.624,Joint Failure
2026-01-16 06:55:00,3.342,58.03,2.919,101.01,85.14,0.166,Normal
2026-01-01 10:00:00,3.059,64.7,2.566,123.46,173.25,0.877,Overload
2026-01-08 03:00:00,3.659,45.87,2.727,86.07,94.56,0.489,Normal
2026-01-15 18:50:00,0.5,55.99,3.046,85.68,80.85,1.314,Normal
2026-01-17 23:20:00,2.563,57.69,2.59,96.16,121.31,0.964,Normal
2026-01-16 01:10:00,4.93,53.29,2.663,91.21,100.34,1.329,Normal
2026-01-17 06:55:00,4.018,55.67,2.749,95.43,115.9,1.134,Normal
2026-01-01 11:10:00,5.283,61.44,2.429,119.47,114.25,2.35,Joint Failure
2026-01-09 13:00:00,4.042,53.51,2.547,99.8,153.79,2.161,Joint Failure
2026-01-07 18:50:00,4.001,44.34,3.202,97.97,132.44,2.161,Joint Failure
2026-01-09 13:15:00,5.83,62.99,2.743,105.27,138.49,1.309,Misalignment
2026-01-01 15:20:00,2.562,60.18,2.837,98.9,98.46,0.825,Normal
2026-01-05 20:00:00,2.547,57.07,2.283,102.98,112.26,0.699,Normal
2026-01-08 21:40:00,4.145,70.21,2.444,115.9,138.03,0.65,Overload
2026-01-02 18:35:00,3.272,56.87,3.001,76.82,90.51,0.982,Normal
2026-01-17 10:05:00,4.247,55.9,2.959,79.74,98.56,0.774,Normal
2026-01-15 01:50:00,4.34,63.35,2.406,109.69,127.77,0.987,Overload
2026-01-11 21:25:00,3.898,68.98,2.768,120.35,147.82,1.329,Overload
2026-01-10 06:25:00,3.672,72.95,2.712,114.85,115.64,0.768,Normal
2026-01-17 13:45:00,5.634,46.26,2.357,100.06,156.55,0.902,Belt Damage
2026-01-17 21:05:00,3.961,59.03,2.783,127.41,169.94,1.242,Overload
2026-01-08 08:25:00,4.675,61.55,2.338,75.8,94.19,4.019,Misalignment
2026-01-01 20:55:00,1.348,58.32,3.08,101.54,115.05,0.514,Normal
2026-01-13 05:50:00,4.536,66.98,2.5,101.12,117.71,2.205,Joint Failure
2026-01-13 08:35:00,3.168,48.28,2.88,108.7,126.13,0.966,Normal
2026-01-14 22:15:00,1.837,45.79,2.929,67.64,109.43,0.771,Normal
2026-01-06 05:35:00,2.037,53.91,3.074,99.78,108.02,0.446,Normal
2026-01-01 10:10:00,2.406,58.99,2.787,109.06,113.09,0.251,Normal
2026-01-15 18:55:00,3.578,63.36,2.803,89.98,118.35,0.748,Normal
2026-01-12 13:45:00,2.625,63.01,2.61,98.86,128.36,1.332,Normal
2026-01-07 11:55:00,2.31,56.19,2.699,93.51,102.62,0.852,Normal
2026-01-13 19:40:00,5.705,64.42,2.345,141.36,140.04,0.981,Overload
2026-01-02 23:15:00,2.727,59.63,2.508,87.88,105.78,0.748,Normal
2026-01-05 18:15:00,2.926,59.53,2.519,91.45,93.61,1.183,Normal
2026-01-12 01:25:00,3.713,61.8,2.816,116.66,93.39,0.939,Normal
2026-01-14 17:35:00,3.656,62.68,2.959,71.77,92.85,0.868,Belt Damage
2026-01-04 16:00:00,4.401,69.35,2.36,143.14,137.52,0.078,Overload
2026-01-03 23:20:00,1.211,52.86,2.365,100.53,105.48,1.284,Normal
2026-01-14 07:50:00,7.279,72.9,2.373,146.5,117.02,0.725,Joint Failure
2026-01-10 22:20:00,3.176,58.39,2.795,81.21,113.42,2.135,Belt Damage
2026-01-17 13:25:00,2.685,47.77,2.994,98.59,101.97,1.333,Normal
2026-01-03 16:40:00,3.518,59.04,2.738,117.22,102.63,0.821,Normal
2026-01-03 12:00:00,5.781,61.75,2.525,124.23,108.05,1.29,Joint Failure
2026-01-10 09:50:00,2.738,63.44,2.935,111.43,129.72,1.332,Overload
2026-01-10 05:10:00,3.717,55.17,2.82,103.98,145.23,0.826,Overload
2026-01-17 22:25:00,3.932,63.05,2.729,91.89,153.34,0.693,Overload
2026-01-03 02:10:00,3.248,64.7,3.096,103.68,99.36,0.951,Normal
2026-01-14 06:30:00,5.518,60.85,2.825,94.81,132.16,1.323,Overload
2026-01-05 07:40:00,4.936,51.66,2.684,130.39,123.42,1.623,Overload
2026-01-17 19:45:00,2.814,51.49,3.216,108.21,127.97,1.34,Normal
2026-01-17 19:25:00,3.751,62.47,2.441,117.02,141.64,0.501,Joint Failure
2026-01-02 02:30:00,3.697,41.25,2.625,80.82,91.73,0.635,Normal
2026-01-03 21:00:00,5.032,40.08,2.469,104.73,154.39,1.341,Overload
2026-01-12 07:55:00,3.286,61.21,2.769,91.6,95.0,1.235,Normal
2026-01-01 22:50:00,4.465,63.83,2.808,120.75,113.97,0.54,Normal
2026-01-10 06:00:00,4.152,46.98,2.4,105.34,118.39,3.921,Misalignment
2026-01-02 21:45:00,2.933,53.79,2.498,144.21,128.89,0.781,Overload
2026-01-13 15:25:00,6.269,65.19,2.567,93.46,141.72,1.288,Belt Damage
2026-01-15 01:45:00,5.417,57.66,2.837,83.33,116.71,3.013,Misalignment
2026-01-17 23:40:00,4.445,52.37,2.603,93.15,104.29,3.299,Misalignment
2026-01-11 04:30:00,3.72,54.06,2.506,152.78,132.51,0.857,Overload
2026-01-03 02:25:00,3.011,60.51,2.797,102.35,108.22,1.163,Normal
2026-01-04 02:40:00,3.747,46.59,2.879,98.83,92.32,1.086,Normal
2026-01-02 19:55:00,3.424,55.05,2.755,102.75,106.33,0.4,Normal
2026-01-16 23:55:00,2.745,60.23,2.854,100.96,112.56,1.241,Normal
2026-01-09 03:35:00,2.694,68.27,3.226,101.0,109.5,0.762,Normal
2026-01-12 22:35:00,6.948,76.42,2.027,119.87,141.47,0.296,Joint Failure
2026-01-18 08:30:00,6.078,61.05,2.916,74.93,127.39,1.183,Belt Damage
2026-01-17 18:10:00,5.548,53.54,2.387,109.28,162.53,1.181,Overload
2026-01-14 14:50:00,4.13,56.47,2.281,119.01,180.0,0.184,Overload
2026-01-02 00:50:00,1.77,62.61,2.673,110.42,91.04,3.697,Misalignment
2026-01-08 08:35:00,7.158,60.23,3.227,76.38,108.56,1.85,Belt Damage
2026-01-09 19:20:00,2.826,50.5,2.851,138.92,147.0,1.345,Overload
2026-01-15 14:15:00,6.105,64.64,2.622,120.52,110.27,0.323,Joint Failure
2026-01-12 07:10:00,3.411,50.78,3.09,112.73,76.32,1.059,Normal
2026-01-13 22:25:00,4.097,59.66,3.075,108.61,98.8,1.844,Joint Failure
2026-01-05 09:00:00,2.965,57.64,2.477,91.45,102.17,0.716,Normal
2026-01-06 09:50:00,3.699,69.71,2.582,68.72,109.22,1.755,Belt Damage
2026-01-12 08:25:00,4.854,62.87,2.89,93.31,102.73,4.052,Misalignment
2026-01-15 01:10:00,3.227,51.67,2.621,84.15,85.85,0.128,Normal
2026-01-03 15:00:00,4.142,69.28,3.113,89.73,130.8,2.845,Misalignment
2026-01-04 12:10:00,3.552,48.55,2.975,90.1,119.46,1.194,Normal
2026-01-10 16:50:00,3.732,53.28,2.723,118.23,93.12,1.016,Normal
2026-01-11 02:05:00,3.091,44.41,2.868,92.94,113.16,0.697,Normal
2026-01-07 11:50:00,6.073,60.24,2.646,69.48,134.01,1.941,Belt Damage
2026-01-08 17:45:00,3.063,57.15,2.927,111.84,123.46,0.77,Normal
2026-01-05 01:45:00,3.126,54.46,2.643,89.81,91.42,0.938,Normal
2026-01-07 08:40:00,5.463,66.59,2.899,82.15,99.96,4.127,Misalignment
2026-01-02 07:20:00,4.064,47.76,3.263,92.69,140.23,1.814,Belt Damage
2026-01-14 09:05:00,4.279,60.67,2.205,129.59,134.24,1.061,Joint Failure
2026-01-13 13:20:00,4.494,49.25,2.709,99.99,122.48,4.106,Misalignment
2026-01-03 18:30:00,5.449,57.38,2.544,113.3,132.19,1.285,Overload
2026-01-02 07:30:00,6.034,59.88,2.649,115.89,102.85,1.18,Belt Damage
2026-01-05 00:30:00,6.049,75.53,2.818,68.91,114.37,1.106,Belt Damage
2026-01-14 06:15:00,3.542,64.57,2.802,82.84,117.17,1.231,Normal
2026-01-10 16:40:00,4.264,51.42,2.833,112.95,111.85,2.711,Misalignment
2026-01-08 18:40:00,3.863,68.04,2.972,114.8,147.05,1.779,Overload
2026-01-15 00:15:00,4.1,56.23,2.13,121.29,105.12,1.096,Joint Failure
2026-01-10 05:50:00,2.958,51.21,3.309,100.25,110.95,0.558,Normal
2026-01-14 22:20:00,5.205,65.7,2.702,109.7,148.62,0.912,Overload
2026-01-11 06:25:00,3.602,68.22,2.978,95.31,126.36,1.853,Belt Damage
2026-01-14 15:15:00,5.274,54.71,2.867,94.4,120.19,3.487,Misalignment
2026-01-04 14:30:00,2.038,51.54,2.501,105.92,112.7,0.221,Normal
2026-01-12 07:35:00,6.935,67.4,2.55,69.29,99.74,1.488,Belt Damage
2026-01-05 16:00:00,1.456,62.94,2.864,123.8,133.37,1.26,Overload
2026-01-09 16:45:00,2.744,61.26,2.779,93.76,95.56,0.674,Normal
2026-01-06 23:25:00,1.941,43.26,2.829,84.5,101.48,0.987,Normal
2026-01-17 04:35:00,6.145,63.02,2.596,98.94,125.03,1.991,Belt Damage
2026-01-01 14:35:00,1.708,60.77,3.2,96.76,102.67,0.382,Normal
2026-01-17 23:45:00,2.941,66.21,2.779,104.01,87.6,0.21,Normal
2026-01-07 15:05:00,2.444,58.76,2.43,89.48,86.6,0.828,Normal
2026-01-01 03:45:00,3.066,57.45,3.071,111.42,94.74,2.519,Misalignment
2026-01-12 20:05:00,2.968,52.02,2.901,95.63,75.56,0.955,Normal
2026-01-17 05:30:00,1.844,57.35,3.053,104.95,75.13,1.437,Normal
2026-01-04 17:35:00,4.418,57.6,2.75,75.66,83.29,1.04,Normal
2026-01-10 19:45:00,3.129,60.64,2.361,94.22,116.19,1.019,Normal
2026-01-06 05:20:00,1.883,59.86,2.727,77.45,104.96,0.589,Normal
2026-01-09 00:25:00,2.799,54.64,2.229,88.71,100.48,0.621,Normal
2026-01-05 23:40:00,3.766,55.45,2.967,116.72,120.84,0.7,Normal
2026-01-09 09:30:00,3.663,64.25,2.56,72.67,100.22,0.341,Normal
2026-01-14 20:10:00,3.271,44.84,3.324,88.88,87.9,0.231,Normal
2026-01-11 18:10:00,3.567,57.25,2.732,92.35,96.95,1.214,Normal
2026-01-16 22:20:00,3.015,67.71,2.704,88.29,131.6,4.541,Misalignment
2026-01-01 23:35:00,3.488,56.79,3.225,99.57,113.63,1.072,Normal
2026-01-18 01:50:00,4.177,70.95,2.73,117.94,150.26,1.121,Overload
2026-01-03 22:10:00,5.147,44.6,2.936,90.61,107.47,0.901,Normal
2026-01-06 06:05:00,3.84,50.45,3.21,111.26,107.04,0.422,Normal
2026-01-05 01:20:00,2.407,48.89,3.255,73.33,116.46,0.469,Normal
2026-01-06 12:40:00,2.992,44.24,2.712,86.24,110.14,0.629,Normal
2026-01-13 00:20:00,2.931,53.67,3.142,105.57,102.12,0.837,Normal
2026-01-11 23:45:00,2.629,67.75,2.741,74.21,92.07,1.02,Normal
2026-01-08 22:20:00,1.941,74.06,3.255,81.71,117.38,1.265,Normal
2026-01-13 09:55:00,2.688,69.07,2.974,94.15,91.27,0.05,Normal
2026-01-17 21:50:00,3.128,57.36,2.602,101.94,124.09,0.678,Normal
2026-01-09 00:05:00,3.519,54.52,2.592,97.76,102.36,0.735,Normal
2026-01-04 07:20:00,1.937,52.63,2.612,106.6,117.37,0.709,Normal
2026-01-18 03:50:00,6.18,68.5,2.219,82.81,117.36,2.101,Belt Damage
2026-01-11 14:25:00,2.691,46.27,2.835,107.35,114.64,1.394,Normal
2026-01-16 19:55:00,6.845,62.46,2.11,98.41,132.82,2.644,Joint Failure
2026-01-10 07:45:00,4.01,50.18,2.679,82.3,91.44,1.099,Normal
2026-01-06 04:05:00,2.337,61.13,2.947,96.02,106.25,0.576,Normal
2026-01-04 05:15:00,2.724,53.44,2.934,89.05,102.03,0.694,Normal
2026-01-05 04:45:00,6.312,58.01,2.174,85.61,101.4,1.337,Joint Failure
2026-01-14 19:05:00,4.302,64.56,2.457,133.37,129.25,0.185,Overload
2026-01-13 07:25:00,3.067,62.99,3.036,96.01,87.66,1.003,Normal
2026-01-16 03:25:00,4.351,71.52,2.632,100.92,122.76,3.393,Misalignment
2026-01-07 16:05:00,1.683,52.85,2.298,86.56,97.53,1.224,Normal
2026-01-02 05:15:00,4.373,67.01,2.431,78.26,110.48,2.017,Belt Damage
2026-01-18 00:10:00,2.494,65.77,2.718,88.64,100.99,1.31,Normal
2026-01-12 18:45:00,3.066,44.95,2.82,81.35,94.14,0.823,Normal
2026-01-10 10:45:00,1.316,54.21,2.779,121.55,117.89,1.152,Overload
2026-01-18 07:05:00,2.969,67.11,2.416,87.84,98.94,0.517,Normal
2026-01-03 11:50:00,4.168,54.94,2.955,113.8,100.18,0.907,Normal
2026-01-10 09:10:00,2.072,57.53,3.203,109.05,110.27,0.547,Normal
2026-01-10 10:50:00,2.35,70.03,2.459,94.3,117.68,1.009,Overload
2026-01-16 20:05:00,2.744,58.45,3.264,90.23,103.01,1.276,Normal
2026-01-02 01:40:00,5.225,60.89,3.088,133.88,123.17,1.02,Overload
2026-01-06 19:35:00,2.534,51.98,3.023,94.33,106.19,1.579,Normal
2026-01-03 21:25:00,3.416,65.2,2.699,93.24,89.56,1.012,Normal
2026-01-02 06:30:00,5.019,60.11,2.469,108.71,109.42,1.768,Joint Failure
2026-01-16 15:30:00,5.458,64.56,2.526,136.36,133.11,0.808,Overload
2026-01-08 05:10:00,5.63,63.37,2.497,115.66,141.88,0.475,Joint Failure
2026-01-15 00:30:00,5.379,47.31,3.041,85.64,86.32,2.91,Misalignment
2026-01-17 19:50:00,4.802,64.53,2.522,113.11,121.48,2.332,Joint Failure
2026-01-16 13:15:00,5.075,66.43,2.641,107.75,113.62,3.648,Misalignment
2026-01-07 01:30:00,2.139,63.96,2.882,102.72,108.5,0.476,Normal
2026-01-01 01:35:00,4.616,55.08,2.89,80.13,106.46,1.477,Normal
2026-01-05 14:10:00,5.49,61.08,2.887,67.42,124.16,2.393,Belt Damage
2026-01-13 09:15:00,5.857,61.25,2.912,111.67,110.28,2.568,Misalignment
2026-01-09 18:05:00,3.276,43.51,3.039,73.92,99.77,1.52,Normal
2026-01-01 18:10:00,5.089,56.99,2.906,81.99,118.07,4.067,Misalignment
2026-01-06 03:55:00,2.443,56.87,2.835,122.47,131.55,1.459,Overload
2026-01-02 12:30:00,5.249,58.16,2.557,134.54,150.45,0.837,Overload
2026-01-15 11:50:00,2.826,73.65,2.011,85.91,102.85,1.057,Belt Damage
2026-01-10 13:10:00,2.781,65.17,2.815,124.64,117.41,0.649,Normal
2026-01-12 10:00:00,5.016,53.97,3.056,66.38,133.22,1.971,Belt Damage
2026-01-12 22:05:00,4.544,55.78,2.879,103.4,100.87,0.505,Normal
2026-01-09 18:25:00,2.262,53.79,2.417,90.95,89.71,0.863,Normal
2026-01-17 03:30:00,4.633,44.97,2.765,89.68,92.94,1.173,Normal
2026-01-13 19:20:00,3.997,69.53,2.548,99.5,120.09,0.961,Normal
2026-01-10 14:15:00,2.031,59.73,2.863,86.86,94.03,0.844,Normal
2026-01-03 18:50:00,5.804,62.82,2.767,90.78,105.65,3.959,Misalignment
2026-01-11 09:45:00,1.914,66.02,2.719,89.09,113.26,1.314,Normal
2026-01-08 17:40:00,2.134,60.18,2.526,98.96,105.62,1.211,Normal
2026-01-17 14:45:00,3.706,57.87,2.414,96.44,122.56,1.286,Normal
2026-01-08 05:05:00,3.643,63.73,3.049,107.05,111.59,0.423,Normal
2026-01-03 00:30:00,3.851,48.36,3.106,99.78,85.85,0.05,Normal
2026-01-01 16:55:00,1.474,51.95,2.089,82.45,133.22,1.787,Belt Damage
2026-01-16 02:10:00,4.4,62.38,2.507,129.69,124.02,0.998,Overload
2026-01-13 01:50:00,2.565,47.71,2.88,92.22,86.85,1.054,Normal
2026-01-11 04:05:00,3.55,53.91,2.631,90.91,110.31,0.909,Normal
2026-01-11 17:05:00,4.503,75.91,2.6,127.6,121.0,4.04,Misalignment
2026-01-04 12:50:00,4.152,47.86,2.602,91.84,128.63,1.537,Belt Damage
2026-01-06 11:55:00,2.643,54.94,3.074,79.98,110.14,0.06,Normal
2026-01-04 14:00:00,1.955,65.92,3.064,82.82,100.52,0.143,Normal
2026-01-06 23:10:00,6.01,66.82,2.639,125.11,132.94,1.229,Joint Failure
2026-01-05 10:45:00,2.843,64.28,2.156,119.07,175.5,0.829,Overload
2026-01-09 16:10:00,3.788,58.94,1.521,115.24,131.78,0.939,Joint Failure
2026-01-12 15:10:00,2.469,62.56,2.913,76.86,119.83,0.59,Normal
2026-01-02 19:05:00,5.833,47.71,2.572,109.95,108.37,1.237,Belt Damage
2026-01-07 01:35:00,2.994,52.1,2.672,107.28,105.73,0.258,Normal
2026-01-17 03:40:00,2.846,54.84,2.808,95.37,93.37,0.743,Normal
2026-01-13 23:00:00,2.256,43.29,3.222,86.45,97.23,0.64,Normal
2026-01-03 07:40:00,3.321,57.34,3.352,93.48,86.22,1.51,Normal
2026-01-15 02:15:00,7.645,65.91,2.115,126.09,124.04,2.763,Joint Failure
2026-01-11 12:10:00,6.079,59.38,2.362,136.93,122.8,0.395,Joint Failure
2026-01-18 03:00:00,4.681,67.19,2.957,73.88,127.66,2.984,Joint Failure
2026-01-12 09:50:00,3.035,61.31,2.758,103.29,79.43,0.474,Normal
2026-01-10 04:50:00,4.185,71.77,3.038,85.48,80.04,0.173,Normal
2026-01-16 11:05:00,4.899,63.22,2.871,120.06,128.21,1.329,Overload
2026-01-12 02:00:00,6.581,63.57,2.818,132.43,96.07,1.624,Joint Failure
2026-01-08 09:00:00,5.312,52.98,2.753,119.16,133.04,1.822,Joint Failure
2026-01-12 17:15:00,4.745,71.25,2.73,122.54,115.0,1.453,Overload
2026-01-12 18:40:00,5.541,43.11,2.41,86.82,122.93,2.231,Belt Damage
2026-01-13 02:25:00,2.507,62.24,2.857,103.62,116.38,2.323,Misalignment
2026-01-03 15:15:00,2.942,64.5,2.684,102.89,138.2,0.763,Overload
2026-01-12 17:35:00,3.672,68.79,2.777,152.75,164.83,1.204,Overload
2026-01-16 10:00:00,3.732,56.11,2.947,93.14,141.1,1.638,Belt Damage
2026-01-09 18:30:00,3.404,53.33,2.733,98.43,100.74,0.717,Normal
2026-01-17 20:50:00,4.135,61.3,2.555,99.42,101.88,1.072,Belt Damage
2026-01-04 03:35:00,3.387,59.95,2.812,94.84,105.13,1.365,Normal
2026-01-10 07:35:00,1.635,43.14,2.441,93.37,114.59,1.028,Normal
2026-01-01 17:50:00,5.128,62.2,2.911,110.02,142.9,0.558,Overload
2026-01-12 13:35:00,4.457,45.56,2.701,111.83,150.38,1.141,Overload
2026-01-16 11:30:00,3.172,47.62,2.417,99.02,107.14,0.587,Normal
2026-01-03 09:45:00,1.063,46.48,2.787,117.6,85.18,0.462,Normal
2026-01-06 05:15:00,2.987,57.2,2.918,98.36,118.17,0.761,Normal
2026-01-09 09:10:00,4.602,55.33,2.593,99.69,121.84,0.648,Normal
2026-01-08 08:30:00,2.98,46.43,2.725,116.35,90.34,0.376,Normal
2026-01-14 09:30:00,2.456,66.6,3.092,95.9,115.9,1.468,Normal
2026-01-09 13:10:00,4.76,61.2,2.774,85.91,126.17,2.929,Misalignment
2026-01-13 14:55:00,3.079,55.21,2.875,92.98,104.42,0.159,Normal
2026-01-15 06:05:00,4.168,62.35,2.398,82.91,97.74,3.359,Misalignment
2026-01-16 13:10:00,4.14,55.54,2.469,130.98,117.87,2.749,Misalignment
2026-01-01 16:20:00,5.218,65.36,2.077,123.49,174.95,1.128,Overload
2026-01-17 04:55:00,3.797,56.86,2.723,93.27,125.42,0.96,Belt Damage
2026-01-06 08:35:00,3.606,55.75,2.73,91.95,121.25,1.069,Normal
2026-01-05 14:50:00,4.558,73.39,2.67,104.15,139.21,3.562,Misalignment
2026-01-04 01:15:00,2.702,56.91,3.09,90.56,96.47,0.508,Normal
2026-01-16 15:10:00,3.352,78.43,2.576,122.63,103.48,0.533,Normal
2026-01-13 03:45:00,4.804,51.08,1.978,132.91,127.93,0.801,Overload
2026-01-14 12:30:00,3.953,48.6,2.917,112.39,138.64,1.098,Overload
2026-01-18 07:50:00,5.555,62.38,2.394,108.53,122.2,3.112,Joint Failure
2026-01-04 01:55:00,2.361,51.22,2.59,89.85,106.17,0.626,Normal
2026-01-05 16:05:00,4.045,55.19,3.248,71.93,118.17,0.573,Normal
2026-01-01 05:40:00,3.17,58.21,2.669,78.46,102.85,0.488,Normal
2026-01-15 14:50:00,2.551,48.28,2.596,82.97,115.18,0.9,Normal
2026-01-07 07:15:00,5.593,64.05,2.61,89.87,128.62,1.808,Joint Failure
2026-01-02 23:20:00,4.383,43.05,2.357,77.25,140.46,1.76,Belt Damage
2026-01-08 12:35:00,2.52,45.97,2.805,101.9,122.88,0.729,Normal
2026-01-01 08:00:00,2.918,60.07,3.011,95.05,104.58,0.414,Normal
2026-01-15 12:25:00,4.263,62.73,2.769,77.66,114.97,3.632,Misalignment
2026-01-12 15:25:00,2.872,64.89,2.99,70.34,100.2,0.268,Normal
2026-01-01 11:35:00,4.888,76.46,2.839,98.28,100.13,2.496,Joint Failure
2026-01-18 04:50:00,3.281,62.61,3.129,94.9,82.08,0.581,Normal
2026-01-10 00:50:00,4.746,67.58,2.437,129.91,145.55,1.508,Overload
2026-01-14 23:15:00,4.268,59.79,2.592,102.37,130.47,1.897,Belt Damage
2026-01-17 13:40:00,3.742,52.32,2.83,69.45,90.95,0.58,Normal
2026-01-06 13:50:00,2.777,53.07,2.579,94.8,96.65,0.434,Normal
2026-01-06 15:45:00,2.798,52.4,3.25,91.78,107.26,0.958,Normal
2026-01-06 08:15:00,3.537,54.34,2.733,87.2,105.86,0.692,Normal
2026-01-06 21:10:00,4.575,49.51,3.303,110.23,99.83,1.021,Normal
2026-01-08 03:35:00,2.578,58.3,2.81,95.28,88.86,1.121,Normal
2026-01-02 14:35:00,4.21,71.08,2.715,78.57,113.67,2.437,Misalignment
2026-01-09 02:10:00,2.947,50.06,2.5,96.86,114.09,1.481,Normal
2026-01-11 13:35:00,2.637,60.33,2.838,109.53,81.98,1.427,Normal
2026-01-17 10:30:00,3.184,52.67,2.547,86.33,112.69,0.677,Normal
2026-01-03 01:30:00,6.179,55.6,2.646,56.74,117.18,2.02,Belt Damage
2026-01-14 05:50:00,2.022,56.56,2.844,70.24,93.77,0.708,Normal
2026-01-03 04:05:00,2.102,58.75,2.91,94.09,96.71,0.641,Normal
2026-01-02 13:30:00,4.104,62.79,2.604,116.21,131.11,1.136,Overload
2026-01-06 04:55:00,3.845,54.01,2.654,98.21,105.16,0.311,Belt Damage
2026-01-09 12:40:00,3.961,56.34,3.027,124.06,111.08,1.117,Normal
2026-01-17 09:30:00,2.949,59.26,2.507,82.11,91.08,0.947,Normal
2026-01-11 08:40:00,3.008,72.04,2.607,100.32,86.42,0.946,Normal
2026-01-06 10:45:00,3.579,55.18,3.221,92.02,112.97,1.763,Normal
2026-01-04 14:10:00,4.017,66.63,2.56,85.91,91.75,1.401,Normal
2026-01-13 05:10:00,2.59,44.48,2.619,112.96,135.34,0.699,Normal
2026-01-06 09:45:00,4.359,56.8,2.761,82.95,106.1,0.884,Normal
2026-01-13 14:00:00,2.547,57.75,3.158,72.67,106.49,1.055,Normal
2026-01-17 04:40:00,3.996,61.18,3.364,91.28,134.69,2.221,Belt Damage
2026-01-01 12:30:00,6.141,53.78,2.378,111.78,111.67,1.871,Belt Damage
2026-01-05 22:20:00,3.013,56.54,2.658,118.71,101.02,1.079,Normal
2026-01-07 23:35:00,3.401,56.12,3.095,102.67,85.08,0.634,Normal
2026-01-10 07:50:00,2.661,73.12,3.16,83.23,142.61,0.973,Normal
2026-01-07 04:50:00,4.77,43.57,2.352,116.16,106.56,1.863,Misalignment
2026-01-01 07:20:00,3.42,64.28,3.053,125.36,81.83,2.056,Belt Damage
2026-01-02 14:05:00,3.822,60.09,2.862,95.21,107.05,0.05,Normal
2026-01-05 12:45:00,4.069,64.24,2.31,104.57,122.47,1.912,Belt Damage
2026-01-11 03:45:00,4.728,48.28,2.426,84.42,122.68,0.728,Belt Damage
2026-01-12 08:30:00,1.957,39.47,3.06,89.32,127.97,0.601,Normal
2026-01-12 04:55:00,2.78,54.24,2.876,79.78,101.22,0.364,Normal
2026-01-07 21:40:00,2.233,51.93,2.506,92.08,106.76,0.684,Normal
2026-01-14 00:50:00,3.716,64.65,2.559,79.0,98.74,1.154,Normal
2026-01-13 15:50:00,3.262,43.56,2.829,95.98,107.99,0.873,Normal
2026-01-03 21:15:00,2.872,52.75,2.583,90.99,92.62,0.804,Normal
2026-01-01 19:55:00,2.577,52.06,3.198,76.1,119.35,1.357,Normal
2026-01-17 06:05:00,3.891,60.16,2.897,101.27,122.9,0.399,Normal
2026-01-11 11:50:00,5.616,53.58,2.552,100.88,107.02,4.066,Misalignment
2026-01-11 22:20:00,1.744,60.53,2.18,110.92,117.17,0.944,Overload
2026-01-07 18:10:00,1.187,63.61,3.078,98.63,124.45,1.084,Normal
2026-01-10 15:15:00,2.985,50.1,2.961,77.54,110.12,0.927,Normal
2026-01-01 16:00:00,6.277,48.95,2.715,61.71,148.71,1.143,Belt Damage
2026-01-17 20:05:00,2.638,57.85,3.181,95.35,110.03,0.477,Normal
2026-01-18 03:35:00,6.153,60.18,2.308,117.75,118.93,1.32,Belt Damage
2026-01-04 06:40:00,2.348,53.63,2.763,90.44,103.22,0.742,Normal
2026-01-05 09:40:00,4.132,56.85,3.214,111.34,124.02,3.916,Misalignment
2026-01-15 16:35:00,3.225,56.01,2.976,79.38,82.21,3.316,Misalignment
2026-01-09 00:15:00,4.724,60.84,2.796,102.79,131.48,2.673,Misalignment
2026-01-16 08:40:00,3.321,52.0,2.843,95.47,119.96,1.238,Normal
2026-01-17 08:35:00,3.037,54.13,2.974,81.41,90.76,0.465,Normal
2026-01-09 00:45:00,3.405,71.51,2.408,109.41,125.63,1.384,Overload
2026-01-12 03:50:00,3.861,55.67,2.699,70.74,93.12,0.457,Normal
2026-01-10 11:40:00,3.906,41.66,2.761,108.1,112.02,1.084,Normal
2026-01-07 16:30:00,4.23,52.73,2.511,110.93,120.53,5.0,Misalignment
2026-01-15 16:15:00,3.475,84.22,2.344,97.22,112.26,2.176,Misalignment
2026-01-17 05:40:00,3.574,42.38,2.407,79.57,123.8,0.539,Normal
2026-01-03 18:40:00,4.414,48.95,2.637,89.63,135.56,0.467,Overload
2026-01-13 17:55:00,2.789,66.34,3.304,96.07,77.95,1.259,Normal
2026-01-15 13:25:00,4.058,67.11,2.107,119.03,125.82,1.842,Overload
2026-01-11 07:20:00,6.582,54.67,2.212,108.1,151.11,1.97,Joint Failure
2026-01-17 15:25:00,2.572,61.02,2.623,90.52,99.09,1.211,Normal
2026-01-16 04:00:00,2.37,51.13,2.624,92.1,111.72,0.529,Normal
2026-01-10 15:20:00,3.87,46.74,2.585,78.58,105.05,0.563,Normal
2026-01-11 07:30:00,2.36,53.39,2.455,107.9,88.35,0.67,Normal
2026-01-14 10:15:00,2.454,58.28,2.603,103.09,113.71,2.256,Misalignment
2026-01-07 01:15:00,1.702,48.1,2.861,75.14,101.31,1.124,Normal
2026-01-14 17:00:00,3.164,62.08,2.249,108.05,107.09,1.018,Normal
2026-01-14 04:50:00,4.864,64.38,2.845,83.7,72.35,1.587,Belt Damage
2026-01-08 00:40:00,3.602,59.26,2.702,93.35,93.12,1.376,Normal
2026-01-08 21:30:00,4.864,76.47,2.285,122.15,129.91,0.593,Joint Failure
2026-01-01 08:15:00,3.332,55.78,2.653,75.94,114.79,0.732,Normal
2026-01-18 02:05:00,2.43,59.01,2.924,114.04,116.73,0.05,Overload
2026-01-12 19:55:00,5.171,46.74,2.55,124.8,107.75,2.849,Joint Failure
2026-01-15 17:45:00,5.997,81.62,2.415,121.14,114.81,1.193,Joint Failure
2026-01-17 00:55:00,5.661,61.43,2.243,76.2,115.42,1.032,Belt Damage
2026-01-18 01:40:00,1.548,54.45,2.448,84.74,95.07,0.11,Normal
2026-01-01 15:55:00,5.156,63.18,2.211,62.14,134.92,1.706,Belt Damage
2026-01-17 07:20:00,3.314,66.38,2.78,89.55,95.9,1.282,Normal
2026-01-07 04:40:00,2.8,54.27,3.129,113.07,119.53,1.963,Misalignment
2026-01-06 07:40:00,3.038,58.36,2.558,132.47,133.09,1.088,Overload
2026-01-10 20:10:00,3.619,44.79,2.925,80.47,107.1,0.675,Normal
2026-01-16 10:20:00,4.161,53.39,2.821,84.56,91.84,0.87,Normal
2026-01-18 01:35:00,5.701,63.28,2.777,107.86,113.69,1.476,Belt Damage
2026-01-06 13:10:00,3.777,42.63,2.609,95.39,88.14,0.77,Normal
2026-01-07 04:15:00,7.094,51.12,2.942,72.82,111.12,1.353,Belt Damage
2026-01-18 00:20:00,2.913,55.83,3.165,111.74,103.55,0.906,Normal
2026-01-09 22:30:00,4.329,53.15,2.746,111.84,106.24,0.81,Normal
2026-01-12 19:10:00,2.199,50.44,2.66,92.21,104.4,0.823,Normal
2026-01-14 19:15:00,4.163,53.07,2.747,74.78,124.9,1.726,Belt Damage
2026-01-14 02:10:00,3.11,55.7,3.11,106.45,90.93,0.594,Normal
2026-01-01 13:50:00,2.679,64.82,3.085,116.75,97.85,1.468,Normal
2026-01-07 01:55:00,2.257,54.61,2.939,97.93,105.94,0.654,Normal
2026-01-06 03:15:00,2.094,57.71,2.721,99.68,101.36,0.721,Normal
2026-01-04 13:20:00,6.235,45.76,2.672,134.88,166.77,1.745,Joint Failure
2026-01-07 05:00:00,2.754,43.28,2.089,84.08,108.01,1.137,Normal
2026-01-08 20:40:00,3.175,64.55,2.954,101.01,100.24,3.085,Misalignment
2026-01-09 14:05:00,3.329,60.4,2.316,110.91,122.62,1.335,Overload
2026-01-07 07:50:00,5.096,67.14,3.097,118.51,119.95,4.389,Misalignment
2026-01-05 05:40:00,5.828,68.02,1.587,114.21,144.06,2.107,Joint Failure
2026-01-06 18:50:00,3.902,64.16,2.807,102.36,91.34,1.036,Normal
2026-01-11 06:40:00,3.219,38.6,2.798,113.07,91.2,0.503,Normal
2026-01-01 12:40:00,3.78,62.74,2.775,112.66,88.01,0.405,Normal
2026-01-09 19:10:00,5.634,70.55,3.267,124.97,169.86,0.621,Overload
2026-01-17 06:40:00,1.825,48.81,2.791,97.9,113.74,0.817,Normal
2026-01-07 20:50:00,6.963,77.48,2.451,92.38,118.45,1.009,Belt Damage
2026-01-06 02:25:00,4.118,59.92,2.966,86.02,141.6,0.535,Overload
2026-01-10 17:55:00,2.664,42.34,2.81,108.92,91.63,0.993,Normal
2026-01-09 17:20:00,1.958,72.56,2.753,95.85,102.04,0.504,Normal
2026-01-11 05:15:00,4.449,65.73,2.871,141.08,131.79,0.218,Overload
2026-01-11 08:20:00,3.199,55.27,3.02,84.35,93.27,0.805,Normal
2026-01-17 17:50:00,3.162,56.4,3.035,83.38,93.25,0.64,Normal
2026-01-11 11:25:00,3.16,62.93,3.008,83.28,130.06,0.912,Normal
2026-01-06 10:30:00,3.542,65.3,2.827,91.45,111.31,3.651,Misalignment
2026-01-01 02:35:00,3.218,65.11,2.639,90.34,113.96,0.673,Normal
2026-01-04 06:05:00,6.532,75.91,2.686,61.21,120.98,1.907,Belt Damage
2026-01-05 05:15:00,5.181,50.6,3.023,82.06,97.11,1.267,Normal
2026-01-07 17:25:00,6.339,54.69,2.914,89.64,131.05,1.969,Belt Damage
2026-01-04 22:05:00,2.85,47.27,2.931,103.31,99.92,0.738,Normal
2026-01-02 01:45:00,3.182,66.87,2.836,80.56,114.96,1.218,Normal
2026-01-18 00:25:00,2.785,55.13,2.867,71.72,111.68,0.839,Normal
2026-01-08 12:40:00,5.881,54.37,2.705,102.57,109.27,1.759,Misalignment
2026-01-11 19:25:00,1.888,57.65,3.285,75.68,95.23,0.728,Normal
2026-01-02 17:15:00,2.596,53.18,2.623,96.05,105.53,1.16,Normal
2026-01-01 17:05:00,2.723,50.54,3.398,96.23,95.22,0.972,Normal
2026-01-10 06:45:00,2.865,54.51,2.38,85.23,78.89,0.146,Normal
2026-01-12 15:45:00,3.888,59.76,3.187,107.09,110.86,0.194,Normal
2026-01-14 07:10:00,2.662,59.27,2.401,100.82,111.23,0.166,Normal
2026-01-02 01:25:00,7.34,53.29,2.204,145.55,112.62,1.043,Joint Failure
2026-01-14 04:05:00,2.821,65.32,2.754,125.27,145.74,0.314,Overload
2026-01-08 15:25:00,3.752,65.7,2.732,100.13,120.99,0.785,Normal
2026-01-04 16:25:00,5.795,70.91,3.055,102.9,121.68,2.53,Joint Failure
2026-01-03 22:15:00,5.879,57.79,3.173,138.8,131.01,2.662,Joint Failure
2026-01-14 10:40:00,2.997,58.4,2.923,82.85,111.37,1.257,Normal
2026-01-08 19:35:00,6.74,61.95,2.479,89.26,122.69,2.038,Belt Damage
2026-01-01 17:35:00,2.971,67.9,2.703,131.19,131.61,1.379,Overload
2026-01-14 21:05:00,2.828,64.48,2.891,65.85,102.32,1.242,Normal
2026-01-03 08:35:00,4.717,56.45,3.275,104.55,117.63,1.503,Belt Damage
2026-01-02 23:05:00,4.956,74.27,2.286,107.42,104.17,4.361,Misalignment
2026-01-12 10:10:00,3.203,49.08,2.521,90.9,119.28,0.754,Normal
2026-01-16 02:50:00,4.481,58.97,2.732,95.51,112.31,1.216,Normal
2026-01-03 08:40:00,3.966,60.25,2.763,107.18,126.62,0.954,Belt Damage
2026-01-01 15:00:00,3.721,59.78,3.025,80.18,92.39,0.825,Normal
2026-01-15 20:35:00,3.755,65.21,3.023,96.59,99.18,0.718,Normal
2026-01-09 15:55:00,2.747,63.71,2.438,98.64,101.98,1.219,Normal
2026-01-09 01:00:00,2.263,51.87,3.057,92.07,96.64,0.761,Normal
2026-01-15 20:05:00,3.248,58.98,3.121,88.64,99.42,0.856,Normal
2026-01-01 23:10:00,1.452,58.58,2.784,133.31,114.66,1.724,Overload
2026-01-13 18:55:00,3.447,57.01,2.799,85.11,93.54,0.96,Normal
2026-01-17 12:50:00,4.711,63.81,2.419,138.49,133.62,0.635,Overload
2026-01-02 12:00:00,5.908,56.4,2.597,118.52,101.98,2.444,Misalignment
2026-01-02 00:05:00,5.511,59.88,2.54,96.54,121.48,2.464,Misalignment
2026-01-04 13:35:00,4.864,63.02,2.984,76.84,141.36,1.932,Belt Damage
2026-01-02 20:35:00,6.904,65.47,2.19,123.93,84.82,1.987,Joint Failure
2026-01-13 14:35:00,4.252,44.13,2.522,99.84,109.4,0.549,Normal
2026-01-01 15:40:00,2.855,63.74,2.973,76.97,116.44,1.252,Normal
2026-01-08 13:10:00,3.8,59.06,3.012,104.12,104.24,0.194,Normal
2026-01-14 14:15:00,2.164,55.65,2.936,93.91,109.46,0.65,Normal
2026-01-07 11:10:00,3.626,60.15,2.544,79.36,94.29,1.403,Normal
2026-01-01 22:30:00,4.47,76.19,2.797,109.35,128.75,0.327,Overload
2026-01-07 00:00:00,6.209,67.34,2.652,98.95,132.59,1.587,Belt Damage
2026-01-15 03:35:00,3.687,68.94,2.07,104.87,123.2,3.332,Misalignment
2026-01-08 11:45:00,2.364,53.09,2.932,119.73,85.29,0.794,Normal
2026-01-14 15:35:00,2.362,55.71,3.197,96.5,108.41,1.262,Normal
2026-01-01 09:15:00,3.092,52.37,2.565,100.64,111.7,0.778,Normal
2026-01-09 06:40:00,2.539,55.54,3.008,90.24,94.1,0.299,Normal
2026-01-01 18:20:00,3.739,62.66,2.657,96.55,117.62,3.474,Misalignment
2026-01-03 04:15:00,3.96,57.58,2.1,133.91,133.27,1.432,Overload
2026-01-05 02:25:00,2.874,43.35,2.958,103.68,96.96,1.299,Normal
2026-01-12 17:45:00,3.113,51.73,3.187,112.95,96.53,1.045,Normal
2026-01-09 09:50:00,5.354,62.81,2.578,112.16,128.14,1.538,Overload
2026-01-03 17:50:00,2.593,65.9,2.791,97.2,94.73,0.427,Normal
2026-01-15 20:15:00,3.578,62.3,2.559,94.32,91.52,2.404,Misalignment
2026-01-02 14:25:00,4.295,55.93,2.802,84.33,116.04,2.119,Misalignment
2026-01-16 06:50:00,1.409,55.39,2.356,87.04,95.67,0.392,Normal
2026-01-02 21:55:00,4.442,60.66,2.705,92.07,90.01,1.124,Belt Damage
2026-01-11 20:45:00,2.957,59.7,2.744,77.92,118.55,0.844,Belt Damage
2026-01-06 00:20:00,6.491,52.87,2.131,84.8,119.22,1.67,Belt Damage
2026-01-01 16:30:00,6.087,60.75,2.595,105.51,131.45,1.863,Belt Damage
2026-01-09 23:45:00,4.373,60.3,2.906,108.18,131.31,0.277,Overload
2026-01-02 09:30:00,2.637,55.9,2.496,108.31,102.77,0.54,Normal
2026-01-14 17:55:00,2.319,55.17,2.702,105.73,106.41,0.787,Normal
2026-01-15 13:05:00,4.885,73.36,2.468,117.71,124.3,1.354,Overload
2026-01-17 12:55:00,3.681,64.04,3.129,88.43,94.25,1.304,Normal
2026-01-08 06:35:00,2.31,66.71,2.643,120.45,149.23,0.836,Overload
2026-01-11 01:40:00,4.684,61.87,2.424,85.12,91.56,0.149,Normal
2026-01-16 11:50:00,6.96,59.16,2.827,78.78,132.98,0.931,Joint Failure
2026-01-03 06:10:00,3.535,64.43,3.106,115.03,81.32,1.331,Normal
2026-01-03 11:00:00,2.743,62.49,3.112,102.02,102.15,0.908,Normal
2026-01-06 03:20:00,7.75,66.45,3.114,108.04,149.53,2.01,Belt Damage
2026-01-16 07:50:00,2.998,51.56,3.201,112.58,109.98,1.121,Normal
2026-01-11 15:25:00,4.033,54.85,2.862,105.36,93.95,0.717,Normal
2026-01-09 07:35:00,2.902,51.18,2.696,126.41,83.07,0.89,Normal
2026-01-07 03:25:00,2.345,70.46,2.936,89.13,93.99,0.616,Normal
2026-01-02 02:10:00,3.724,54.18,2.78,90.1,97.38,1.159,Belt Damage
2026-01-14 01:25:00,5.184,55.22,3.107,108.73,136.02,0.062,Overload
2026-01-18 01:05:00,2.371,53.23,3.5,92.32,96.56,0.812,Normal
2026-01-01 09:25:00,3.757,66.22,2.942,153.13,120.73,2.023,Overload
2026-01-04 08:00:00,2.352,47.83,2.675,74.0,125.82,1.262,Normal
2026-01-11 02:30:00,2.914,63.04,2.816,92.89,135.61,0.273,Normal
2026-01-12 19:45:00,3.029,65.29,2.663,120.17,153.15,0.909,Overload
2026-01-06 15:15:00,6.497,51.26,2.62,106.17,149.63,2.54,Joint Failure
2026-01-12 12:50:00,5.21,49.0,2.975,106.53,178.47,1.575,Overload
2026-01-18 08:35:00,5.272,51.01,2.55,109.77,84.99,0.505,Misalignment
2026-01-07 07:30:00,4.101,65.12,2.72,104.97,95.14,3.245,Misalignment
2026-01-12 02:10:00,2.382,54.01,2.965,99.43,113.13,1.392,Normal
2026-01-11 10:35:00,3.611,47.04,2.813,84.0,103.85,0.189,Normal
2026-01-12 20:30:00,4.228,57.21,2.195,130.59,169.7,0.742,Overload
2026-01-16 17:20:00,3.284,62.34,2.322,105.87,108.89,3.872,Misalignment
2026-01-07 14:05:00,2.488,50.47,2.639,91.98,96.21,1.381,Normal
2026-01-07 15:50:00,4.202,55.39,3.289,97.36,127.41,0.778,Normal
2026-01-05 09:50:00,3.723,75.84,3.079,120.95,138.21,1.186,Overload
2026-01-15 12:00:00,5.974,46.86,3.2,88.56,131.42,4.153,Misalignment
2026-01-18 05:30:00,2.373,42.94,2.608,107.5,94.72,0.184,Normal
2026-01-17 22:55:00,2.184,65.26,2.56,100.54,113.86,0.05,Normal
2026-01-15 05:10:00,1.801,67.86,2.492,111.5,109.45,0.939,Normal
2026-01-11 23:15:00,2.873,48.4,2.793,87.47,115.88,1.686,Normal
2026-01-07 07:05:00,2.04,54.02,2.585,100.01,82.95,0.435,Normal
2026-01-09 10:10:00,2.459,46.37,2.487,105.47,110.78,0.918,Normal
2026-01-14 17:10:00,2.363,47.07,2.743,92.38,100.97,0.358,Normal
2026-01-16 09:00:00,2.609,52.88,2.486,110.01,91.39,0.689,Normal
2026-01-08 10:30:00,2.74,70.58,2.437,112.66,125.1,0.659,Overload
2026-01-06 15:30:00,2.744,49.19,2.351,73.74,102.75,0.992,Normal
2026-01-03 17:45:00,6.718,67.77,2.584,79.96,120.61,2.185,Joint Failure
2026-01-14 03:30:00,4.673,60.86,2.58,114.29,125.57,3.16,Misalignment
2026-01-07 11:20:00,4.786,48.35,2.316,128.45,136.5,0.314,Joint Failure
2026-01-10 22:45:00,5.652,66.86,2.928,94.09,111.75,1.921,Misalignment
2026-01-04 00:35:00,2.23,61.95,2.574,94.15,103.55,0.696,Normal
2026-01-12 08:35:00,2.839,64.38,2.963,80.58,103.83,0.625,Normal
2026-01-14 07:25:00,3.559,57.8,3.016,107.26,99.19,0.464,Normal
2026-01-01 06:05:00,2.987,55.05,2.402,105.17,132.35,0.448,Belt Damage
2026-01-07 02:00:00,4.338,60.09,2.728,87.87,96.37,0.703,Normal
2026-01-05 22:25:00,2.297,46.26,3.042,91.0,102.3,0.651,Normal
2026-01-15 15:45:00,4.673,63.66,2.183,115.38,89.95,4.626,Misalignment
2026-01-17 07:05:00,2.322,58.68,2.672,95.47,91.46,1.154,Normal
2026-01-16 04:05:00,4.984,61.14,2.804,104.07,82.19,0.576,Normal
2026-01-16 21:15:00,3.846,50.87,2.818,103.95,115.53,0.767,Normal
2026-01-14 05:25:00,3.206,70.17,2.756,118.7,100.59,0.724,Normal
2026-01-08 19:00:00,6.329,76.08,2.288,120.41,94.7,1.885,Belt Damage
2026-01-11 13:55:00,2.771,65.99,2.475,102.26,88.95,0.851,Normal
2026-01-09 11:45:00,2.007,60.69,2.837,112.35,116.95,1.345,Normal
2026-01-02 17:10:00,3.87,55.75,2.862,124.49,99.89,1.114,Normal
2026-01-11 20:50:00,1.734,71.79,2.873,142.66,166.74,1.716,Overload
2026-01-16 00:05:00,7.472,63.65,2.935,131.01,131.89,1.493,Joint Failure
2026-01-16 06:25:00,2.823,51.32,2.712,81.38,114.22,1.353,Normal
2026-01-05 01:00:00,2.425,59.99,2.747,98.18,82.19,1.173,Normal
2026-01-13 23:10:00,2.979,60.28,2.768,97.21,132.5,0.386,Normal
2026-01-07 00:10:00,2.375,48.12,2.577,87.09,119.9,1.154,Normal
2026-01-17 17:00:00,2.694,55.73,2.975,85.38,118.65,0.736,Normal
2026-01-09 08:10:00,2.957,55.43,2.598,87.86,106.59,0.724,Normal
2026-01-12 19:35:00,2.251,61.03,2.723,115.2,130.74,0.292,Normal
2026-01-03 03:30:00,4.578,62.02,2.963,112.88,133.57,0.257,Overload
2026-01-06 21:25:00,3.031,54.05,2.508,104.84,115.15,0.94,Normal
2026-01-13 11:25:00,2.36,51.6,2.842,120.62,85.43,5.233,Misalignment
2026-01-07 19:05:00,3.685,51.67,2.539,77.32,137.09,0.493,Normal
2026-01-05 05:45:00,2.965,54.04,3.323,97.72,103.55,1.174,Normal
2026-01-08 04:45:00,2.779,54.56,2.774,90.88,125.92,1.356,Belt Damage
2026-01-12 20:10:00,2.53,37.92,2.906,88.67,112.67,0.148,Normal
2026-01-04 00:25:00,4.648,51.61,2.712,160.0,112.3,2.04,Joint Failure
2026-01-10 10:30:00,4.433,49.45,2.05,74.76,139.01,1.061,Belt Damage
2026-01-04 14:50:00,3.207,45.49,2.387,94.33,122.15,0.898,Normal
2026-01-05 17:25:00,3.377,48.04,2.73,88.76,115.63,0.685,Normal
2026-01-02 05:40:00,2.356,56.42,3.222,102.84,111.95,0.966,Normal
2026-01-05 00:50:00,3.24,48.67,2.95,87.84,65.03,0.863,Normal
2026-01-10 14:25:00,4.81,71.39,2.526,106.55,81.56,1.656,Joint Failure
2026-01-12 07:00:00,4.624,60.89,2.135,93.37,95.89,3.199,Misalignment
2026-01-05 23:50:00,2.606,71.69,2.878,81.5,98.25,0.837,Normal
2026-01-13 12:15:00,3.189,48.82,2.501,87.7,105.38,0.865,Normal
2026-01-18 03:40:00,3.827,60.83,2.696,84.04,107.91,0.557,Normal
2026-01-16 22:45:00,3.464,60.96,2.9,84.6,99.77,0.886,Normal
2026-01-13 15:15:00,3.572,52.64,2.907,112.44,120.45,0.657,Normal
2026-01-05 08:25:00,2.675,58.94,2.666,91.67,97.08,0.717,Normal
2026-01-12 16:25:00,4.657,63.82,3.127,70.89,101.31,3.943,Misalignment
2026-01-02 03:40:00,1.51,50.58,3.177,99.97,117.43,1.005,Normal
2026-01-13 19:50:00,2.094,61.81,2.936,87.64,88.76,0.434,Normal
2026-01-13 09:20:00,5.727,59.56,2.637,132.91,146.99,1.101,Overload
2026-01-10 11:20:00,3.086,43.2,2.378,100.09,94.32,0.356,Normal
2026-01-13 17:35:00,2.958,57.14,2.856,107.37,115.98,0.529,Normal
2026-01-06 15:50:00,4.288,58.28,2.887,88.79,115.09,1.28,Overload
2026-01-04 21:00:00,2.872,58.22,3.278,109.65,116.0,0.607,Normal
2026-01-07 10:05:00,3.458,55.53,2.535,82.45,94.94,2.533,Misalignment
2026-01-13 08:10:00,2.652,61.64,2.655,78.78,106.14,0.936,Normal
2026-01-11 22:45:00,1.826,57.2,2.167,115.55,101.13,0.521,Normal
2026-01-12 08:05:00,4.153,59.3,3.006,81.6,119.32,1.259,Normal
2026-01-06 18:45:00,4.21,67.52,2.661,81.01,133.17,1.037,Belt Damage
2026-01-02 13:05:00,4.15,78.42,2.08,117.79,159.28,1.266,Joint Failure
2026-01-08 19:05:00,3.963,59.3,2.84,113.18,81.29,0.691,Normal
2026-01-02 13:40:00,3.427,55.11,2.874,83.01,109.34,1.185,Normal
2026-01-06 09:15:00,6.81,55.83,2.316,105.08,107.74,4.11,Misalignment
2026-01-16 09:30:00,2.197,53.17,2.367,103.86,117.75,1.066,Normal
2026-01-11 06:10:00,6.617,62.91,2.867,102.6,115.57,2.273,Joint Failure
2026-01-01 01:10:00,2.889,46.64,2.443,97.72,114.08,1.457,Normal
2026-01-13 14:20:00,4.593,54.53,3.254,146.48,125.04,0.05,Overload
2026-01-04 06:45:00,4.246,52.86,2.521,81.21,106.29,0.952,Normal
2026-01-01 20:35:00,8.386,63.39,2.516,134.26,130.76,1.939,Joint Failure
2026-01-17 07:25:00,2.507,55.59,3.284,79.89,113.51,1.274,Normal
2026-01-02 06:00:00,2.178,58.25,3.169,97.64,111.53,0.428,Normal
2026-01-17 04:00:00,5.301,71.63,2.621,75.95,119.57,0.985,Belt Damage
2026-01-06 14:30:00,3.192,57.64,2.979,89.71,105.12,1.001,Normal
2026-01-08 23:55:00,3.172,53.37,3.013,87.61,96.24,0.906,Normal
2026-01-15 09:05:00,3.441,49.01,2.864,105.29,82.23,0.692,Normal
2026-01-12 00:00:00,3.063,64.08,2.583,134.55,144.92,1.018,Overload
2026-01-09 14:30:00,2.097,56.02,2.809,97.49,98.33,1.665,Normal
2026-01-15 15:10:00,4.324,51.15,2.761,94.26,122.35,1.774,Misalignment
2026-01-15 12:20:00,3.568,49.9,2.588,96.11,118.74,0.588,Normal
2026-01-17 23:00:00,2.242,63.36,3.023,108.76,95.62,0.412,Normal
2026-01-11 23:35:00,2.606,46.27,2.479,74.74,90.17,0.845,Normal
2026-01-02 16:50:00,3.103,52.67,3.162,105.73,117.93,0.4,Normal
2026-01-03 23:50:00,2.81,60.79,2.928,105.56,82.45,1.242,Normal
2026-01-07 01:00:00,3.477,57.69,2.704,83.12,102.24,1.48,Belt Damage
2026-01-15 05:35:00,2.643,50.43,2.229,97.41,103.71,0.737,Normal
2026-01-16 05:25:00,4.63,63.51,2.569,84.88,80.18,2.861,Misalignment
2026-01-09 11:55:00,3.404,52.17,2.632,102.17,94.35,0.546,Normal
2026-01-15 16:30:00,2.571,60.38,2.459,140.48,134.44,0.938,Overload
2026-01-02 18:10:00,7.738,61.91,2.583,106.91,127.77,2.317,Belt Damage
2026-01-10 07:05:00,2.886,61.65,2.491,89.05,107.74,0.69,Normal
2026-01-11 09:35:00,6.168,57.24,3.223,84.51,124.33,0.781,Belt Damage
2026-01-07 17:50:00,2.406,66.28,2.244,99.21,140.56,2.269,Overload
2026-01-05 05:50:00,3.297,36.07,2.938,87.93,95.15,1.189,Normal
2026-01-04 20:45:00,1.849,56.38,2.491,102.41,98.1,0.391,Normal
2026-01-07 14:45:00,2.196,63.76,3.192,82.53,110.83,1.022,Normal
2026-01-12 21:15:00,3.663,43.67,2.694,82.38,86.26,0.915,Normal
2026-01-07 12:25:00,2.888,67.4,2.986,109.79,87.64,0.403,Normal
2026-01-17 05:20:00,4.37,75.4,2.773,113.6,154.32,2.069,Overload
2026-01-02 12:05:00,3.676,48.84,2.996,97.07,114.02,0.925,Normal
2026-01-09 05:00:00,2.401,57.54,2.512,126.21,104.48,3.445,Misalignment
2026-01-11 22:50:00,5.153,65.05,2.977,104.4,136.75,0.926,Normal
2026-01-10 20:15:00,3.523,53.87,2.652,69.16,112.39,1.396,Belt Damage
2026-01-08 06:20:00,1.833,48.34,2.659,109.44,119.64,0.853,Normal
2026-01-11 10:50:00,1.829,51.8,2.778,94.29,112.77,0.526,Normal
2026-01-11 23:30:00,3.271,57.16,3.1,91.09,111.18,0.644,Normal
2026-01-11 05:25:00,4.661,54.19,2.791,109.83,105.67,0.586,Normal
2026-01-14 14:20:00,1.886,62.73,3.012,124.97,159.72,1.554,Overload
2026-01-11 03:00:00,3.08,62.87,2.605,100.82,122.45,1.226,Overload
2026-01-04 19:50:00,6.392,54.26,2.682,83.15,101.54,1.1,Belt Damage
2026-01-06 00:40:00,5.685,43.66,2.391,107.41,162.92,1.129,Joint Failure
2026-01-06 23:20:00,3.008,61.66,2.854,101.75,107.49,0.186,Normal
2026-01-16 16:30:00,2.306,51.56,3.038,83.1,97.52,1.177,Normal
2026-01-14 08:10:00,3.054,51.93,2.704,112.72,116.69,0.97,Normal
2026-01-01 13:00:00,4.435,61.03,2.732,108.76,112.04,3.648,Misalignment
2026-01-11 08:10:00,4.105,71.05,2.962,128.42,146.9,1.502,Overload
2026-01-07 03:45:00,4.315,52.12,2.516,87.71,106.35,3.56,Joint Failure
2026-01-03 03:15:00,5.457,72.08,3.107,112.6,128.5,2.199,Joint Failure
2026-01-03 05:35:00,3.978,44.42,2.879,107.61,95.01,1.14,Normal
2026-01-07 17:15:00,4.285,77.35,2.531,128.4,148.94,1.082,Overload
2026-01-15 20:25:00,2.085,45.74,2.902,77.15,118.02,0.82,Normal
2026-01-04 17:00:00,4.128,61.08,2.717,103.93,96.52,0.706,Normal
2026-01-16 11:10:00,6.506,61.31,2.572,109.61,114.54,0.86,Belt Damage
2026-01-15 10:10:00,3.865,65.91,2.943,95.39,105.62,0.718,Normal
2026-01-15 17:15:00,3.096,46.47,3.112,95.19,82.7,1.282,Normal
2026-01-17 21:40:00,5.408,74.47,2.733,80.73,79.05,5.112,Misalignment
2026-01-02 03:30:00,2.085,48.55,2.454,106.46,140.37,0.413,Normal
2026-01-08 03:25:00,2.13,53.05,2.941,68.24,100.82,1.101,Normal
2026-01-10 04:30:00,3.675,59.11,2.964,125.71,132.45,3.08,Joint Failure
2026-01-08 14:35:00,3.918,68.71,1.931,88.81,117.17,0.752,Belt Damage
2026-01-03 03:50:00,3.363,57.06,2.513,77.42,104.24,0.941,Normal
2026-01-06 12:55:00,3.418,52.07,2.385,78.18,96.13,3.2,Misalignment
2026-01-11 02:55:00,5.213,67.65,2.757,114.86,98.41,2.776,Misalignment
2026-01-17 17:45:00,3.329,52.7,2.539,96.86,97.74,0.403,Normal
2026-01-14 12:50:00,2.855,48.58,2.85,72.17,103.53,1.146,Normal
2026-01-07 15:55:00,3.982,45.97,3.172,96.68,89.21,0.815,Normal
2026-01-15 11:45:00,2.446,48.45,2.922,88.85,89.72,0.954,Normal
2026-01-16 13:05:00,2.758,58.06,2.683,89.97,93.82,0.615,Normal
2026-01-03 14:55:00,4.02,64.43,2.247,111.32,118.62,1.045,Overload
2026-01-02 19:10:00,9.091,66.5,2.352,115.73,145.26,2.166,Joint Failure
2026-01-14 04:55:00,5.741,73.23,2.206,71.42,103.18,0.337,Joint Failure
2026-01-01 02:40:00,3.328,61.05,2.865,112.04,101.7,0.688,Normal
2026-01-11 04:45:00,3.127,48.76,2.831,91.05,119.75,2.038,Misalignment
2026-01-05 00:25:00,4.822,58.1,2.477,77.28,111.65,1.703,Belt Damage
2026-01-03 14:00:00,2.351,41.54,2.683,92.91,113.08,1.071,Normal
2026-01-06 04:45:00,2.982,50.53,3.214,83.39,114.73,1.064,Normal
2026-01-13 00:15:00,4.947,65.63,2.627,102.11,136.8,1.791,Misalignment
2026-01-14 00:55:00,1.846,53.55,2.773,86.99,95.46,1.137,Normal
2026-01-09 23:55:00,5.176,60.17,3.013,100.22,130.23,1.208,Overload
2026-01-03 17:15:00,0.609,52.83,3.376,77.38,102.84,0.724,Normal
2026-01-13 03:05:00,4.574,60.79,2.629,101.25,124.49,2.015,Belt Damage
2026-01-11 05:45:00,8.605,72.91,2.681,128.35,144.72,1.342,Joint Failure
2026-01-01 19:05:00,4.917,61.97,3.009,111.51,115.51,1.565,Misalignment
2026-01-03 23:25:00,3.47,46.27,2.71,93.78,121.55,0.729,Normal
2026-01-08 20:50:00,3.987,59.17,3.126,106.31,105.58,4.3,Misalignment
2026-01-15 20:10:00,5.644,58.23,2.435,100.82,107.55,3.58,Misalignment
2026-01-02 10:00:00,0.948,52.07,2.93,72.93,114.32,1.764,Belt Damage
2026-01-01 14:10:00,4.72,63.19,2.637,99.4,103.02,2.463,Misalignment
2026-01-02 21:00:00,6.052,54.79,2.108,57.01,101.72,0.794,Joint Failure
2026-01-08 16:10:00,4.669,59.61,2.334,134.86,138.83,1.593,Overload
2026-01-09 00:00:00,7.288,69.75,2.791,106.86,135.32,0.838,Joint Failure
2026-01-09 21:55:00,3.946,61.78,2.834,86.0,143.33,0.399,Normal
2026-01-03 03:05:00,2.708,68.7,2.465,75.73,106.27,0.864,Normal
2026-01-08 07:05:00,2.79,62.83,2.734,91.18,142.02,0.5,Normal
2026-01-07 06:40:00,2.807,56.43,3.069,106.14,107.51,1.019,Normal
2026-01-12 22:30:00,7.952,63.87,3.5,113.61,128.03,2.883,Joint Failure
2026-01-05 00:45:00,3.014,50.05,2.421,104.53,119.63,0.982,Normal
2026-01-15 16:05:00,4.921,39.2,2.597,113.47,100.28,1.405,Overload
2026-01-11 19:55:00,3.246,44.63,2.942,103.34,97.58,1.46,Normal
2026-01-13 16:20:00,4.81,65.0,2.32,85.78,115.65,1.659,Belt Damage
2026-01-06 14:10:00,4.529,49.35,2.041,76.54,116.65,1.204,Belt Damage
2026-01-07 17:00:00,5.287,69.88,2.729,119.82,101.31,4.0,Misalignment
2026-01-11 12:15:00,4.456,39.76,2.935,81.83,117.09,3.034,Misalignment
2026-01-02 23:00:00,3.355,53.28,2.843,104.88,96.25,0.81,Normal
2026-01-13 09:35:00,2.498,60.05,2.931,94.53,132.14,0.96,Normal
2026-01-15 17:55:00,3.443,53.48,2.969,128.31,90.02,0.262,Normal
2026-01-09 07:00:00,5.234,66.69,2.874,125.85,140.54,1.33,Overload
2026-01-06 02:35:00,5.38,63.35,2.413,95.88,129.68,1.408,Overload
2026-01-10 03:10:00,6.157,51.74,3.057,87.61,135.24,3.465,Misalignment
2026-01-07 08:55:00,5.017,62.55,2.915,66.3,76.04,1.91,Misalignment
2026-01-18 02:40:00,4.757,53.91,2.778,118.77,134.62,1.409,Overload
2026-01-13 01:35:00,3.048,62.5,2.422,98.51,150.59,1.163,Overload
2026-01-06 07:45:00,4.14,46.32,2.754,94.48,110.27,0.933,Normal
2026-01-16 00:35:00,3.108,63.77,2.87,116.42,146.75,2.171,Joint Failure
2026-01-09 15:00:00,2.43,31.97,2.692,96.29,87.89,0.416,Normal
2026-01-15 14:35:00,2.506,51.4,2.928,110.78,102.56,1.106,Normal
2026-01-05 01:40:00,4.222,58.38,2.323,108.92,133.16,3.579,Misalignment
2026-01-05 22:55:00,6.361,71.66,2.235,116.42,110.19,1.776,Joint Failure
2026-01-02 03:05:00,2.461,56.98,2.847,115.92,149.67,0.605,Overload
2026-01-04 15:35:00,3.448,44.63,2.86,106.06,91.44,0.369,Normal
2026-01-12 12:35:00,4.171,69.56,2.862,105.32,165.33,1.716,Overload
2026-01-17 09:25:00,4.425,40.59,2.758,93.68,88.46,0.757,Normal
2026-01-14 10:00:00,3.412,54.01,2.772,93.8,109.92,0.908,Normal
2026-01-10 00:55:00,2.52,62.99,3.218,93.5,81.38,0.05,Normal
2026-01-07 00:50:00,2.043,47.88,2.607,86.47,111.07,0.446,Normal
2026-01-05 03:40:00,6.956,68.23,2.37,110.92,123.93,0.396,Joint Failure
2026-01-03 03:40:00,2.561,60.24,3.173,75.06,128.86,0.661,Normal
2026-01-05 18:30:00,1.874,63.59,3.178,91.16,99.99,0.462,Normal
2026-01-10 23:55:00,4.368,45.06,2.56,83.85,89.2,1.179,Normal
2026-01-05 03:05:00,4.215,54.32,2.21,150.94,154.4,1.365,Overload
2026-01-02 03:20:00,2.936,65.66,2.755,79.32,103.75,0.522,Normal
2026-01-03 06:00:00,4.38,75.43,2.307,111.16,127.21,0.454,Overload
2026-01-04 02:45:00,5.233,52.32,2.506,59.49,132.51,1.556,Belt Damage
2026-01-14 11:30:00,6.304,54.43,2.842,81.53,113.42,2.219,Joint Failure
2026-01-04 21:35:00,3.226,57.88,2.72,115.56,118.99,1.106,Overload
2026-01-07 13:35:00,3.754,53.98,2.505,112.32,96.5,0.666,Normal
2026-01-17 02:55:00,3.501,59.09,2.521,104.19,102.23,0.576,Normal
2026-01-17 15:15:00,6.217,54.23,2.643,131.88,118.64,1.387,Joint Failure
2026-01-16 17:25:00,4.029,40.17,2.558,112.25,123.27,1.58,Normal
2026-01-15 16:50:00,4.154,53.35,3.328,97.57,108.68,0.263,Normal
2026-01-06 12:45:00,4.888,46.57,3.287,86.54,109.73,0.587,Normal
2026-01-12 12:00:00,3.662,53.95,2.5,101.8,148.2,2.034,Overload
2026-01-09 20:15:00,3.981,63.4,3.254,74.81,111.83,1.072,Normal
2026-01-06 08:45:00,3.063,60.36,3.5,83.96,137.08,0.966,Normal
2026-01-16 01:20:00,4.635,49.89,2.388,120.51,116.91,3.604,Misalignment
2026-01-04 13:15:00,6.615,67.59,2.692,131.83,125.35,1.512,Joint Failure
2026-01-07 20:15:00,5.786,60.26,2.357,89.27,123.79,2.595,Belt Damage
2026-01-18 07:40:00,4.003,65.63,2.506,110.48,139.33,0.921,Overload
2026-01-06 22:50:00,3.85,65.53,2.449,91.89,103.22,0.091,Normal
2026-01-06 23:05:00,4.407,55.33,2.336,131.74,151.13,1.0,Overload
2026-01-06 03:05:00,3.446,59.33,2.705,120.03,99.56,0.689,Overload
2026-01-03 19:25:00,2.905,56.52,2.763,93.35,93.16,0.195,Normal
2026-01-10 21:30:00,7.119,75.03,2.61,91.89,143.52,3.323,Misalignment
2026-01-04 09:30:00,4.153,47.28,2.765,70.78,99.41,0.705,Normal
2026-01-17 06:35:00,2.364,41.82,2.573,100.36,106.23,0.962,Normal
2026-01-17 23:55:00,2.2,55.64,3.18,102.27,96.36,1.376,Normal
2026-01-06 20:20:00,3.121,63.44,2.723,70.35,111.32,0.982,Normal
2026-01-17 04:20:00,5.021,68.15,2.682,105.93,140.91,1.69,Normal
2026-01-06 06:10:00,2.772,52.58,2.789,91.42,98.61,0.505,Normal
2026-01-09 08:20:00,5.567,56.92,2.76,93.37,108.4,3.471,Misalignment
2026-01-08 00:25:00,3.446,59.84,2.655,103.01,129.93,2.987,Misalignment
2026-01-16 19:25:00,4.434,61.09,2.589,90.26,97.93,0.986,Belt Damage
2026-01-07 03:15:00,4.443,51.22,2.461,91.19,96.99,1.413,Normal
2026-01-01 14:30:00,4.061,71.54,2.669,97.04,112.97,4.657,Misalignment
2026-01-06 09:30:00,2.921,44.68,3.286,108.85,106.84,0.05,Normal
2026-01-15 15:15:00,4.82,67.97,3.179,87.64,125.8,1.494,Belt Damage
2026-01-06 03:30:00,2.747,47.68,2.842,105.42,80.14,0.335,Normal
2026-01-16 11:45:00,2.776,49.08,2.792,99.21,99.2,0.583,Normal
2026-01-01 18:05:00,2.908,79.28,2.259,104.32,141.02,1.371,Overload
2026-01-14 14:10:00,4.237,54.15,2.204,104.33,98.88,1.144,Joint Failure
2026-01-13 22:00:00,2.665,49.59,2.551,106.81,95.5,0.832,Normal
2026-01-03 09:30:00,3.48,53.93,2.748,107.9,122.79,0.39,Normal
2026-01-09 22:45:00,4.899,56.83,3.055,93.45,91.06,2.874,Misalignment
2026-01-08 18:05:00,5.545,67.01,2.389,93.33,84.89,2.219,Belt Damage
2026-01-08 18:30:00,3.644,30.95,2.799,108.72,91.74,0.996,Normal
2026-01-04 20:10:00,3.998,59.04,3.06,106.37,113.06,0.264,Normal
2026-01-07 05:05:00,2.924,56.78,2.451,95.62,122.06,0.484,Normal
2026-01-12 01:40:00,4.292,74.14,2.654,70.69,125.53,1.83,Belt Damage
2026-01-09 11:00:00,3.478,58.02,2.483,106.86,99.24,1.198,Normal
2026-01-03 02:55:00,3.077,67.63,2.776,123.57,133.67,1.37,Overload
2026-01-13 17:00:00,3.369,52.46,2.486,71.52,92.26,0.91,Normal
2026-01-13 21:15:00,4.458,62.15,2.588,123.11,131.04,1.385,Overload
2026-01-03 00:00:00,3.36,54.12,3.134,81.65,124.98,0.485,Normal
2026-01-08 03:55:00,3.836,54.63,3.255,101.72,107.75,0.604,Normal
2026-01-16 09:35:00,2.256,51.34,2.675,110.61,104.61,0.924,Normal
2026-01-05 02:20:00,4.465,69.4,2.831,146.37,148.63,0.818,Joint Failure
2026-01-04 02:00:00,3.611,47.65,2.958,105.27,85.15,0.41,Normal
2026-01-11 20:40:00,8.296,66.37,2.659,94.83,99.4,1.604,Joint Failure
2026-01-07 00:20:00,2.219,45.77,2.615,112.03,90.67,1.04,Normal
2026-01-10 05:55:00,3.805,46.23,2.339,113.64,110.14,2.351,Misalignment
2026-01-03 20:05:00,3.481,50.82,2.856,77.65,89.55,1.02,Normal
2026-01-12 09:05:00,1.815,56.53,2.518,85.16,110.91,0.493,Normal
2026-01-07 10:55:00,4.863,79.82,2.63,104.6,146.51,0.813,Overload
2026-01-01 17:20:00,3.243,61.15,2.755,98.73,107.01,0.879,Normal
2026-01-02 00:25:00,1.953,44.94,2.981,109.96,112.39,1.12,Normal
2026-01-04 21:15:00,4.061,58.14,2.81,91.4,103.24,1.117,Normal
2026-01-08 16:25:00,4.548,75.42,2.397,87.16,166.57,2.316,Joint Failure
2026-01-06 14:05:00,3.314,45.18,2.878,97.99,93.05,0.465,Normal
2026-01-05 09:20:00,3.778,65.12,2.923,94.64,105.52,0.953,Normal
2026-01-04 10:30:00,4.086,73.4,2.535,111.91,168.69,0.973,Overload
2026-01-15 13:45:00,3.261,54.0,3.2,90.1,93.62,0.05,Normal
2026-01-06 14:40:00,4.452,60.73,1.507,129.1,121.31,1.035,Joint Failure
2026-01-02 05:25:00,1.92,48.39,2.908,79.76,114.24,1.159,Normal
2026-01-16 19:45:00,4.49,56.84,2.646,82.54,123.22,3.737,Misalignment
2026-01-08 00:30:00,8.303,59.02,2.65,127.31,126.22,2.205,Joint Failure
2026-01-13 19:30:00,5.152,72.4,2.894,97.61,127.23,0.856,Belt Damage
2026-01-09 20:55:00,6.173,57.5,2.748,116.91,105.95,1.585,Joint Failure
2026-01-11 14:00:00,3.56,51.98,3.162,89.17,112.91,0.693,Normal
2026-01-05 06:20:00,5.616,76.47,2.199,124.78,136.95,2.074,Joint Failure
2026-01-01 21:35:00,1.934,50.34,2.845,99.02,93.96,1.169,Normal
2026-01-06 06:35:00,6.104,65.17,2.838,80.78,138.48,0.767,Joint Failure
2026-01-07 04:05:00,1.604,56.58,2.99,91.62,123.6,0.561,Normal
2026-01-17 10:55:00,6.182,57.89,2.793,98.01,96.53,3.124,Misalignment
2026-01-07 03:30:00,3.701,45.3,2.835,87.14,96.94,0.05,Normal
2026-01-16 02:45:00,7.777,62.42,2.297,84.3,106.46,3.07,Joint Failure
2026-01-01 04:20:00,4.177,66.49,2.289,93.84,121.67,0.938,Joint Failure
2026-01-13 01:25:00,2.046,61.81,2.354,109.93,153.64,1.669,Overload
2026-01-17 06:15:00,3.119,64.51,2.343,98.37,111.75,0.537,Normal
2026-01-16 07:35:00,3.616,61.77,3.06,104.23,115.83,0.124,Normal
2026-01-09 08:45:00,2.341,59.41,2.445,74.43,107.27,0.362,Normal
2026-01-10 16:15:00,4.389,59.0,2.533,78.56,91.39,0.739,Normal
2026-01-09 03:20:00,3.002,62.91,2.087,109.32,122.6,1.629,Joint Failure
2026-01-04 14:05:00,2.193,52.4,2.716,105.15,111.07,0.05,Normal
2026-01-04 19:25:00,3.187,68.37,2.804,75.73,96.4,0.843,Normal
2026-01-02 21:15:00,3.724,68.09,2.52,103.3,131.33,3.532,Misalignment
2026-01-04 15:10:00,3.013,47.43,3.013,118.13,92.91,1.166,Normal
2026-01-07 13:50:00,2.327,50.97,2.759,98.02,64.61,2.5,Misalignment
2026-01-16 04:40:00,2.319,53.68,2.602,100.31,111.58,0.617,Normal
2026-01-01 02:30:00,5.471,56.44,2.806,101.14,119.49,2.22,Misalignment
2026-01-03 12:25:00,5.748,59.68,2.957,93.58,88.57,1.112,Belt Damage
2026-01-18 05:25:00,3.198,49.82,2.639,90.13,110.36,1.245,Normal
2026-01-17 09:10:00,4.694,64.92,2.979,92.59,114.18,1.224,Normal
2026-01-14 13:15:00,4.098,55.25,3.019,92.28,111.67,0.942,Normal
2026-01-05 22:50:00,2.671,45.61,2.741,83.2,96.79,0.944,Normal
2026-01-09 16:05:00,5.465,58.14,2.868,79.18,123.16,0.851,Belt Damage
2026-01-02 12:20:00,3.166,51.91,2.867,90.69,82.59,1.197,Normal
2026-01-09 13:50:00,1.708,58.14,3.325,115.21,108.11,0.755,Normal
2026-01-04 04:00:00,5.59,55.47,2.766,85.98,111.94,2.198,Misalignment
2026-01-15 15:50:00,3.695,54.98,2.464,96.86,118.93,2.041,Belt Damage
2026-01-16 02:40:00,3.553,64.5,2.783,91.89,106.31,0.453,Normal
2026-01-16 16:00:00,1.954,47.88,2.719,85.55,74.67,0.483,Normal
2026-01-16 10:15:00,1.793,55.82,2.5,90.49,97.11,0.314,Normal
2026-01-08 22:35:00,2.432,54.56,2.953,88.96,92.03,1.004,Normal
2026-01-16 23:05:00,3.534,52.69,2.398,115.45,98.44,0.241,Normal
2026-01-05 07:10:00,5.514,40.54,2.269,76.1,116.71,1.354,Joint Failure
2026-01-04 03:15:00,5.224,58.14,2.352,88.59,106.75,3.758,Misalignment
2026-01-13 13:40:00,3.67,57.35,2.636,89.04,116.41,3.438,Misalignment
2026-01-12 05:15:00,3.869,51.31,2.531,98.56,118.42,2.335,Misalignment
2026-01-10 22:15:00,2.473,56.05,2.804,95.14,92.75,1.141,Normal
2026-01-02 18:15:00,5.626,62.95,2.809,66.68,140.29,1.294,Belt Damage
2026-01-12 04:25:00,2.022,55.54,2.589,92.3,113.74,1.156,Normal
2026-01-01 15:15:00,3.93,70.05,2.718,70.22,135.09,0.213,Belt Damage
2026-01-06 10:20:00,4.035,52.85,2.849,106.76,95.76,0.94,Belt Damage
2026-01-10 09:20:00,3.692,66.21,2.996,153.84,139.69,1.175,Overload
2026-01-02 02:45:00,3.277,55.66,2.874,93.35,130.74,0.783,Overload
2026-01-13 08:55:00,1.512,64.22,3.123,112.37,115.03,0.099,Normal
2026-01-06 08:10:00,4.354,62.13,2.72,81.6,104.58,0.643,Normal
2026-01-07 09:05:00,3.464,55.21,2.989,111.29,96.53,0.451,Normal
2026-01-09 06:20:00,5.505,62.69,2.749,82.39,136.1,2.246,Belt Damage
2026-01-07 15:20:00,5.361,62.77,2.244,106.27,99.89,0.165,Joint Failure
2026-01-07 09:20:00,3.275,49.45,2.699,89.12,87.54,1.032,Normal
2026-01-08 08:15:00,3.706,49.93,2.985,85.16,100.07,0.439,Normal
2026-01-16 09:45:00,3.784,66.62,2.971,117.72,117.59,1.211,Overload
2026-01-04 23:30:00,4.062,71.06,2.296,110.12,127.39,1.333,Overload
2026-01-09 15:10:00,3.928,53.97,2.496,99.32,95.47,0.693,Normal
2026-01-01 03:40:00,3.503,50.72,2.828,97.45,113.99,0.461,Normal
2026-01-08 11:30:00,1.984,45.01,2.808,85.76,105.43,0.994,Normal
2026-01-06 07:10:00,2.953,64.62,2.653,103.22,96.96,0.07,Normal
2026-01-17 20:35:00,3.733,60.54,2.712,102.55,96.03,0.146,Normal
2026-01-05 18:50:00,3.39,57.95,2.959,84.42,105.27,0.804,Normal
2026-01-07 03:05:00,2.952,47.29,2.637,87.48,129.12,0.452,Normal
2026-01-11 11:00:00,1.905,47.33,3.019,94.02,84.05,0.358,Normal
2026-01-02 10:25:00,5.001,68.55,3.16,111.92,140.03,2.616,Misalignment
2026-01-15 21:00:00,3.78,56.41,2.641,85.77,116.35,3.794,Misalignment
2026-01-05 21:15:00,5.058,67.96,2.031,126.02,100.33,1.169,Overload
2026-01-06 18:10:00,2.867,63.36,2.858,76.98,117.69,0.47,Normal
2026-01-03 18:45:00,3.537,57.52,2.958,97.64,113.22,0.833,Normal
2026-01-05 11:20:00,4.576,62.86,2.807,96.06,122.62,0.641,Normal
2026-01-08 13:50:00,4.145,62.41,3.006,106.79,95.87,0.694,Normal
2026-01-09 23:40:00,3.211,45.28,2.847,80.18,86.6,1.152,Normal
2026-01-10 01:55:00,4.004,41.81,2.367,108.79,94.24,1.108,Normal
2026-01-09 01:10:00,4.181,51.76,3.199,83.04,107.28,0.585,Normal
2026-01-01 21:20:00,1.444,44.45,2.553,138.28,95.6,2.064,Joint Failure
2026-01-16 18:25:00,1.983,57.34,3.136,108.15,105.22,0.56,Normal
2026-01-07 00:05:00,4.296,63.99,2.633,106.38,143.67,1.335,Misalignment
2026-01-04 23:55:00,5.775,49.99,2.339,83.95,120.75,1.559,Belt Damage
2026-01-15 09:20:00,2.404,71.86,2.759,105.5,127.61,2.019,Belt Damage
2026-01-03 05:55:00,2.8,64.95,2.856,88.96,106.46,4.569,Misalignment
2026-01-11 02:20:00,2.091,57.91,3.233,95.35,115.16,0.287,Normal
2026-01-06 21:50:00,3.695,50.15,2.916,110.32,108.08,1.393,Normal
2026-01-07 12:45:00,7.29,65.7,2.414,84.19,147.59,1.986,Belt Damage
2026-01-14 02:00:00,3.207,52.9,3.164,71.91,103.95,0.907,Normal
2026-01-05 13:35:00,3.282,55.38,2.961,117.65,126.22,3.691,Misalignment
2026-01-08 21:05:00,2.993,53.89,2.85,74.51,91.69,1.09,Normal
2026-01-07 19:50:00,4.038,50.05,3.097,89.82,96.08,0.612,Normal
2026-01-09 13:25:00,3.341,66.24,2.839,83.55,111.76,1.304,Normal
2026-01-14 09:15:00,2.779,50.66,3.274,79.3,110.11,0.95,Normal
2026-01-05 16:30:00,3.878,54.74,2.583,81.15,111.25,2.136,Belt Damage
2026-01-12 10:40:00,4.644,63.33,2.52,85.0,110.8,3.893,Misalignment
2026-01-01 09:20:00,6.012,57.48,2.703,134.92,130.51,1.204,Joint Failure
2026-01-11 21:05:00,3.981,58.4,2.978,98.02,100.1,0.44,Normal
2026-01-01 21:55:00,2.322,41.95,2.73,88.69,108.59,0.583,Normal
2026-01-05 20:05:00,2.937,56.19,2.512,91.56,110.74,1.258,Normal
2026-01-07 12:30:00,2.665,46.14,2.766,86.56,96.9,0.864,Normal
2026-01-05 02:50:00,4.466,60.88,2.505,102.94,95.72,2.094,Misalignment
2026-01-11 15:55:00,4.034,62.55,2.499,122.99,106.93,4.158,Misalignment
2026-01-01 04:40:00,4.23,50.19,2.848,98.35,107.86,1.45,Normal
2026-01-05 13:05:00,3.761,70.54,2.662,106.93,110.31,1.846,Belt Damage
2026-01-03 09:55:00,2.01,69.66,2.767,95.81,92.8,3.096,Misalignment
2026-01-11 06:00:00,4.041,56.41,2.932,117.57,151.2,1.636,Overload
2026-01-06 23:50:00,1.631,55.08,3.099,77.76,87.87,0.37,Normal
2026-01-08 06:15:00,5.25,67.57,2.869,86.24,130.41,0.664,Joint Failure
2026-01-14 10:25:00,2.704,52.01,3.082,88.56,111.92,1.036,Normal
2026-01-02 02:35:00,2.934,66.25,2.78,94.15,121.54,0.624,Normal
2026-01-16 00:00:00,4.439,54.15,3.134,93.81,132.73,2.539,Misalignment
2026-01-03 08:50:00,3.416,47.2,2.334,99.49,123.56,0.75,Normal
2026-01-14 08:05:00,4.833,49.58,3.085,61.74,111.14,1.586,Normal
2026-01-12 03:45:00,3.167,48.97,2.545,114.59,123.65,1.792,Overload
2026-01-07 22:50:00,4.921,60.49,2.558,88.43,123.16,1.301,Belt Damage
2026-01-17 14:30:00,3.282,52.36,3.0,116.92,128.51,5.307,Misalignment
2026-01-15 09:50:00,2.989,58.51,2.678,113.49,112.89,0.523,Normal
2026-01-01 23:50:00,3.072,41.9,2.707,102.25,105.1,0.481,Normal
2026-01-07 13:20:00,4.222,82.9,2.851,125.68,116.93,1.518,Overload
2026-01-09 02:45:00,2.908,47.42,3.115,94.33,102.08,0.849,Normal
2026-01-09 18:00:00,3.621,60.07,2.906,112.54,132.9,0.997,Overload
2026-01-08 21:45:00,3.9,51.64,2.926,95.26,97.23,1.2,Normal
2026-01-08 09:15:00,2.75,58.52,2.946,97.21,86.8,0.517,Normal
2026-01-13 03:35:00,4.992,62.18,2.243,110.54,141.39,0.892,Overload
2026-01-15 14:55:00,3.827,70.0,2.728,117.49,104.11,5.09,Misalignment
2026-01-08 05:35:00,4.78,75.15,2.809,91.1,130.8,1.936,Belt Damage
2026-01-03 13:20:00,3.659,57.06,3.093,95.5,102.28,0.25,Normal
2026-01-17 16:05:00,3.695,46.47,2.95,113.84,110.9,0.565,Normal
2026-01-02 04:00:00,3.411,56.8,2.78,86.6,83.98,0.927,Belt Damage
2026-01-10 00:20:00,2.367,58.07,2.24,98.6,95.16,0.197,Normal
2026-01-10 14:55:00,3.25,57.25,2.601,92.82,103.8,0.785,Normal
2026-01-13 20:40:00,3.147,66.57,2.156,74.88,92.75,1.54,Joint Failure
2026-01-16 07:00:00,6.113,62.86,2.277,118.13,96.97,1.038,Joint Failure
2026-01-04 17:15:00,2.918,52.25,3.087,83.4,90.69,0.659,Normal
2026-01-08 22:50:00,4.61,67.33,3.008,96.62,117.08,4.454,Misalignment
2026-01-06 19:20:00,4.385,60.77,2.412,78.26,128.74,0.475,Belt Damage
2026-01-15 04:15:00,3.472,71.84,2.953,102.82,142.84,0.581,Overload
2026-01-15 18:10:00,2.867,50.95,2.812,103.15,107.2,1.146,Normal
2026-01-15 06:45:00,3.1,53.53,3.091,91.27,104.28,0.464,Normal
2026-01-16 07:20:00,2.018,48.98,2.74,117.75,101.13,0.765,Normal
2026-01-12 16:30:00,2.325,59.46,3.162,91.16,107.18,1.07,Normal
2026-01-06 04:00:00,2.318,51.15,2.636,84.2,101.45,0.88,Normal
2026-01-02 17:30:00,4.078,45.95,2.67,134.61,122.73,2.525,Joint Failure
2026-01-16 05:10:00,4.437,63.7,2.826,83.63,149.51,2.566,Misalignment
2026-01-13 01:55:00,3.0,44.26,2.718,101.45,104.51,0.733,Normal
2026-01-09 23:05:00,5.314,55.93,3.004,68.15,114.37,1.619,Belt Damage
2026-01-11 20:15:00,2.264,55.97,3.047,106.85,86.14,0.887,Normal
2026-01-11 03:25:00,4.066,69.66,2.199,89.94,144.84,1.351,Overload
2026-01-16 04:45:00,3.198,46.58,2.61,80.61,133.82,1.923,Belt Damage
2026-01-10 04:20:00,3.95,50.1,2.602,98.06,119.25,0.514,Normal
2026-01-15 21:10:00,4.797,61.02,2.76,82.15,117.63,2.915,Belt Damage
2026-01-15 00:40:00,4.45,57.89,2.74,91.17,136.8,1.707,Belt Damage
2026-01-08 01:30:00,5.548,64.36,2.857,80.23,131.44,2.925,Misalignment
2026-01-04 13:10:00,6.516,67.38,2.536,118.17,93.36,1.486,Joint Failure
2026-01-08 22:10:00,3.189,59.95,2.967,81.79,93.92,1.438,Normal
2026-01-17 23:10:00,3.442,56.9,2.262,117.24,95.82,0.618,Normal
2026-01-15 15:35:00,3.531,51.75,2.658,85.92,116.41,1.038,Normal
2026-01-11 15:15:00,4.585,61.78,2.221,86.79,102.71,2.317,Misalignment
2026-01-16 03:45:00,5.514,48.22,2.427,111.87,113.97,3.628,Misalignment
2026-01-03 07:25:00,3.442,58.44,2.567,103.32,106.42,0.584,Normal
2026-01-14 15:40:00,6.873,54.24,1.945,116.4,101.27,4.049,Misalignment
2026-01-10 03:50:00,7.572,60.22,2.658,103.81,133.67,1.217,Joint Failure
2026-01-12 00:40:00,2.032,53.82,2.837,103.73,82.1,3.373,Misalignment
2026-01-15 19:25:00,1.841,55.26,2.877,130.42,104.43,0.701,Normal
2026-01-11 20:05:00,3.221,57.24,2.539,106.95,88.02,0.88,Normal
2026-01-04 12:45:00,4.243,62.58,2.757,94.14,138.0,4.99,Misalignment
2026-01-02 22:25:00,2.303,67.71,2.969,115.82,117.02,1.436,Normal
2026-01-09 07:55:00,4.965,54.14,3.041,106.4,114.49,1.836,Misalignment
2026-01-05 04:35:00,3.594,54.11,2.698,73.59,99.53,1.443,Normal
2026-01-07 23:05:00,5.579,72.2,2.534,117.84,102.22,0.542,Overload
2026-01-10 05:20:00,3.747,56.92,2.607,108.55,138.94,0.902,Belt Damage
2026-01-08 09:55:00,3.93,55.44,2.607,77.92,142.47,0.542,Belt Damage
2026-01-06 05:50:00,7.069,71.0,2.568,93.59,112.61,0.15,Belt Damage
2026-01-07 00:40:00,3.455,52.28,2.617,100.59,116.38,0.707,Normal
2026-01-01 20:25:00,5.227,71.68,2.607,150.39,120.06,1.549,Joint Failure
2026-01-05 00:55:00,3.598,58.81,3.195,107.14,160.82,1.57,Overload
2026-01-12 16:10:00,4.8,60.35,3.093,105.45,88.27,1.076,Overload
2026-01-01 22:10:00,2.432,65.27,2.518,112.65,131.58,1.452,Overload
2026-01-09 05:10:00,2.935,51.49,3.482,94.53,117.43,1.125,Normal
2026-01-04 20:50:00,5.749,58.06,2.571,119.84,92.09,3.876,Misalignment
2026-01-01 05:15:00,3.683,48.18,2.676,114.96,97.55,1.086,Normal
2026-01-10 00:00:00,3.558,64.76,2.394,99.84,100.35,4.211,Misalignment
2026-01-10 16:20:00,9.408,66.41,2.264,116.96,130.16,0.721,Joint Failure
2026-01-10 13:45:00,3.262,56.24,2.555,96.32,142.84,1.73,Belt Damage
2026-01-11 10:55:00,2.45,33.78,3.244,94.86,79.99,0.565,Normal
2026-01-11 16:20:00,6.791,74.77,2.858,88.59,128.14,2.193,Joint Failure
2026-01-11 09:50:00,2.629,61.63,2.752,100.09,111.31,0.483,Normal
2026-01-10 18:35:00,3.64,80.87,2.766,130.23,146.32,0.425,Overload
2026-01-08 20:15:00,1.985,43.81,2.914,80.09,105.94,0.915,Normal
2026-01-18 05:10:00,3.093,55.61,2.731,90.02,108.82,0.463,Normal
2026-01-12 03:00:00,3.433,67.08,2.895,117.4,81.28,2.105,Misalignment
2026-01-05 07:05:00,3.248,64.09,3.125,85.85,105.62,0.713,Normal
2026-01-01 08:35:00,2.736,44.86,2.604,92.76,102.57,0.42,Normal
2026-01-10 04:15:00,5.023,66.09,1.907,121.0,106.77,4.585,Misalignment
2026-01-01 22:40:00,6.142,52.91,2.912,85.99,101.12,1.452,Belt Damage
2026-01-02 18:20:00,3.861,59.86,2.634,132.09,134.97,0.05,Joint Failure
2026-01-08 17:30:00,2.771,53.67,3.222,108.09,106.35,1.286,Normal
2026-01-18 03:05:00,2.794,53.54,3.115,119.6,73.12,1.015,Normal
2026-01-09 11:25:00,2.802,44.5,2.868,109.12,79.02,0.722,Normal
2026-01-04 00:05:00,5.852,64.44,2.512,84.86,126.94,3.203,Misalignment
2026-01-12 13:10:00,5.608,54.54,2.77,91.42,129.02,1.634,Overload
2026-01-04 03:40:00,1.054,50.64,2.346,101.85,97.66,1.056,Normal
2026-01-08 08:10:00,5.791,53.05,2.365,95.28,92.8,1.637,Misalignment
2026-01-14 12:40:00,2.812,57.86,2.982,127.13,114.12,0.792,Normal
2026-01-06 15:35:00,1.925,64.67,2.493,85.49,79.82,1.972,Normal
2026-01-10 23:25:00,3.201,60.29,2.687,95.08,90.95,0.917,Normal
2026-01-06 06:50:00,1.575,53.39,2.835,73.93,112.29,0.78,Normal
2026-01-03 21:35:00,3.864,55.96,2.542,98.67,111.45,0.766,Normal
2026-01-02 05:50:00,4.562,58.46,2.778,134.54,108.39,3.256,Joint Failure
2026-01-01 11:30:00,3.372,53.7,2.62,88.79,98.37,0.871,Normal
2026-01-02 00:55:00,3.635,54.36,2.755,102.98,112.12,0.889,Normal
2026-01-06 09:40:00,2.562,61.88,2.987,99.99,108.24,1.709,Misalignment
2026-01-04 11:35:00,5.145,48.5,3.147,117.38,117.37,0.694,Overload
2026-01-02 07:50:00,3.447,46.72,1.987,113.35,115.28,2.592,Misalignment
2026-01-04 06:25:00,3.52,60.81,2.688,101.2,80.89,3.916,Misalignment
2026-01-16 10:30:00,2.603,61.73,2.599,103.54,93.95,0.702,Normal
2026-01-17 20:30:00,5.269,61.53,2.618,100.52,108.08,4.17,Misalignment
2026-01-03 15:25:00,3.568,55.76,2.991,98.71,118.34,0.711,Normal
2026-01-06 22:05:00,4.258,57.78,2.68,101.92,150.67,1.002,Normal
2026-01-07 12:05:00,5.259,59.71,2.671,87.05,152.02,1.811,Belt Damage
2026-01-09 20:30:00,3.822,57.14,2.549,96.74,142.82,0.784,Normal
2026-01-08 05:50:00,1.675,58.35,3.218,89.96,116.65,1.687,Normal
2026-01-08 15:05:00,5.099,56.66,2.497,88.34,113.33,1.715,Belt Damage
2026-01-04 02:50:00,2.479,47.7,2.792,109.96,106.42,0.638,Normal
2026-01-14 21:15:00,3.544,59.49,2.582,96.09,107.48,1.212,Normal
2026-01-13 13:15:00,3.024,55.14,2.794,97.67,116.5,0.415,Normal
2026-01-05 20:50:00,2.716,59.13,2.686,103.35,130.79,0.903,Normal
2026-01-14 10:45:00,5.544,59.0,2.735,81.44,137.4,0.05,Belt Damage
2026-01-14 03:25:00,1.517,51.41,2.988,89.74,110.55,0.293,Normal
2026-01-16 05:30:00,6.753,56.47,2.884,139.04,137.2,2.594,Joint Failure
2026-01-11 06:15:00,3.912,70.48,2.905,122.43,115.46,1.024,Overload
2026-01-06 06:00:00,7.227,50.3,2.479,114.73,123.43,1.448,Joint Failure
2026-01-05 03:00:00,3.316,57.21,2.683,106.84,132.56,0.502,Normal
2026-01-11 09:05:00,5.935,75.51,2.827,100.98,124.34,3.001,Belt Damage
2026-01-08 05:20:00,4.879,60.39,3.006,98.66,123.26,0.941,Normal
2026-01-18 07:15:00,5.034,56.49,2.217,68.23,122.61,1.278,Belt Damage
2026-01-12 22:25:00,4.71,70.28,2.752,98.42,102.96,1.27,Misalignment
2026-01-01 09:00:00,2.467,58.06,2.872,84.98,125.57,0.886,Normal
2026-01-17 07:30:00,4.285,53.33,2.983,99.04,113.74,1.001,Normal
2026-01-10 19:35:00,2.728,48.48,3.011,95.34,121.04,0.83,Normal
2026-01-17 11:35:00,3.139,60.78,2.759,109.7,99.86,1.238,Normal
2026-01-01 04:50:00,2.514,61.22,2.744,99.8,96.9,1.008,Normal
2026-01-01 06:20:00,2.804,64.46,2.432,136.72,150.09,0.738,Overload
2026-01-03 18:20:00,2.638,61.2,2.393,68.97,93.8,1.1,Joint Failure
2026-01-02 06:40:00,2.837,67.42,2.807,80.44,100.72,1.133,Normal
2026-01-18 00:45:00,3.135,65.48,2.877,85.57,122.53,0.748,Normal
2026-01-03 17:25:00,2.71,41.26,2.939,88.21,115.41,1.384,Belt Damage
2026-01-08 06:00:00,4.554,61.94,2.764,91.44,109.97,2.265,Belt Damage
2026-01-09 00:50:00,7.068,43.67,2.559,100.99,136.74,1.442,Joint Failure
2026-01-12 18:00:00,3.858,46.49,2.658,102.02,120.59,0.456,Normal
2026-01-13 12:25:00,2.343,56.59,2.835,99.74,95.11,1.299,Normal
2026-01-15 06:35:00,2.638,70.19,2.906,94.08,105.37,0.717,Normal
2026-01-07 14:30:00,4.375,71.43,3.068,139.73,163.98,1.589,Overload
2026-01-06 21:55:00,1.731,56.79,2.811,102.22,131.29,1.295,Normal
2026-01-01 10:05:00,4.593,48.85,2.583,62.3,141.16,1.346,Belt Damage
2026-01-07 09:40:00,6.187,82.34,1.981,142.09,171.06,0.529,Joint Failure
2026-01-09 05:25:00,4.167,50.84,2.253,124.4,110.23,0.711,Overload
2026-01-13 22:40:00,3.355,53.1,2.502,92.47,101.69,0.754,Normal
2026-01-04 03:50:00,4.988,62.74,2.884,52.75,93.62,1.932,Misalignment
2026-01-01 10:20:00,3.117,48.59,2.967,83.52,128.1,0.29,Normal
2026-01-09 22:20:00,2.984,54.06,2.803,80.86,118.59,1.374,Normal
2026-01-06 12:10:00,4.615,68.07,2.376,114.98,142.53,1.044,Overload
2026-01-05 08:45:00,3.686,57.1,3.108,88.77,101.89,0.889,Normal
2026-01-12 22:45:00,2.415,52.54,2.701,73.08,106.71,0.33,Normal
2026-01-13 02:00:00,2.092,46.14,2.785,115.6,117.03,0.489,Normal
2026-01-15 06:20:00,4.544,60.04,2.494,94.2,152.57,0.567,Belt Damage
2026-01-05 02:10:00,2.433,78.14,2.575,111.25,119.49,1.655,Overload
2026-01-13 00:35:00,5.464,58.49,2.638,97.95,116.74,3.685,Misalignment
2026-01-13 01:05:00,3.098,50.09,2.495,96.16,111.21,1.086,Normal
2026-01-13 00:55:00,5.279,46.06,2.671,98.84,105.82,3.935,Misalignment
2026-01-08 07:15:00,3.087,71.03,2.709,122.0,130.23,1.932,Overload
2026-01-02 12:50:00,2.687,50.7,3.163,108.42,116.85,0.968,Normal
2026-01-08 17:35:00,4.551,60.09,2.643,84.8,94.7,3.561,Misalignment
2026-01-16 08:00:00,2.74,45.32,2.818,80.88,116.93,0.867,Normal
2026-01-04 05:05:00,2.902,55.44,3.184,70.0,104.57,0.495,Normal
2026-01-14 23:00:00,2.295,47.79,2.496,90.53,115.13,0.593,Normal
2026-01-08 10:45:00,3.769,59.3,2.696,74.96,93.58,0.362,Belt Damage
2026-01-17 13:30:00,2.294,61.51,2.657,86.61,100.61,0.346,Normal
2026-01-05 21:35:00,3.912,49.19,2.745,114.44,112.18,0.427,Normal
2026-01-13 00:50:00,1.71,49.76,2.17,107.52,119.78,1.245,Normal
2026-01-08 04:40:00,3.26,61.06,3.114,106.38,104.23,1.103,Normal
2026-01-06 05:45:00,3.561,55.04,2.599,130.3,135.47,1.941,Overload
2026-01-05 06:15:00,2.027,50.73,2.327,94.76,97.39,0.922,Normal
2026-01-15 03:20:00,5.127,57.82,2.646,78.37,116.39,4.217,Misalignment
2026-01-09 23:25:00,3.506,60.07,2.354,106.26,112.7,2.737,Misalignment
2026-01-16 10:50:00,4.314,58.89,2.399,89.4,91.23,1.217,Normal
2026-01-11 05:55:00,3.722,59.52,2.304,121.56,159.75,1.156,Overload
2026-01-14 11:45:00,6.302,52.93,2.916,117.45,143.59,1.457,Joint Failure
2026-01-02 03:00:00,7.155,51.12,2.689,111.02,88.44,3.004,Joint Failure
2026-01-14 19:25:00,3.112,46.13,3.012,89.83,86.52,1.181,Normal
2026-01-13 10:00:00,1.058,60.38,2.959,89.78,113.78,1.117,Normal
2026-01-08 16:15:00,3.889,45.14,2.7,106.33,145.98,0.974,Overload
2026-01-12 10:50:00,3.563,47.64,2.874,87.77,90.71,0.961,Normal
2026-01-11 12:55:00,3.89,45.86,2.78,91.49,135.09,1.417,Normal
2026-01-06 04:50:00,2.407,52.02,2.855,91.92,116.86,0.355,Normal
2026-01-06 05:10:00,3.767,59.48,2.639,81.7,113.6,0.972,Normal
2026-01-04 11:50:00,3.422,65.75,2.76,110.94,138.99,1.779,Overload
2026-01-15 12:15:00,2.042,47.25,2.76,85.67,91.31,1.119,Normal
2026-01-11 11:05:00,1.543,50.81,2.944,78.75,129.43,0.658,Normal
2026-01-13 05:00:00,2.294,41.15,2.857,83.31,132.53,0.603,Normal
2026-01-06 02:15:00,3.688,55.55,3.054,96.09,90.24,0.506,Normal
2026-01-05 06:05:00,2.628,61.8,2.617,92.27,120.37,3.153,Misalignment
2026-01-11 23:55:00,3.45,53.7,2.26,111.46,95.54,0.586,Normal
2026-01-08 20:55:00,3.698,77.78,2.671,95.32,153.96,0.889,Overload
2026-01-14 05:20:00,2.979,44.77,2.83,90.73,129.64,1.309,Normal
2026-01-05 05:20:00,2.614,57.2,2.535,90.2,107.74,0.573,Normal
2026-01-14 19:20:00,2.278,48.08,2.821,90.88,111.54,0.262,Normal
2026-01-16 22:00:00,3.024,51.19,2.143,132.23,150.16,1.518,Overload
2026-01-02 11:00:00,2.482,65.71,2.407,120.48,123.55,0.803,Overload
2026-01-12 21:10:00,4.055,62.14,2.845,116.54,155.84,2.028,Overload
2026-01-01 00:30:00,2.986,58.37,3.484,88.83,117.56,0.931,Normal
2026-01-04 05:40:00,5.162,64.12,2.535,94.0,114.93,0.05,Joint Failure
2026-01-06 20:55:00,3.424,45.37,2.79,104.32,113.0,1.361,Normal
2026-01-02 12:35:00,3.247,48.14,2.733,96.75,115.81,1.54,Normal
2026-01-05 13:25:00,5.039,49.67,2.754,65.92,124.37,1.702,Belt Damage
2026-01-03 08:30:00,4.083,62.2,2.817,134.56,99.45,1.429,Joint Failure
2026-01-07 17:55:00,3.646,75.68,2.853,130.89,156.85,1.818,Overload
2026-01-17 00:10:00,3.434,51.53,2.726,74.42,156.99,0.843,Normal
2026-01-12 11:15:00,2.336,74.59,2.698,76.12,86.63,0.524,Normal
2026-01-08 21:00:00,3.806,62.33,3.158,82.83,94.58,0.101,Normal
2026-01-17 02:05:00,5.631,55.39,2.882,91.98,117.81,2.644,Belt Damage
2026-01-15 04:00:00,2.474,65.52,2.499,150.48,144.38,1.157,Overload
2026-01-09 17:50:00,4.083,61.89,2.638,80.28,82.01,2.746,Misalignment
2026-01-09 11:15:00,1.911,54.76,2.889,76.01,89.68,0.421,Normal
2026-01-15 00:25:00,2.606,64.17,2.99,118.86,113.66,1.441,Overload
2026-01-07 13:45:00,2.744,53.67,3.143,94.69,93.77,0.562,Normal
2026-01-15 17:40:00,3.161,47.76,3.006,107.38,113.69,0.638,Normal
2026-01-17 18:25:00,4.128,40.89,2.799,95.97,109.48,0.887,Normal
2026-01-10 04:00:00,2.653,51.18,2.685,99.67,118.89,1.071,Normal
2026-01-01 16:10:00,3.109,54.46,2.911,90.68,114.44,0.469,Normal
2026-01-06 02:50:00,2.343,61.93,2.592,97.54,113.43,0.595,Normal
2026-01-17 00:40:00,3.47,70.7,3.321,120.95,156.42,1.44,Overload
2026-01-05 04:55:00,2.399,44.05,2.984,83.72,101.15,1.262,Normal
2026-01-09 11:10:00,4.454,57.87,2.565,92.57,83.14,0.615,Normal
2026-01-06 18:05:00,3.468,58.17,2.423,97.55,118.02,0.514,Normal
2026-01-10 09:00:00,2.379,65.67,2.857,97.88,134.86,0.772,Normal
2026-01-11 16:50:00,3.935,62.2,2.674,79.3,99.49,1.06,Normal
2026-01-10 09:25:00,3.621,57.68,2.606,134.61,131.49,1.078,Overload
2026-01-15 16:10:00,2.388,50.66,3.212,102.13,130.05,0.541,Normal
2026-01-10 20:50:00,6.703,56.6,2.471,103.55,118.9,1.251,Belt Damage
2026-01-08 23:50:00,2.554,64.12,2.688,88.25,108.74,1.411,Normal
2026-01-04 22:10:00,4.782,72.68,2.968,126.21,149.42,0.741,Overload
2026-01-06 01:45:00,5.064,61.58,3.158,81.42,108.3,4.28,Misalignment
2026-01-01 23:00:00,3.982,61.85,2.553,130.85,142.05,1.187,Overload
2026-01-08 17:10:00,4.15,70.7,2.68,87.65,106.95,1.034,Normal
2026-01-09 02:15:00,2.187,60.47,2.466,89.93,93.62,0.642,Normal
2026-01-16 00:10:00,2.55,67.59,2.496,72.62,86.11,2.803,Misalignment
2026-01-05 12:30:00,3.732,66.37,2.934,85.43,106.6,1.036,Normal
2026-01-09 17:45:00,3.14,52.58,3.202,92.86,107.33,1.063,Normal
2026-01-01 18:30:00,2.529,60.79,2.539,66.8,89.72,1.573,Normal
2026-01-08 01:40:00,3.069,62.03,2.373,104.69,83.35,0.62,Normal
2026-01-07 16:20:00,4.175,67.08,2.505,126.8,122.45,1.092,Overload
2026-01-02 23:45:00,2.981,45.9,2.753,111.47,123.6,3.359,Misalignment
2026-01-05 07:00:00,5.442,78.17,2.554,85.39,128.99,0.976,Belt Damage
2026-01-13 07:20:00,5.707,55.94,2.346,51.54,153.75,1.897,Belt Damage
2026-01-08 09:45:00,2.529,56.94,2.996,110.61,94.57,0.467,Normal
2026-01-05 15:10:00,4.295,68.38,2.349,116.29,100.66,1.507,Joint Failure
2026-01-09 12:45:00,5.12,61.2,2.944,99.8,109.71,3.215,Misalignment
2026-01-02 10:50:00,5.114,66.27,2.631,120.04,98.0,3.664,Misalignment
2026-01-18 01:30:00,3.085,47.7,2.462,94.64,110.87,0.97,Normal
2026-01-04 20:00:00,5.539,66.09,2.247,84.9,138.56,1.136,Joint Failure
2026-01-01 21:25:00,3.968,61.03,2.307,126.45,154.04,1.387,Overload
2026-01-02 00:35:00,2.687,43.02,2.732,104.97,87.58,1.19,Normal
2026-01-09 04:45:00,3.778,39.41,2.72,87.78,112.39,1.307,Normal
2026-01-02 08:10:00,4.554,58.07,3.133,111.23,110.85,0.795,Normal
2026-01-12 11:40:00,3.345,61.98,2.348,98.36,85.02,0.934,Normal
2026-01-14 22:25:00,4.715,48.78,2.903,107.3,104.25,0.909,Normal
2026-01-08 17:55:00,2.03,52.83,2.605,100.94,109.67,1.027,Normal
2026-01-09 20:50:00,3.971,52.86,2.944,112.56,118.01,0.772,Normal
2026-01-16 01:15:00,3.733,54.09,2.78,100.47,103.59,1.222,Normal
2026-01-13 04:55:00,6.757,62.22,2.127,122.41,142.57,2.491,Joint Failure
2026-01-07 09:15:00,2.587,44.12,2.78,89.89,129.2,0.477,Normal
2026-01-16 05:20:00,5.377,43.41,2.648,85.65,107.96,2.66,Belt Damage
2026-01-06 10:15:00,3.433,59.29,2.783,93.55,80.8,0.689,Normal
2026-01-07 23:55:00,3.43,56.45,3.009,113.55,110.88,0.961,Normal
2026-01-05 20:40:00,1.625,49.91,2.994,105.23,86.89,1.002,Normal
2026-01-03 11:20:00,3.696,58.84,1.987,101.29,87.29,1.071,Normal
2026-01-09 09:40:00,2.619,48.99,2.617,93.42,99.87,0.791,Normal
2026-01-10 02:15:00,3.829,46.04,2.681,111.27,110.65,0.488,Normal
2026-01-01 17:25:00,3.642,55.54,2.738,82.11,122.67,1.358,Normal
2026-01-18 04:00:00,4.2,72.97,2.75,112.55,113.75,1.373,Overload
2026-01-05 11:25:00,3.467,47.08,2.724,80.3,105.43,0.682,Normal
2026-01-02 13:25:00,3.826,66.72,3.1,103.79,107.4,0.85,Normal
2026-01-15 04:55:00,3.422,62.76,2.449,97.91,98.18,0.383,Normal
2026-01-09 22:05:00,7.906,64.69,2.081,100.36,132.61,1.113,Joint Failure
2026-01-07 07:40:00,2.175,52.29,3.147,106.82,131.68,0.883,Normal
2026-01-04 07:50:00,2.857,62.35,2.663,97.96,113.71,0.781,Normal
2026-01-07 05:25:00,3.991,37.36,2.825,94.07,132.91,3.586,Misalignment
2026-01-17 14:50:00,4.221,57.95,2.999,69.86,116.24,2.694,Belt Damage
2026-01-03 06:30:00,2.932,48.94,2.841,100.09,120.62,0.932,Normal
2026-01-09 08:35:00,2.443,56.68,2.96,79.3,103.95,1.173,Normal
2026-01-14 09:00:00,4.876,72.08,3.328,100.63,101.68,3.648,Misalignment
2026-01-07 22:15:00,3.31,57.4,2.664,102.98,137.87,2.995,Misalignment
2026-01-07 02:40:00,2.855,51.04,2.563,72.28,110.06,1.352,Normal
2026-01-09 04:10:00,3.9,56.64,2.393,115.23,157.58,1.34,Overload
2026-01-10 12:25:00,2.986,55.68,2.45,79.41,94.26,0.712,Normal
2026-01-10 02:05:00,4.013,46.98,2.526,95.31,101.39,0.382,Normal
2026-01-02 10:15:00,7.194,59.15,2.999,74.79,110.78,2.11,Joint Failure
2026-01-07 03:50:00,4.29,59.46,2.536,88.06,179.69,1.376,Overload
2026-01-14 19:30:00,4.017,47.23,2.334,81.23,145.68,0.756,Normal
2026-01-08 14:10:00,4.295,57.31,3.041,82.69,85.61,2.475,Belt Damage
2026-01-09 06:15:00,4.268,64.1,2.374,128.72,157.58,0.784,Overload
2026-01-14 18:15:00,4.389,47.04,2.722,117.3,94.55,3.585,Misalignment
2026-01-15 23:15:00,6.113,61.92,2.918,75.62,139.37,2.653,Joint Failure
2026-01-17 13:50:00,3.39,61.13,2.737,108.18,90.17,1.158,Normal
2026-01-13 20:30:00,3.77,57.49,2.855,106.42,93.67,1.637,Normal
2026-01-14 19:00:00,2.915,53.95,2.632,104.41,99.46,1.034,Normal
2026-01-17 13:05:00,6.095,67.68,2.134,98.01,140.75,3.057,Joint Failure
2026-01-13 08:30:00,4.284,58.52,3.11,98.04,95.15,1.135,Normal
2026-01-15 06:30:00,4.955,60.45,2.871,101.29,128.93,2.595,Misalignment
2026-01-13 03:25:00,4.35,62.67,2.411,91.44,132.41,1.427,Belt Damage
2026-01-14 01:45:00,2.988,45.79,2.493,102.81,130.0,0.677,Normal
2026-01-02 11:50:00,1.878,49.26,3.205,99.41,110.06,0.697,Normal
2026-01-16 13:40:00,3.533,47.54,2.81,115.88,106.15,0.657,Normal
2026-01-09 01:25:00,5.612,55.99,2.402,100.39,155.46,0.723,Overload
2026-01-05 17:50:00,4.412,64.91,1.775,134.91,120.32,1.273,Overload
2026-01-07 22:00:00,5.45,61.34,2.725,93.58,123.77,4.084,Misalignment
2026-01-10 21:35:00,2.446,54.61,3.272,79.77,102.94,0.856,Normal
2026-01-05 02:00:00,2.842,63.05,2.635,138.71,134.28,0.332,Overload
2026-01-13 06:00:00,5.057,74.38,2.504,61.38,129.77,2.979,Joint Failure
2026-01-06 03:00:00,3.706,67.05,2.76,90.42,177.22,1.366,Overload
2026-01-13 23:40:00,4.808,66.85,2.943,74.69,150.6,2.091,Belt Damage
2026-01-08 02:25:00,3.934,55.84,2.323,135.57,109.67,1.725,Overload
2026-01-01 08:30:00,3.814,53.5,2.831,97.33,116.08,0.528,Normal
2026-01-16 00:55:00,2.575,54.93,2.575,78.48,108.86,0.935,Normal
2026-01-11 09:20:00,4.975,59.31,2.583,112.78,153.33,4.814,Misalignment
2026-01-05 09:15:00,3.742,64.03,2.952,107.71,93.58,1.05,Normal
2026-01-11 00:05:00,4.364,68.63,2.498,89.4,120.03,1.569,Belt Damage
2026-01-11 21:30:00,3.109,63.02,3.077,90.6,100.48,1.628,Normal
2026-01-13 13:50:00,3.411,48.02,2.7,112.47,81.27,0.286,Normal
2026-01-12 02:55:00,4.45,65.05,2.775,81.1,121.39,0.782,Belt Damage
2026-01-15 20:30:00,1.748,62.33,2.96,107.62,100.32,0.762,Normal
2026-01-12 10:55:00,3.991,63.46,2.728,118.78,143.32,1.014,Overload
2026-01-18 08:05:00,2.489,57.52,2.702,86.5,114.7,4.606,Misalignment
2026-01-13 14:45:00,1.928,47.09,2.605,118.65,110.38,0.621,Normal
2026-01-06 16:55:00,2.622,48.25,3.076,104.72,105.26,3.08,Misalignment
2026-01-16 15:25:00,4.881,49.81,2.942,102.28,113.58,0.791,Normal
2026-01-01 00:00:00,2.327,52.78,2.062,88.1,106.34,0.776,Normal
2026-01-06 11:40:00,3.464,41.22,2.23,103.83,90.81,0.583,Normal
2026-01-16 08:30:00,4.677,61.49,2.683,109.31,104.56,3.34,Misalignment
2026-01-15 07:00:00,3.791,57.5,2.849,80.8,95.25,2.291,Belt Damage
2026-01-05 17:00:00,5.285,74.7,2.072,92.72,113.4,1.967,Belt Damage
2026-01-15 14:05:00,2.387,53.69,2.799,107.51,102.92,0.543,Normal
2026-01-16 21:10:00,2.876,70.3,3.019,132.22,119.56,1.107,Overload
2026-01-13 23:05:00,2.61,58.38,2.649,104.4,100.94,0.05,Normal
2026-01-08 00:45:00,3.979,48.14,3.077,97.29,110.12,0.774,Normal
2026-01-08 16:50:00,4.11,65.05,2.566,67.68,111.81,1.978,Belt Damage
2026-01-02 09:00:00,5.472,57.56,2.426,83.17,113.15,1.102,Belt Damage
2026-01-18 03:45:00,2.841,69.51,2.466,84.21,107.28,0.662,Normal
2026-01-04 16:40:00,3.593,60.97,3.109,69.08,109.33,0.387,Normal
2026-01-11 16:40:00,3.677,64.51,2.947,106.9,177.4,1.132,Overload
2026-01-08 11:25:00,7.395,65.99,2.402,99.84,127.52,1.734,Belt Damage
2026-01-03 20:10:00,2.204,45.9,2.626,108.64,94.42,0.807,Normal
2026-01-07 07:00:00,2.932,51.36,2.77,65.41,102.73,0.302,Normal
2026-01-09 20:40:00,2.152,68.14,2.673,119.8,141.53,0.682,Overload
2026-01-06 09:20:00,5.64,43.86,2.494,87.68,112.08,1.628,Belt Damage
2026-01-15 01:15:00,6.774,58.41,2.505,90.75,110.58,3.137,Misalignment
2026-01-03 20:00:00,4.294,59.16,2.438,118.38,88.08,4.372,Misalignment
2026-01-06 11:00:00,4.346,69.88,2.661,125.37,165.66,1.071,Overload
2026-01-16 19:20:00,2.297,57.16,2.432,109.25,94.43,0.892,Normal
2026-01-07 06:00:00,5.176,59.25,2.456,112.7,119.9,2.31,Joint Failure
2026-01-15 21:15:00,6.497,61.92,2.862,77.24,89.21,2.467,Misalignment
2026-01-02 07:45:00,4.391,49.64,2.138,107.55,120.01,0.335,Overload
2026-01-10 23:30:00,1.887,76.22,2.445,112.96,113.66,0.86,Overload
2026-01-16 02:15:00,4.211,60.02,3.205,108.84,113.68,4.339,Misalignment
2026-01-17 01:30:00,3.404,51.14,2.833,85.46,114.2,0.714,Normal
2026-01-13 03:55:00,4.178,69.01,3.106,89.46,129.42,1.051,Normal
2026-01-09 00:35:00,5.185,70.35,2.829,94.66,150.58,1.405,Belt Damage
2026-01-07 04:20:00,2.282,54.42,2.538,102.35,86.62,0.404,Normal
2026-01-10 11:10:00,3.239,54.05,2.821,93.61,106.01,0.181,Normal
2026-01-09 11:05:00,2.957,54.88,2.633,85.41,111.7,0.758,Normal
2026-01-09 02:25:00,3.224,61.33,2.625,82.75,91.41,0.947,Misalignment
2026-01-04 00:00:00,2.664,57.26,2.819,100.57,106.89,0.684,Normal
2026-01-13 15:10:00,4.104,58.57,3.151,89.24,127.27,0.662,Normal
2026-01-11 23:40:00,1.409,53.27,2.714,99.37,101.91,1.355,Normal
2026-01-02 22:10:00,3.337,70.64,2.304,111.41,118.5,2.484,Belt Damage
2026-01-05 00:35:00,3.378,56.42,2.445,85.54,101.43,0.962,Normal
2026-01-05 05:05:00,4.313,70.78,2.801,140.54,153.3,1.717,Overload
2026-01-14 01:20:00,2.538,48.11,3.117,111.8,89.23,0.882,Normal
2026-01-15 15:05:00,2.788,60.9,2.355,81.82,76.06,0.615,Normal
2026-01-01 04:00:00,1.54,65.18,2.477,108.87,129.37,0.311,Normal
2026-01-09 05:15:00,5.219,52.5,2.341,93.05,131.79,2.75,Misalignment
2026-01-03 10:20:00,2.861,57.01,2.304,76.73,103.01,0.659,Normal
2026-01-03 06:20:00,3.68,62.75,2.341,89.78,120.94,2.894,Misalignment
2026-01-14 15:45:00,3.028,47.34,2.591,112.79,119.06,0.997,Normal
2026-01-16 07:25:00,4.098,65.53,2.831,71.59,111.66,2.12,Misalignment
2026-01-12 11:55:00,6.454,69.71,2.872,97.23,88.55,3.588,Misalignment
2026-01-03 14:20:00,4.436,65.03,2.414,97.06,117.86,3.156,Belt Damage
2026-01-06 01:15:00,7.603,70.95,2.432,115.42,151.6,2.298,Joint Failure
2026-01-15 13:35:00,3.239,47.89,2.819,66.16,99.26,0.963,Normal
2026-01-09 07:05:00,3.165,62.38,2.885,96.29,97.92,3.047,Misalignment
2026-01-13 03:10:00,3.937,54.49,3.275,106.62,113.46,2.3,Misalignment
2026-01-04 00:10:00,4.018,40.21,2.618,106.95,122.88,0.073,Normal
2026-01-03 14:40:00,5.4,58.55,2.759,94.47,85.91,2.906,Misalignment
2026-01-06 17:00:00,2.7,61.76,2.723,71.73,129.15,1.502,Normal
2026-01-01 07:40:00,3.455,67.67,2.553,132.75,141.11,1.272,Overload
2026-01-17 18:00:00,3.716,49.39,2.676,89.28,115.1,0.845,Normal
2026-01-11 18:25:00,2.881,69.78,2.667,109.8,165.65,1.284,Overload
2026-01-09 10:40:00,4.756,47.37,2.664,113.74,112.21,2.138,Joint Failure
2026-01-10 03:05:00,1.987,53.11,2.93,105.54,131.81,0.74,Normal
2026-01-06 04:10:00,3.425,59.05,2.608,84.79,115.25,0.619,Normal
2026-01-11 01:15:00,1.096,68.25,2.644,103.73,121.06,0.189,Belt Damage
2026-01-08 13:25:00,2.856,65.25,2.497,99.93,127.99,4.035,Misalignment
2026-01-03 12:45:00,1.895,58.35,2.631,84.94,113.5,0.772,Normal
2026-01-17 12:35:00,6.349,48.07,2.623,83.19,152.38,1.94,Joint Failure
2026-01-09 13:55:00,5.052,59.78,1.903,83.18,118.05,1.586,Joint Failure
2026-01-08 18:50:00,4.461,58.04,2.617,119.19,124.08,3.15,Misalignment
2026-01-07 17:20:00,2.424,45.83,2.671,76.64,120.08,1.642,Normal
2026-01-07 01:25:00,2.584,52.95,2.873,83.43,108.08,0.657,Normal
2026-01-17 11:30:00,4.51,50.22,2.706,90.7,70.41,1.037,Normal
2026-01-16 04:25:00,3.569,56.98,2.612,77.35,128.35,1.27,Normal
2026-01-13 02:55:00,5.525,62.44,2.663,85.15,134.47,1.797,Misalignment
2026-01-04 20:30:00,5.222,61.68,2.416,81.53,113.61,1.836,Belt Damage
2026-01-12 14:05:00,3.622,47.79,2.708,127.85,176.35,1.438,Overload
2026-01-15 00:00:00,3.073,63.1,2.763,112.02,135.99,1.415,Normal
2026-01-16 12:35:00,5.858,73.44,2.053,90.51,126.67,1.471,Joint Failure
2026-01-15 10:25:00,6.285,62.2,2.769,88.05,98.67,2.491,Belt Damage
2026-01-02 04:50:00,5.339,56.2,2.661,99.25,112.02,3.284,Misalignment
2026-01-05 02:45:00,4.237,50.87,2.516,133.51,150.39,1.716,Joint Failure
2026-01-14 21:50:00,3.806,69.28,2.626,76.85,67.21,0.855,Normal
2026-01-06 06:15:00,2.767,73.3,2.759,82.51,96.61,1.174,Normal
2026-01-17 05:05:00,4.255,55.79,2.249,103.99,144.0,1.809,Overload
2026-01-03 00:10:00,2.75,62.83,2.926,96.93,87.35,0.05,Normal
2026-01-07 19:40:00,5.201,58.47,3.116,94.12,129.1,4.613,Misalignment
2026-01-01 06:15:00,4.016,61.2,2.84,110.1,145.27,0.76,Overload
2026-01-05 23:05:00,5.898,57.07,3.181,119.97,117.94,1.774,Belt Damage
2026-01-13 21:20:00,4.484,56.71,2.835,103.66,114.31,1.204,Overload
2026-01-16 09:10:00,3.862,53.48,2.845,92.87,111.92,3.651,Misalignment
2026-01-10 13:15:00,3.946,60.39,2.51,63.42,92.98,3.6,Misalignment
2026-01-18 04:40:00,1.925,57.01,2.665,89.55,77.35,1.304,Normal
2026-01-07 09:50:00,1.555,42.09,2.499,77.67,116.8,0.836,Normal
2026-01-01 10:55:00,3.059,66.33,2.867,91.6,90.77,0.596,Normal
2026-01-01 14:50:00,6.031,57.97,2.069,136.79,117.53,0.964,Joint Failure
2026-01-11 01:35:00,2.821,49.48,3.05,73.99,106.09,0.547,Normal
2026-01-16 12:10:00,2.645,69.99,2.408,93.51,102.75,1.043,Normal
2026-01-15 13:30:00,5.877,57.6,2.448,109.76,105.61,4.199,Misalignment
2026-01-09 18:10:00,2.134,78.23,2.598,93.64,133.11,1.004,Normal
2026-01-07 09:30:00,2.716,65.1,2.981,104.42,95.33,1.111,Normal
2026-01-08 06:50:00,4.978,60.17,2.638,123.37,161.29,1.109,Overload
2026-01-14 17:05:00,3.705,51.51,2.53,123.44,97.09,0.767,Normal
2026-01-09 05:45:00,3.503,48.75,3.115,99.76,135.46,0.954,Normal
2026-01-03 02:20:00,2.684,58.42,2.93,108.03,102.36,0.05,Normal
2026-01-10 02:55:00,4.577,56.12,3.07,87.02,105.26,4.403,Misalignment
2026-01-01 02:05:00,2.032,61.77,2.811,120.81,137.03,0.189,Overload
2026-01-03 06:50:00,2.817,43.03,3.061,83.06,96.82,4.423,Misalignment
2026-01-18 06:45:00,3.774,69.96,2.558,88.84,111.87,1.02,Normal
2026-01-12 12:25:00,4.874,60.18,2.916,81.69,100.3,0.35,Normal
2026-01-14 10:20:00,4.667,71.62,2.727,114.36,82.99,2.416,Misalignment
2026-01-01 14:25:00,2.625,60.87,2.897,88.9,107.67,0.85,Normal
2026-01-06 14:15:00,4.755,46.02,2.669,104.45,125.4,3.751,Misalignment
2026-01-02 12:25:00,5.46,68.12,3.037,103.81,132.91,2.468,Belt Damage
2026-01-02 03:35:00,3.271,62.68,2.076,143.97,115.67,1.242,Overload
2026-01-11 18:20:00,3.519,55.24,2.73,100.07,113.13,0.804,Normal
2026-01-06 01:10:00,3.162,51.61,3.213,122.98,104.85,0.747,Normal
2026-01-02 04:30:00,2.226,55.37,2.706,89.17,83.16,0.349,Normal
2026-01-12 03:25:00,3.433,58.4,2.865,81.73,128.21,2.975,Misalignment
2026-01-16 21:20:00,2.724,74.89,2.791,97.33,113.92,1.458,Normal
2026-01-04 18:40:00,5.781,58.25,2.715,120.22,107.12,1.166,Joint Failure
2026-01-02 15:55:00,2.046,56.22,2.574,96.58,111.0,0.409,Normal
2026-01-03 12:35:00,5.032,63.78,2.264,119.48,110.66,1.321,Overload
2026-01-14 03:15:00,2.185,65.57,3.082,76.53,123.28,0.093,Belt Damage
2026-01-04 09:20:00,5.261,60.66,2.592,108.9,122.9,2.184,Misalignment
2026-01-14 03:20:00,2.711,72.74,2.679,130.04,130.84,1.487,Overload
2026-01-11 08:05:00,2.97,51.49,2.878,93.88,107.33,0.737,Normal
2026-01-07 16:40:00,5.271,60.96,2.429,85.53,115.78,4.02,Misalignment
2026-01-06 02:20:00,2.959,57.75,2.655,98.01,135.12,0.724,Belt Damage
2026-01-05 06:00:00,2.468,64.81,2.519,91.24,98.1,1.273,Normal
2026-01-10 22:00:00,2.789,67.11,2.978,104.46,81.05,0.385,Normal
2026-01-07 18:40:00,4.395,51.11,2.71,100.68,114.89,3.186,Misalignment
2026-01-17 18:30:00,3.104,62.83,2.198,107.14,131.78,1.018,Overload
2026-01-16 15:00:00,3.578,57.56,2.566,119.09,109.19,3.863,Misalignment
2026-01-07 13:40:00,4.52,71.81,2.585,116.6,128.03,1.074,Overload
2026-01-05 12:15:00,3.75,54.25,3.237,112.21,142.13,0.841,Overload
2026-01-11 09:10:00,3.216,52.37,2.51,108.59,99.13,0.764,Normal
2026-01-16 23:15:00,1.984,57.84,2.896,93.0,84.4,1.25,Normal
2026-01-03 07:00:00,4.183,56.1,2.883,92.65,111.42,0.748,Normal
2026-01-16 21:25:00,3.82,50.87,2.886,115.15,95.28,0.476,Normal
2026-01-15 03:25:00,3.508,50.59,2.529,83.87,127.9,2.311,Misalignment
2026-01-10 16:00:00,2.464,62.21,2.389,84.34,134.67,1.467,Belt Damage
2026-01-18 03:25:00,4.091,52.33,2.244,94.13,118.55,3.243,Misalignment
2026-01-14 06:55:00,3.935,56.13,2.9,81.7,112.96,0.616,Normal
2026-01-10 10:10:00,1.93,64.63,2.648,90.0,119.29,0.836,Normal
2026-01-17 04:05:00,3.137,56.54,2.518,90.15,102.23,0.965,Normal
2026-01-01 22:15:00,3.94,66.7,2.777,136.15,143.38,1.36,Overload
2026-01-16 10:10:00,2.911,42.98,2.835,106.45,112.1,0.578,Normal
2026-01-18 05:15:00,3.789,61.55,2.734,118.97,156.27,0.29,Overload
2026-01-12 17:00:00,2.218,52.59,3.141,90.99,84.97,0.573,Normal
2026-01-13 11:35:00,2.492,56.29,3.192,114.12,94.46,2.619,Misalignment
2026-01-15 23:40:00,3.985,67.0,2.952,104.51,118.0,1.396,Overload
2026-01-13 22:10:00,6.765,60.18,2.229,77.07,126.34,3.027,Joint Failure
2026-01-12 19:50:00,4.154,55.24,3.054,85.5,77.75,1.436,Belt Damage
2026-01-05 10:30:00,4.534,65.26,2.845,114.5,79.53,0.66,Normal
2026-01-17 02:40:00,4.009,46.93,2.402,103.07,122.45,1.253,Joint Failure
2026-01-14 14:25:00,3.578,46.1,2.936,95.64,121.53,0.262,Normal
2026-01-10 07:10:00,1.031,51.81,2.645,136.48,119.47,0.644,Normal
2026-01-06 15:05:00,3.681,54.58,2.179,96.61,103.22,0.885,Normal
2026-01-15 05:55:00,3.352,64.42,2.334,100.01,91.47,0.176,Normal
2026-01-10 22:05:00,4.007,45.01,2.507,96.04,108.54,1.523,Normal
2026-01-07 14:00:00,4.841,55.51,2.716,87.7,119.2,4.001,Misalignment
2026-01-14 15:00:00,6.61,62.68,2.123,119.87,139.46,0.964,Joint Failure
2026-01-11 11:10:00,5.582,67.45,2.961,99.35,91.94,3.504,Misalignment
2026-01-16 09:50:00,7.066,70.87,2.297,113.55,111.92,1.419,Joint Failure
2026-01-01 05:35:00,5.228,70.99,3.052,132.21,171.3,1.017,Overload
2026-01-08 02:10:00,4.452,62.99,2.627,95.49,121.57,0.584,Normal
2026-01-09 23:00:00,2.701,46.32,2.888,112.09,138.1,0.648,Normal
2026-01-14 03:10:00,3.971,58.45,2.803,86.31,79.73,1.571,Normal
2026-01-14 03:50:00,2.682,44.72,2.849,104.15,107.76,0.765,Normal
2026-01-03 20:20:00,3.615,59.72,2.011,132.32,125.26,1.136,Overload
2026-01-05 06:10:00,2.355,47.41,2.979,95.0,104.8,0.671,Normal
2026-01-11 09:15:00,3.33,72.77,2.971,132.87,170.03,1.742,Overload
2026-01-11 21:00:00,7.169,56.42,2.679,118.8,129.73,2.434,Joint Failure
2026-01-10 12:35:00,3.155,58.8,2.518,100.6,93.04,0.881,Normal
2026-01-16 11:25:00,2.793,62.26,3.021,77.57,97.7,0.466,Normal
2026-01-15 19:45:00,5.801,59.14,2.723,98.62,123.5,2.456,Joint Failure
2026-01-12 15:05:00,2.434,45.42,3.172,84.42,104.73,1.076,Normal
2026-01-04 23:15:00,6.071,50.68,2.744,101.13,114.4,2.982,Misalignment
2026-01-02 09:05:00,2.706,54.85,3.099,94.35,82.65,1.18,Normal
2026-01-11 02:10:00,6.671,45.3,2.571,116.19,113.26,2.164,Joint Failure
2026-01-15 22:25:00,6.212,37.51,2.488,105.47,146.51,3.375,Joint Failure
2026-01-10 13:55:00,2.922,59.57,2.361,98.93,106.84,0.815,Normal
2026-01-05 20:30:00,2.833,55.09,3.155,65.43,95.83,1.357,Misalignment
2026-01-06 18:15:00,2.879,50.12,2.606,89.6,109.27,1.033,Normal
2026-01-04 09:35:00,4.411,64.63,2.188,101.12,88.28,2.462,Misalignment
2026-01-05 12:10:00,5.423,68.95,2.861,70.38,117.44,3.685,Misalignment
2026-01-13 08:15:00,6.428,57.87,2.924,78.8,78.34,1.525,Misalignment
2026-01-01 06:50:00,2.469,55.21,2.343,84.51,91.71,0.718,Normal
2026-01-16 15:35:00,3.101,48.52,2.614,107.18,88.2,1.129,Normal
2026-01-09 12:50:00,3.416,54.79,2.755,98.14,102.12,0.589,Normal
2026-01-13 23:35:00,2.277,62.06,2.619,87.96,95.32,4.052,Misalignment
2026-01-14 03:05:00,3.108,55.16,2.32,79.64,100.17,0.92,Normal
2026-01-08 22:40:00,3.252,57.3,2.514,106.17,121.28,1.555,Normal
2026-01-02 11:15:00,4.53,44.26,3.099,93.72,116.49,0.586,Normal
2026-01-16 01:35:00,3.901,54.87,2.794,90.79,105.41,1.177,Normal
2026-01-07 14:40:00,7.068,70.98,2.202,144.97,152.34,0.723,Overload
2026-01-16 18:10:00,2.838,70.19,2.872,94.96,100.93,0.85,Normal
2026-01-12 15:20:00,5.924,69.21,2.753,86.17,130.16,0.398,Belt Damage
2026-01-11 18:30:00,5.641,65.33,2.686,86.75,119.1,1.907,Belt Damage
2026-01-06 10:25:00,1.063,41.62,2.735,115.53,133.85,0.938,Normal
2026-01-12 15:35:00,2.058,49.76,2.657,97.09,83.32,0.05,Normal
2026-01-03 21:55:00,4.148,72.09,2.56,96.58,107.69,2.185,Misalignment
2026-01-02 17:40:00,3.56,57.64,2.737,128.72,134.2,0.075,Overload
2026-01-01 11:45:00,1.443,56.46,2.645,92.51,107.36,0.984,Normal
2026-01-05 18:45:00,3.664,70.8,2.787,115.31,107.75,1.095,Normal
2026-01-13 20:05:00,3.448,57.36,2.235,118.48,124.92,5.054,Misalignment
2026-01-08 10:40:00,2.938,57.45,2.828,90.32,117.04,0.912,Normal
2026-01-04 22:50:00,2.197,67.63,2.744,97.72,96.83,0.59,Normal
2026-01-11 03:55:00,4.837,66.63,2.388,113.06,114.14,2.278,Joint Failure
2026-01-07 04:55:00,4.284,55.14,2.56,110.6,120.07,3.323,Misalignment
2026-01-13 02:20:00,4.396,57.38,2.637,94.04,136.47,2.34,Misalignment
2026-01-02 21:50:00,2.556,51.96,2.622,95.61,80.82,0.584,Normal
2026-01-18 00:50:00,6.584,54.5,1.857,115.54,98.3,0.962,Joint Failure
2026-01-08 00:15:00,5.838,50.61,2.899,99.24,108.32,3.641,Misalignment
2026-01-04 07:00:00,5.566,69.36,2.502,82.41,113.19,1.316,Belt Damage
2026-01-10 00:40:00,2.29,59.16,2.717,86.54,135.48,3.838,Misalignment
2026-01-02 20:20:00,5.108,44.13,2.62,90.44,80.94,0.755,Joint Failure
2026-01-07 08:25:00,2.742,65.33,2.746,117.75,107.02,0.9,Normal
2026-01-11 03:05:00,5.391,65.05,3.125,89.79,122.97,0.908,Belt Damage
2026-01-16 08:10:00,3.553,54.1,3.108,99.94,84.34,0.846,Normal
2026-01-14 10:35:00,2.869,60.98,2.925,69.63,98.32,1.33,Normal
2026-01-06 13:30:00,2.781,53.42,2.604,106.12,93.97,0.742,Normal
2026-01-03 05:15:00,2.263,45.14,1.968,85.29,102.13,1.512,Normal
2026-01-17 18:40:00,7.88,57.37,2.363,89.33,99.71,2.499,Misalignment
2026-01-04 08:35:00,2.312,64.52,2.594,82.41,75.37,0.571,Normal
2026-01-15 17:05:00,3.506,57.35,2.929,128.49,139.59,2.214,Overload
2026-01-10 08:45:00,3.005,59.45,2.937,102.5,106.82,0.87,Normal
2026-01-06 20:15:00,3.089,57.33,3.5,99.94,122.08,1.615,Belt Damage
2026-01-16 12:30:00,3.636,59.7,2.616,76.3,112.09,2.05,Belt Damage
2026-01-09 03:10:00,2.487,50.13,2.79,107.61,106.98,0.634,Normal
2026-01-01 12:55:00,2.429,45.71,3.03,83.08,124.41,0.759,Normal
2026-01-09 15:15:00,3.696,64.02,2.239,93.77,109.31,2.447,Belt Damage
2026-01-17 02:45:00,3.55,64.86,2.751,96.32,138.97,0.444,Normal
2026-01-04 18:45:00,4.028,62.08,2.384,110.1,90.04,1.05,Normal
2026-01-10 05:15:00,2.598,72.95,2.493,97.41,90.88,1.196,Normal
2026-01-15 17:20:00,4.091,54.06,2.627,81.38,122.48,3.571,Misalignment
2026-01-02 00:00:00,1.457,52.68,2.938,73.38,89.97,0.516,Normal
2026-01-04 05:30:00,2.319,54.11,2.822,115.98,83.89,0.959,Normal
2026-01-09 19:15:00,4.185,60.41,2.482,81.14,132.21,1.409,Belt Damage
2026-01-14 23:40:00,5.046,62.3,2.662,120.91,121.51,0.436,Overload
2026-01-12 16:55:00,3.145,52.42,2.734,98.54,106.06,3.361,Misalignment
2026-01-17 01:05:00,3.735,56.47,2.956,118.27,126.62,0.726,Overload
2026-01-12 10:15:00,5.134,48.68,2.289,87.01,144.26,0.716,Belt Damage
2026-01-04 06:30:00,6.364,55.69,2.821,94.04,92.31,3.677,Misalignment
2026-01-14 09:35:00,5.741,51.56,2.462,81.57,118.21,1.62,Belt Damage
2026-01-17 04:30:00,3.591,62.06,2.345,118.47,100.74,0.502,Normal
2026-01-06 21:30:00,7.317,54.97,2.527,105.58,113.89,2.472,Joint Failure
2026-01-17 08:20:00,4.125,61.31,3.376,104.63,99.22,2.846,Belt Damage
2026-01-12 02:40:00,5.348,58.41,2.556,67.69,135.93,1.896,Misalignment
2026-01-16 23:25:00,5.14,72.34,2.376,103.47,144.34,0.247,Overload
2026-01-17 00:00:00,4.87,64.45,2.84,101.03,146.33,0.954,Joint Failure
2026-01-04 10:05:00,3.473,54.93,2.951,78.88,123.72,1.5,Normal
2026-01-12 12:30:00,5.365,44.44,2.617,126.04,135.0,1.082,Overload
2026-01-10 22:55:00,2.524,70.93,2.43,130.4,156.07,0.704,Overload
2026-01-15 02:00:00,6.288,74.41,2.19,83.28,89.27,1.672,Belt Damage
2026-01-17 14:05:00,2.304,43.8,2.635,86.72,99.97,0.629,Normal
2026-01-04 09:45:00,4.649,68.19,2.851,120.87,142.62,1.614,Overload
2026-01-09 15:40:00,4.87,59.62,2.385,86.18,130.58,1.057,Overload
2026-01-14 04:00:00,3.445,55.59,2.788,102.24,101.9,2.771,Misalignment
2026-01-13 07:40:00,2.678,59.24,2.344,93.93,103.98,0.704,Normal
2026-01-11 05:10:00,3.028,54.71,2.843,105.01,106.11,1.31,Normal
2026-01-13 05:55:00,5.146,60.83,2.812,111.03,130.75,1.105,Overload
2026-01-14 08:25:00,5.108,39.28,2.588,97.94,103.89,3.613,Misalignment
2026-01-06 01:25:00,3.891,47.69,2.575,114.65,98.33,3.461,Misalignment
2026-01-05 20:15:00,4.741,65.74,2.745,95.34,126.06,1.472,Belt Damage
2026-01-01 22:00:00,4.283,62.56,2.289,91.5,138.1,0.461,Belt Damage
2026-01-15 05:15:00,1.772,49.66,2.945,91.27,112.58,1.345,Normal
2026-01-04 05:25:00,3.917,45.86,3.016,94.79,103.42,0.089,Normal
2026-01-17 21:55:00,3.454,52.81,2.697,79.11,113.58,0.669,Normal
2026-01-10 08:20:00,2.421,61.8,2.972,99.2,111.69,1.04,Normal
2026-01-01 20:30:00,2.876,55.38,2.311,90.71,103.24,0.641,Normal
2026-01-13 11:05:00,3.367,50.59,3.002,110.52,92.53,0.625,Normal
2026-01-07 02:30:00,2.819,50.23,2.88,108.57,109.72,1.113,Normal
2026-01-17 21:25:00,6.433,55.19,2.856,105.38,88.31,3.419,Misalignment
2026-01-10 18:10:00,2.673,47.83,2.646,71.93,117.09,0.433,Normal
2026-01-04 04:55:00,1.831,58.82,2.769,139.65,120.73,1.06,Overload
2026-01-11 00:00:00,2.382,60.24,2.298,89.6,92.87,1.054,Normal
2026-01-01 22:20:00,2.829,44.95,2.763,97.31,93.45,1.237,Normal
2026-01-03 07:45:00,1.464,59.34,2.831,97.7,55.9,0.84,Normal
2026-01-16 12:55:00,3.174,48.16,2.96,110.65,107.23,1.032,Normal
2026-01-07 15:10:00,3.472,53.63,2.523,104.38,97.96,1.317,Normal
2026-01-11 08:45:00,5.848,74.4,2.591,86.8,110.16,1.184,Joint Failure
2026-01-05 00:00:00,4.487,59.26,2.445,128.58,135.03,1.167,Overload
2026-01-17 17:25:00,6.143,60.64,2.74,78.16,85.28,1.797,Belt Damage
2026-01-12 23:55:00,2.979,53.16,2.618,106.77,76.52,1.255,Normal
2026-01-15 17:25:00,3.18,56.53,2.664,85.76,121.18,1.202,Normal
2026-01-16 19:05:00,4.131,62.12,2.787,86.21,151.88,1.168,Overload
2026-01-08 13:00:00,2.788,53.88,3.183,82.97,98.15,0.726,Normal
2026-01-16 16:15:00,2.913,54.63,2.623,97.33,101.65,0.505,Normal
2026-01-07 15:35:00,3.584,64.91,3.033,110.1,136.46,0.53,Overload
2026-01-03 03:00:00,5.838,56.9,2.476,96.29,130.54,4.177,Misalignment
2026-01-09 08:30:00,1.856,63.27,2.802,116.71,105.6,0.772,Normal
2026-01-15 14:25:00,4.115,60.59,3.15,106.09,110.14,0.859,Normal
2026-01-07 14:10:00,3.221,45.79,2.813,97.78,77.55,1.018,Normal
2026-01-06 17:25:00,4.002,56.06,2.392,116.43,163.11,0.764,Overload
2026-01-10 01:15:00,3.375,48.04,3.053,75.08,100.99,0.73,Normal
2026-01-01 21:30:00,4.363,72.35,2.295,100.13,101.18,1.908,Misalignment
2026-01-03 22:35:00,6.175,55.82,2.795,87.24,112.58,0.507,Joint Failure
2026-01-15 18:15:00,3.038,42.34,2.916,95.48,123.8,1.013,Normal
2026-01-05 06:45:00,4.502,54.4,2.958,93.65,74.03,0.649,Normal
2026-01-04 21:55:00,3.156,52.21,2.68,83.83,127.16,1.136,Normal
2026-01-07 19:55:00,2.229,49.62,2.763,99.78,89.34,0.276,Normal
2026-01-02 22:30:00,2.2,58.89,3.07,132.56,146.69,1.103,Overload
2026-01-14 13:25:00,3.069,46.9,2.612,96.55,114.08,1.168,Normal
2026-01-02 16:20:00,3.677,51.37,2.626,101.63,89.26,3.912,Misalignment
2026-01-05 14:00:00,3.178,59.0,3.104,104.27,127.81,0.757,Normal
2026-01-12 19:40:00,3.256,69.61,2.233,126.33,155.14,1.648,Overload
2026-01-01 00:35:00,2.841,64.94,3.013,83.51,95.51,1.532,Belt Damage
2026-01-12 09:15:00,1.621,65.77,2.859,136.63,153.29,0.438,Overload
2026-01-12 01:45:00,4.623,67.05,3.109,116.3,164.5,0.791,Overload
2026-01-06 00:50:00,2.966,62.03,3.011,84.05,136.32,0.358,Normal
2026-01-14 19:40:00,2.779,54.64,2.808,62.94,124.21,0.831,Belt Damage
2026-01-07 07:10:00,3.551,54.64,2.779,93.28,80.77,0.551,Normal
2026-01-03 16:25:00,3.142,55.45,2.095,95.33,81.64,0.396,Normal
2026-01-04 12:15:00,8.351,61.21,2.413,87.31,107.62,2.09,Joint Failure
2026-01-10 18:50:00,3.591,55.35,2.643,97.11,98.32,0.895,Normal
2026-01-12 08:55:00,5.61,55.96,2.535,96.62,126.86,1.048,Belt Damage
2026-01-07 21:55:00,1.201,55.38,2.972,110.3,90.67,0.416,Normal
2026-01-05 10:25:00,7.134,63.52,2.735,106.36,113.9,1.82,Joint Failure
2026-01-07 04:35:00,2.947,52.01,2.554,99.7,103.51,2.9,Misalignment
2026-01-11 18:45:00,3.074,58.07,2.649,108.29,110.32,0.685,Normal
2026-01-02 13:10:00,6.581,64.1,2.555,96.86,128.62,2.229,Joint Failure
2026-01-04 01:20:00,2.253,48.76,3.006,103.73,107.34,1.04,Normal
2026-01-16 11:35:00,3.837,47.96,2.366,86.87,90.68,0.764,Normal
2026-01-03 17:05:00,2.958,56.16,2.35,113.64,116.97,0.831,Normal
2026-01-07 01:45:00,1.78,61.58,2.45,92.68,130.41,0.555,Normal
2026-01-12 18:20:00,5.293,49.27,2.831,85.38,118.81,1.074,Normal
2026-01-17 22:45:00,2.661,61.09,3.252,90.36,92.97,0.349,Normal
2026-01-04 01:35:00,2.907,42.8,2.913,101.34,119.49,0.156,Normal
2026-01-11 05:20:00,2.653,63.57,2.02,144.65,155.49,1.826,Overload
2026-01-04 18:55:00,6.148,52.65,2.96,103.86,105.81,3.629,Misalignment
2026-01-17 14:35:00,2.858,60.95,3.125,100.58,111.08,0.168,Normal
2026-01-02 20:15:00,6.735,62.82,2.539,131.7,153.2,2.428,Joint Failure
2026-01-14 23:10:00,5.58,46.26,2.934,95.78,112.08,3.669,Misalignment
2026-01-16 08:25:00,6.143,59.3,3.044,74.8,130.91,1.037,Joint Failure
2026-01-15 05:30:00,3.029,49.69,2.98,93.26,117.09,0.728,Normal
2026-01-06 23:55:00,6.895,61.5,2.918,85.23,126.14,2.725,Joint Failure
2026-01-03 02:50:00,3.655,58.89,3.212,96.52,117.82,1.099,Normal
2026-01-02 23:30:00,2.344,60.71,2.564,85.24,107.29,0.604,Normal
2026-01-10 06:35:00,4.697,48.85,2.84,102.35,121.08,0.698,Normal
2026-01-13 21:50:00,3.924,51.64,2.706,95.16,97.85,0.721,Normal
2026-01-02 04:35:00,3.195,37.58,2.296,99.58,90.22,1.08,Normal
2026-01-11 10:00:00,5.342,62.52,2.528,90.77,142.96,4.088,Misalignment
2026-01-11 21:35:00,3.826,55.09,2.774,101.4,102.33,0.414,Normal
2026-01-02 12:10:00,1.229,40.59,2.655,82.03,106.43,1.181,Normal
2026-01-07 14:35:00,2.641,53.82,3.015,105.04,89.79,0.394,Normal
2026-01-14 05:00:00,4.275,69.93,3.263,107.59,105.74,1.34,Normal
2026-01-17 14:00:00,3.478,55.49,3.198,101.65,115.35,0.932,Normal
2026-01-08 04:25:00,3.233,53.55,2.991,91.91,107.61,0.05,Normal
2026-01-06 08:05:00,4.6,60.35,2.24,101.25,105.67,1.117,Misalignment
2026-01-08 19:40:00,1.334,56.17,3.053,105.71,124.83,4.252,Misalignment
2026-01-09 03:30:00,5.037,58.05,2.469,97.01,133.19,4.054,Misalignment
2026-01-06 06:25:00,4.767,66.62,2.815,77.78,115.3,1.107,Belt Damage
2026-01-04 08:25:00,2.15,71.34,2.998,98.18,99.54,0.72,Normal
2026-01-16 07:10:00,6.668,52.33,2.738,106.39,144.41,1.399,Joint Failure
2026-01-02 20:00:00,3.364,58.53,3.04,83.88,99.71,0.858,Normal
2026-01-01 14:40:00,3.318,61.49,2.472,96.68,160.35,1.615,Overload
2026-01-13 02:10:00,2.013,54.67,2.991,85.78,102.53,0.576,Normal
2026-01-09 19:55:00,6.264,53.44,2.501,85.62,115.89,1.779,Misalignment
2026-01-18 03:15:00,2.095,55.21,2.517,94.54,92.74,0.906,Normal
2026-01-02 23:40:00,2.645,55.27,2.759,100.98,109.33,0.995,Normal
2026-01-08 23:35:00,2.437,63.72,2.774,88.22,95.47,0.759,Normal
2026-01-13 04:20:00,4.995,60.7,2.609,79.72,115.64,0.986,Belt Damage
2026-01-09 12:55:00,2.615,51.19,2.949,101.62,139.36,0.668,Normal
2026-01-13 12:45:00,6.266,49.27,2.289,76.41,111.89,3.012,Joint Failure
2026-01-16 19:30:00,3.451,45.26,3.018,77.43,82.24,0.87,Normal
2026-01-08 16:00:00,4.674,55.84,2.787,91.37,100.67,0.755,Normal
2026-01-17 09:20:00,3.754,66.75,2.623,110.54,122.92,1.022,Normal
2026-01-10 13:35:00,3.511,44.59,2.796,97.51,126.92,1.316,Normal
2026-01-02 07:55:00,5.174,59.15,2.449,86.42,92.92,1.463,Belt Damage
2026-01-03 23:00:00,3.13,52.16,2.967,95.46,102.58,1.378,Normal
2026-01-07 12:40:00,4.438,40.16,2.888,87.99,103.09,3.809,Misalignment
2026-01-02 06:50:00,3.505,63.26,2.707,78.32,116.75,1.042,Normal
2026-01-09 06:10:00,3.956,57.83,3.032,98.3,135.89,0.786,Normal
2026-01-16 00:15:00,2.842,62.82,2.639,118.15,118.76,0.934,Normal
2026-01-04 20:05:00,3.214,57.7,2.85,87.48,131.9,0.389,Normal
2026-01-12 20:25:00,3.604,58.73,2.409,87.3,104.42,0.73,Normal
2026-01-14 16:50:00,6.201,62.38,2.116,94.44,130.03,4.394,Misalignment
2026-01-05 15:20:00,2.591,56.89,2.844,83.69,104.24,0.571,Normal
2026-01-08 14:25:00,5.128,61.85,2.394,97.84,82.29,3.168,Misalignment
2026-01-16 22:50:00,3.424,48.51,2.507,73.09,105.42,0.966,Normal
2026-01-09 01:15:00,3.314,49.57,3.014,84.5,106.91,0.316,Normal
2026-01-17 08:05:00,2.776,40.38,2.856,88.97,82.83,0.961,Normal
2026-01-13 21:10:00,2.888,65.22,3.108,89.86,112.97,0.718,Normal
2026-01-17 20:00:00,2.922,59.67,2.881,100.6,89.43,1.721,Overload
2026-01-05 01:35:00,5.246,53.86,2.489,87.63,114.37,1.822,Joint Failure
2026-01-16 00:25:00,7.403,74.8,2.792,119.0,124.97,1.027,Joint Failure
2026-01-10 08:30:00,4.75,59.95,3.235,86.22,147.37,2.022,Joint Failure
2026-01-05 22:30:00,3.008,49.19,2.438,88.56,90.28,0.907,Normal
2026-01-09 03:05:00,3.813,52.83,2.95,82.56,114.32,0.774,Normal
2026-01-10 04:55:00,2.654,64.72,2.408,97.53,95.8,0.615,Normal
2026-01-15 10:15:00,3.504,48.28,2.517,88.53,91.65,1.156,Normal
2026-01-06 02:00:00,5.38,60.77,2.323,97.8,131.41,1.211,Joint Failure
2026-01-04 00:50:00,4.038,56.05,2.335,98.0,105.02,0.492,Normal
2026-01-12 14:15:00,3.959,54.57,2.774,117.31,106.66,4.143,Misalignment
2026-01-16 01:40:00,3.827,57.03,2.65,111.54,71.67,0.503,Normal
2026-01-05 08:15:00,2.837,56.37,2.999,75.28,116.88,1.061,Normal
2026-01-09 03:40:00,3.961,65.31,2.577,91.68,95.48,3.903,Misalignment
2026-01-03 22:00:00,1.699,47.06,2.789,96.48,104.92,0.539,Normal
2026-01-16 20:40:00,2.948,53.05,2.895,92.46,109.57,0.786,Normal
2026-01-03 00:25:00,9.349,78.64,2.744,124.97,126.11,2.451,Joint Failure
2026-01-01 17:00:00,5.599,55.55,2.319,88.79,90.3,3.358,Misalignment
2026-01-06 16:45:00,5.532,39.2,2.453,83.46,117.94,1.3,Belt Damage
2026-01-07 23:50:00,2.649,38.55,2.673,89.31,128.44,0.396,Normal
2026-01-04 03:25:00,4.121,68.38,2.821,132.47,135.88,2.328,Belt Damage
2026-01-03 04:35:00,6.38,35.68,2.521,86.25,129.8,1.544,Belt Damage
2026-01-12 16:20:00,8.177,68.17,2.568,125.81,143.0,2.379,Joint Failure
2026-01-07 20:30:00,4.046,57.14,2.402,95.28,108.69,0.508,Normal
2026-01-01 13:30:00,4.558,55.39,2.516,91.04,122.84,5.177,Misalignment
2026-01-12 00:20:00,4.153,54.6,2.82,89.3,102.81,0.222,Normal
2026-01-13 13:00:00,3.796,52.78,2.516,91.06,93.62,0.257,Normal
2026-01-17 05:35:00,3.274,55.55,2.741,88.24,104.76,1.535,Belt Damage
2026-01-03 03:25:00,3.328,51.78,2.719,85.37,107.0,0.355,Normal
2026-01-15 03:00:00,3.725,64.12,3.268,87.9,96.15,4.161,Misalignment
2026-01-05 23:15:00,2.612,49.24,2.833,92.64,103.07,0.528,Normal
2026-01-02 21:35:00,3.488,57.66,1.973,92.29,100.03,4.148,Misalignment
2026-01-12 13:50:00,3.618,59.62,2.643,63.37,105.72,1.975,Belt Damage
2026-01-16 18:50:00,3.671,58.16,2.768,88.67,90.36,0.765,Normal
2026-01-15 15:55:00,5.653,57.63,2.698,126.21,136.84,1.094,Overload
2026-01-09 06:55:00,5.012,58.82,3.058,98.93,87.3,1.657,Misalignment
2026-01-15 17:35:00,2.015,72.14,2.644,80.33,84.44,1.347,Normal
2026-01-14 20:55:00,4.744,59.68,2.94,90.97,104.51,0.899,Normal
2026-01-15 02:45:00,4.518,54.65,2.554,94.21,101.51,0.969,Normal
2026-01-07 11:05:00,5.063,62.07,2.367,86.83,118.97,4.13,Misalignment
2026-01-03 05:20:00,3.076,44.7,2.862,99.64,132.61,0.919,Normal
2026-01-14 13:10:00,5.706,79.1,2.443,116.62,124.23,0.948,Belt Damage
2026-01-03 05:05:00,3.77,53.41,2.511,98.52,116.29,1.085,Normal
2026-01-15 19:10:00,2.552,59.43,2.681,93.71,118.51,0.33,Normal
2026-01-14 13:50:00,3.163,48.95,2.745,100.06,103.53,0.821,Normal
2026-01-11 08:50:00,3.19,52.0,2.669,109.66,106.95,1.015,Normal
2026-01-08 06:40:00,4.748,58.05,2.303,107.17,150.06,2.459,Misalignment
2026-01-17 00:15:00,3.025,60.43,2.982,95.89,107.15,0.66,Normal
2026-01-11 16:15:00,5.047,56.03,2.443,69.26,92.18,1.438,Belt Damage
2026-01-13 18:10:00,3.516,69.09,2.987,113.12,102.2,1.866,Misalignment
2026-01-10 20:45:00,3.356,51.31,2.954,117.36,144.49,0.867,Overload
2026-01-04 04:45:00,1.927,47.17,2.743,78.38,106.39,1.196,Normal
2026-01-02 21:30:00,3.752,52.12,2.556,83.01,113.74,0.749,Normal
2026-01-13 17:30:00,6.616,50.79,2.218,77.12,118.09,1.378,Belt Damage
2026-01-07 14:20:00,1.378,54.15,2.649,96.06,132.93,2.884,Misalignment
2026-01-08 01:00:00,3.642,57.16,3.315,61.82,86.11,0.382,Normal
2026-01-08 23:45:00,4.827,63.02,2.082,87.07,93.24,4.625,Misalignment
2026-01-07 13:05:00,3.038,57.03,2.735,91.16,87.16,0.377,Normal
2026-01-06 16:50:00,3.929,49.39,2.464,79.86,100.68,1.174,Normal
2026-01-13 04:25:00,3.298,64.55,2.992,111.6,76.27,0.135,Normal
2026-01-17 16:45:00,4.094,58.16,2.839,81.17,117.72,1.858,Belt Damage
2026-01-08 06:45:00,4.359,52.67,2.692,83.72,106.16,2.49,Misalignment
2026-01-16 03:05:00,4.332,47.55,2.954,106.69,109.36,0.829,Misalignment
2026-01-14 03:40:00,4.162,42.72,2.414,111.86,109.83,1.362,Normal
2026-01-16 14:30:00,3.819,44.76,2.638,126.49,132.6,1.277,Overload
2026-01-18 05:55:00,6.028,74.25,2.539,97.17,166.67,1.024,Overload
2026-01-03 21:40:00,3.433,70.17,2.485,87.29,115.64,1.25,Belt Damage
2026-01-03 02:05:00,2.722,51.92,2.853,101.45,108.69,0.681,Normal
2026-01-08 14:00:00,4.218,47.64,3.015,95.36,95.33,2.833,Misalignment
2026-01-14 10:05:00,4.189,52.2,2.547,115.72,115.99,1.023,Normal
2026-01-09 14:45:00,4.652,53.76,3.034,95.35,97.31,1.98,Belt Damage
2026-01-15 22:55:00,5.457,52.48,2.62,77.89,107.79,3.025,Misalignment
2026-01-06 11:50:00,5.132,56.75,2.6,114.02,111.01,3.746,Misalignment
2026-01-15 19:30:00,2.118,54.69,2.479,98.2,125.5,3.679,Misalignment
2026-01-09 19:05:00,3.459,64.95,2.759,107.08,92.36,1.029,Normal
2026-01-10 11:05:00,2.716,50.57,2.792,91.08,117.4,0.759,Normal
2026-01-04 17:10:00,2.966,45.57,3.031,87.55,114.84,0.397,Normal
2026-01-07 03:55:00,2.919,60.86,2.582,86.09,89.96,0.237,Normal
2026-01-17 16:40:00,3.552,53.0,2.621,104.28,92.49,0.795,Normal
2026-01-05 10:55:00,2.41,62.62,2.781,99.6,108.36,0.706,Normal
2026-01-11 14:10:00,3.516,51.13,2.485,100.58,102.52,0.297,Normal
2026-01-17 12:05:00,3.524,56.24,3.054,88.08,79.98,0.942,Normal
2026-01-07 09:00:00,3.048,57.87,2.556,88.19,139.7,0.542,Normal
2026-01-15 17:30:00,2.589,63.76,2.406,130.09,172.69,1.146,Overload
2026-01-04 12:55:00,2.245,49.6,2.768,87.16,100.05,0.257,Normal
2026-01-15 08:25:00,5.0,49.67,2.58,96.85,104.93,4.177,Misalignment
2026-01-05 14:30:00,2.012,54.03,3.05,86.74,114.46,0.732,Normal
2026-01-02 15:35:00,1.468,64.55,3.051,100.22,107.09,1.007,Joint Failure
2026-01-15 19:55:00,6.304,53.58,2.669,134.23,140.08,2.126,Joint Failure
2026-01-06 17:35:00,3.298,60.91,3.123,102.61,101.63,1.115,Normal
2026-01-14 21:10:00,1.658,56.38,3.006,102.73,92.37,0.792,Normal
2026-01-16 12:15:00,2.969,58.21,2.825,102.89,86.41,0.613,Normal
2026-01-10 01:30:00,4.566,73.78,2.375,80.75,87.84,1.948,Belt Damage
2026-01-09 14:20:00,3.352,52.79,2.436,113.95,114.11,0.991,Normal
2026-01-09 23:15:00,3.311,57.88,2.439,99.05,104.91,0.321,Normal
2026-01-05 18:25:00,2.97,62.29,2.321,81.91,89.25,0.427,Normal
2026-01-03 13:35:00,2.576,45.35,2.944,89.03,102.26,0.855,Normal
2026-01-13 13:30:00,2.649,56.52,3.166,130.58,137.16,1.109,Overload
2026-01-09 11:20:00,3.867,49.94,2.398,120.91,93.39,3.286,Misalignment
2026-01-04 00:15:00,2.634,53.29,2.698,97.98,101.55,0.638,Normal
2026-01-04 23:00:00,5.605,68.84,2.675,54.79,98.62,1.863,Belt Damage
2026-01-04 11:05:00,2.028,42.04,2.781,98.81,109.11,1.101,Normal
2026-01-05 15:25:00,5.214,68.21,2.797,102.37,137.86,3.422,Misalignment
2026-01-02 21:05:00,4.449,61.27,2.991,81.5,105.92,2.381,Misalignment
2026-01-04 19:35:00,1.763,53.66,2.472,94.46,96.82,0.775,Normal
2026-01-04 22:20:00,3.215,61.77,2.876,90.54,95.82,1.04,Normal
2026-01-15 02:40:00,4.173,55.66,2.152,92.07,106.27,1.645,Belt Damage
2026-01-10 10:15:00,4.438,64.17,2.902,106.59,101.07,0.94,Normal
2026-01-08 20:10:00,2.557,61.2,3.15,117.7,125.68,0.835,Normal
2026-01-17 11:50:00,3.478,68.03,2.994,106.94,116.31,0.368,Normal
2026-01-01 04:55:00,3.129,63.33,2.747,91.0,96.22,0.994,Normal
2026-01-11 00:15:00,2.594,60.98,2.866,112.35,89.2,1.503,Normal
2026-01-07 17:30:00,1.207,49.09,2.62,93.83,109.78,0.55,Normal
2026-01-09 22:40:00,3.259,76.33,2.457,96.76,131.56,1.11,Joint Failure
2026-01-18 03:20:00,7.083,65.51,2.687,91.84,105.8,1.399,Belt Damage
2026-01-04 17:50:00,2.936,65.71,2.971,121.36,104.11,1.15,Normal
2026-01-12 06:45:00,4.643,65.67,2.627,101.42,106.94,3.049,Misalignment
2026-01-11 20:35:00,1.539,65.91,2.434,94.5,97.58,0.625,Normal
2026-01-09 15:20:00,3.065,55.05,2.771,124.74,132.14,1.988,Misalignment
2026-01-04 06:20:00,2.305,46.31,3.022,110.69,128.24,1.25,Normal
2026-01-04 18:00:00,4.464,73.09,2.959,143.85,154.12,1.009,Overload
2026-01-01 15:35:00,5.601,66.66,2.011,107.34,120.52,1.606,Misalignment
2026-01-10 03:30:00,4.984,54.22,2.413,110.08,145.6,0.583,Overload
2026-01-08 05:45:00,1.853,44.99,2.678,96.08,124.21,0.267,Normal
2026-01-08 19:25:00,2.002,52.02,2.423,93.56,83.55,0.482,Normal
2026-01-17 23:30:00,2.554,54.73,2.737,92.48,114.98,0.964,Normal
2026-01-08 00:35:00,2.942,52.99,3.105,100.17,109.36,0.597,Normal
2026-01-13 06:55:00,3.282,54.38,2.583,103.81,102.25,0.714,Normal
2026-01-15 01:20:00,7.378,60.4,2.831,100.88,137.23,1.814,Belt Damage
2026-01-13 12:30:00,7.242,64.06,3.193,53.1,113.46,2.271,Belt Damage
2026-01-01 18:50:00,7.115,59.24,2.179,110.94,138.82,1.691,Joint Failure
2026-01-17 19:55:00,2.421,52.69,2.578,95.64,84.05,0.531,Normal
2026-01-07 16:45:00,2.971,55.99,2.903,102.08,85.82,0.581,Normal
2026-01-11 14:35:00,5.181,67.45,2.904,89.33,101.73,0.67,Joint Failure
2026-01-16 14:05:00,3.078,69.61,2.987,102.35,103.28,2.09,Misalignment
2026-01-05 21:00:00,5.078,67.81,2.53,91.72,107.2,3.636,Misalignment
2026-01-08 13:35:00,3.034,54.97,2.497,79.0,130.36,1.082,Normal
2026-01-03 10:05:00,3.755,60.53,2.427,90.14,99.12,4.385,Misalignment
2026-01-04 21:40:00,2.605,59.62,2.991,96.97,127.1,3.273,Misalignment
2026-01-12 16:05:00,2.917,56.04,2.41,103.11,114.39,0.953,Normal
2026-01-15 08:35:00,3.723,67.3,2.999,92.56,81.82,0.69,Normal
2026-01-07 04:10:00,2.835,54.5,3.016,106.75,112.1,1.294,Normal
2026-01-10 22:10:00,2.291,55.01,3.335,89.14,85.74,0.735,Normal
2026-01-04 14:25:00,2.407,51.81,2.914,115.6,147.2,1.021,Overload
2026-01-16 11:20:00,3.719,61.62,2.353,132.58,149.68,1.149,Overload
2026-01-08 20:00:00,2.848,58.77,2.661,106.28,102.98,0.924,Normal
2026-01-02 02:05:00,7.357,61.78,2.391,110.57,119.29,1.184,Joint Failure
2026-01-08 22:05:00,3.948,40.91,2.948,96.25,102.9,0.597,Normal
2026-01-05 22:00:00,1.509,51.75,2.608,102.19,81.68,0.592,Normal
2026-01-04 14:20:00,3.344,48.19,2.524,104.09,101.13,0.42,Normal
2026-01-08 11:55:00,4.321,53.72,2.633,99.69,119.74,1.333,Overload
2026-01-15 10:55:00,1.272,38.81,3.114,81.61,110.04,0.336,Normal
2026-01-07 02:10:00,4.598,76.52,2.357,73.85,113.14,0.936,Joint Failure
2026-01-11 19:20:00,4.558,64.49,2.701,133.47,104.19,1.228,Overload
2026-01-10 18:25:00,1.28,64.01,2.547,88.04,83.69,0.883,Normal
2026-01-10 08:50:00,2.853,64.72,2.821,138.61,149.83,2.008,Overload
2026-01-12 03:15:00,3.718,58.57,3.076,130.61,143.14,1.648,Overload
2026-01-16 02:30:00,5.194,63.56,2.796,121.65,151.41,1.716,Overload
2026-01-12 21:55:00,5.18,52.67,2.768,112.25,95.33,1.648,Joint Failure
2026-01-06 05:30:00,4.475,52.41,2.976,118.47,100.03,2.959,Misalignment
2026-01-07 16:15:00,2.581,65.46,2.639,75.86,108.41,0.66,Normal
2026-01-02 13:20:00,3.311,53.76,2.523,121.21,104.89,0.832,Normal
2026-01-15 08:00:00,3.752,57.19,3.103,101.74,88.39,1.244,Normal
2026-01-09 18:40:00,3.163,64.73,3.246,113.41,110.53,1.369,Normal
2026-01-18 06:05:00,2.483,65.44,2.205,68.87,121.77,0.723,Normal
2026-01-10 16:25:00,4.921,75.86,2.59,135.0,123.06,3.078,Joint Failure
2026-01-02 06:05:00,3.954,44.86,2.238,96.64,110.35,3.086,Misalignment
2026-01-08 13:55:00,2.312,60.74,2.804,109.86,81.65,1.344,Normal
2026-01-04 22:30:00,5.286,58.25,2.318,109.91,118.66,3.266,Misalignment
2026-01-14 11:20:00,2.603,56.22,2.466,104.42,99.11,1.058,Normal
2026-01-08 11:35:00,2.936,55.61,3.419,109.72,107.19,0.738,Normal
2026-01-07 08:30:00,5.282,61.15,2.278,146.89,111.15,2.47,Joint Failure
2026-01-04 15:45:00,3.209,66.08,2.35,127.6,126.47,0.468,Overload
2026-01-01 01:50:00,2.455,59.19,2.845,103.07,97.12,1.366,Normal
2026-01-08 04:10:00,3.824,54.44,2.718,90.94,116.36,0.673,Normal
2026-01-06 17:45:00,1.816,59.16,3.262,83.71,111.11,0.733,Normal
2026-01-09 23:35:00,3.621,49.84,2.518,108.57,100.06,2.496,Misalignment
2026-01-12 03:30:00,2.424,63.68,2.454,90.44,98.07,0.955,Normal
2026-01-15 22:30:00,3.764,60.31,2.381,107.44,138.58,1.465,Overload
2026-01-15 00:20:00,6.094,73.01,2.783,123.67,127.89,2.362,Joint Failure
2026-01-09 01:45:00,6.101,70.23,2.968,113.3,101.96,0.938,Joint Failure
2026-01-02 14:20:00,2.262,43.47,3.018,84.77,127.09,0.66,Normal
2026-01-04 16:55:00,2.715,59.78,2.679,119.22,93.29,0.708,Normal
2026-01-01 07:15:00,6.594,59.12,3.209,96.48,119.1,4.692,Misalignment
2026-01-05 23:10:00,2.295,57.94,2.843,115.16,99.88,1.325,Normal
2026-01-10 04:35:00,3.147,47.93,3.254,79.79,107.73,0.05,Normal
2026-01-01 23:30:00,2.29,46.25,2.515,89.49,110.12,1.027,Normal
2026-01-02 14:30:00,2.415,66.25,2.299,117.67,149.67,1.141,Overload
2026-01-01 17:40:00,5.524,60.67,2.857,87.69,111.86,2.666,Misalignment
2026-01-09 16:15:00,2.869,49.82,3.134,93.06,76.71,0.993,Normal
2026-01-05 18:00:00,2.754,55.47,2.794,75.58,90.85,0.501,Normal
2026-01-01 19:30:00,3.059,64.16,3.173,103.45,128.65,0.992,Normal
2026-01-10 14:50:00,4.077,62.99,2.875,107.01,103.83,1.624,Normal
2026-01-03 01:45:00,3.756,53.85,2.484,117.58,83.91,0.05,Normal
2026-01-16 08:20:00,2.12,49.82,3.004,103.51,104.75,0.522,Normal
2026-01-08 19:30:00,2.084,50.85,2.461,108.07,98.37,1.597,Normal
2026-01-14 23:55:00,2.892,58.09,3.173,111.08,90.1,1.212,Normal
2026-01-08 22:15:00,2.43,33.9,3.074,79.24,105.77,0.862,Normal
2026-01-03 07:10:00,4.454,65.24,1.945,87.9,117.36,4.229,Misalignment
2026-01-18 05:35:00,3.165,45.37,2.27,120.32,106.81,0.965,Overload
2026-01-08 22:25:00,3.295,65.51,2.795,95.29,106.21,0.885,Normal
2026-01-17 09:00:00,5.157,55.36,2.747,107.07,119.6,3.93,Misalignment
2026-01-12 02:05:00,3.414,58.18,2.889,87.49,115.64,0.677,Normal
2026-01-09 16:35:00,3.89,70.66,2.41,120.78,105.26,0.05,Joint Failure
2026-01-15 00:55:00,3.218,44.58,2.906,98.92,140.58,2.062,Misalignment
2026-01-03 16:55:00,5.74,58.45,2.839,111.91,106.49,2.191,Misalignment
2026-01-14 22:55:00,4.128,61.78,2.641,92.52,96.56,0.876,Normal
2026-01-12 21:30:00,4.464,67.13,2.4,108.26,133.44,2.793,Misalignment
2026-01-15 22:50:00,5.499,63.87,2.457,99.28,95.56,1.123,Normal
2026-01-12 02:20:00,5.687,59.38,2.48,117.6,108.93,1.241,Joint Failure
2026-01-17 18:55:00,4.02,52.09,3.042,102.03,114.87,1.214,Normal
2026-01-03 09:05:00,4.287,75.32,2.974,98.85,110.79,4.536,Misalignment
2026-01-12 00:05:00,2.834,58.81,2.36,96.61,98.88,0.279,Normal
2026-01-14 15:10:00,2.6,57.83,2.22,86.48,99.91,2.61,Misalignment
2026-01-12 22:10:00,3.421,60.42,2.511,97.64,164.91,1.481,Overload
2026-01-08 12:55:00,2.285,52.0,2.773,95.86,115.85,0.805,Normal
2026-01-13 19:25:00,2.428,54.64,3.355,78.59,117.54,0.781,Normal
2026-01-07 10:10:00,3.061,54.52,2.221,101.14,105.27,0.771,Normal
2026-01-02 16:35:00,2.408,67.96,3.061,71.73,100.64,1.205,Normal
2026-01-06 20:40:00,4.117,71.84,2.797,106.43,137.45,3.389,Misalignment
2026-01-08 17:50:00,3.969,55.54,2.236,131.94,139.44,1.654,Overload
2026-01-12 08:00:00,3.348,70.28,2.823,139.78,133.3,1.532,Overload
2026-01-09 01:20:00,4.686,58.33,2.554,104.2,102.24,0.906,Belt Damage
2026-01-03 17:10:00,2.966,49.89,2.715,92.26,103.13,0.661,Normal
2026-01-02 19:25:00,3.7,55.89,2.769,100.73,105.92,1.119,Normal
2026-01-02 19:30:00,4.343,71.57,3.116,96.39,127.58,1.955,Joint Failure
2026-01-10 20:25:00,2.86,49.01,2.781,103.09,88.32,0.681,Normal
2026-01-16 18:15:00,3.048,51.01,3.251,104.06,109.06,1.427,Normal
2026-01-09 07:50:00,4.83,59.24,2.7,93.59,102.99,3.885,Misalignment
2026-01-08 15:55:00,5.872,63.82,2.398,68.82,113.53,0.953,Belt Damage
2026-01-13 01:45:00,2.802,53.74,2.821,111.53,102.07,1.156,Normal
2026-01-13 08:00:00,3.798,57.85,2.609,69.59,136.88,2.893,Misalignment
2026-01-15 04:35:00,5.784,62.07,2.178,107.93,98.69,2.631,Misalignment
2026-01-10 19:10:00,2.329,57.66,2.72,106.51,127.21,2.318,Misalignment
2026-01-06 05:55:00,2.384,71.94,2.873,95.96,123.91,0.907,Overload
2026-01-07 12:50:00,2.565,55.12,3.274,93.07,113.77,4.004,Misalignment
2026-01-03 06:15:00,1.164,61.85,2.816,98.93,101.45,0.722,Normal
2026-01-18 02:50:00,1.75,65.62,2.748,99.4,95.68,0.689,Normal
2026-01-11 17:25:00,2.39,45.66,2.899,112.09,122.45,1.045,Normal
2026-01-02 06:45:00,1.794,48.88,2.645,86.67,113.28,0.774,Normal
2026-01-18 08:25:00,3.046,57.57,3.01,77.37,105.38,0.784,Normal
2026-01-01 09:50:00,5.867,62.29,3.129,86.49,158.86,1.175,Belt Damage
2026-01-12 12:40:00,3.414,63.45,2.822,81.84,91.4,0.599,Normal
2026-01-11 12:50:00,3.189,56.15,3.081,90.14,122.87,0.613,Normal
2026-01-08 16:40:00,3.434,63.43,2.985,78.49,120.68,1.959,Belt Damage
2026-01-13 07:10:00,2.747,47.56,3.105,96.34,100.59,0.947,Normal
2026-01-06 14:25:00,1.736,43.46,2.535,92.56,99.07,0.555,Normal
2026-01-11 22:35:00,3.757,52.09,2.641,112.27,118.41,0.83,Normal
2026-01-04 08:10:00,3.404,61.37,2.434,100.57,106.51,0.234,Normal
2026-01-09 17:10:00,2.236,42.63,2.838,101.98,114.57,0.697,Normal
2026-01-14 07:15:00,3.014,71.86,2.802,118.23,120.96,1.891,Overload
2026-01-10 19:15:00,3.339,60.23,2.848,107.44,86.05,1.122,Normal
2026-01-16 01:55:00,7.581,57.15,2.37,101.06,99.71,2.47,Belt Damage
2026-01-11 12:40:00,6.261,57.68,2.295,133.41,154.97,1.118,Overload
2026-01-09 09:15:00,4.407,71.71,2.227,109.83,135.96,1.236,Joint Failure
2026-01-17 03:50:00,2.627,55.93,2.62,112.18,82.85,0.92,Normal
2026-01-15 17:00:00,3.518,50.61,3.031,91.19,105.46,1.136,Normal
2026-01-08 14:05:00,7.033,55.03,2.654,94.89,111.67,2.269,Joint Failure
2026-01-13 17:45:00,0.5,67.39,2.597,100.41,115.25,0.307,Normal
2026-01-08 01:45:00,3.432,58.03,3.083,77.98,104.04,0.785,Normal
2026-01-16 03:30:00,4.007,43.0,2.379,112.88,144.9,0.494,Overload
2026-01-03 16:20:00,2.976,57.73,2.645,104.48,87.05,1.049,Normal
2026-01-05 11:00:00,2.742,50.7,2.936,87.38,124.03,0.898,Normal
2026-01-16 23:35:00,4.419,62.73,3.353,87.28,100.42,1.177,Normal
2026-01-17 15:30:00,3.079,59.48,2.888,70.47,81.81,0.664,Normal
2026-01-05 21:50:00,1.73,58.26,2.594,102.31,75.58,1.743,Normal
2026-01-05 06:50:00,3.572,57.07,2.752,97.07,125.19,2.59,Misalignment
2026-01-10 08:55:00,6.779,63.69,2.83,80.61,139.07,0.482,Overload
2026-01-02 12:15:00,5.605,71.62,2.995,130.04,131.9,1.204,Overload
2026-01-06 19:30:00,3.975,65.24,2.637,123.32,133.49,1.227,Overload
2026-01-02 06:25:00,3.623,58.0,2.73,108.25,100.79,0.919,Normal
2026-01-10 04:45:00,2.248,47.57,3.123,72.41,93.66,0.892,Normal
2026-01-01 19:15:00,2.095,45.98,3.275,102.32,107.35,0.508,Normal
2026-01-15 19:35:00,3.297,64.01,3.168,74.73,109.37,0.282,Normal
2026-01-15 00:45:00,4.563,61.31,2.654,106.93,122.19,1.315,Normal
2026-01-16 06:35:00,3.002,50.0,2.753,93.99,70.75,1.061,Normal
2026-01-02 09:55:00,2.495,52.23,2.626,98.91,82.79,0.411,Normal
2026-01-08 06:10:00,3.482,54.75,2.426,130.31,149.05,1.5,Overload
2026-01-01 07:10:00,6.169,66.88,2.766,134.64,165.27,1.172,Overload
2026-01-03 22:20:00,3.662,56.96,2.853,110.88,90.46,0.49,Normal
2026-01-04 13:55:00,3.713,59.85,2.498,94.36,97.49,4.576,Misalignment
2026-01-10 21:55:00,4.469,51.22,2.675,93.28,114.9,0.151,Normal
2026-01-15 06:25:00,3.478,69.3,2.895,93.85,125.5,3.956,Misalignment
2026-01-16 06:20:00,3.203,50.02,3.343,83.11,101.98,0.262,Normal
2026-01-14 12:25:00,2.268,46.84,2.87,86.59,125.29,1.115,Normal
2026-01-10 05:30:00,2.122,42.48,2.918,100.75,106.18,0.766,Normal
2026-01-03 23:15:00,1.323,56.48,2.8,89.41,111.84,0.712,Normal
2026-01-01 06:30:00,4.666,56.53,2.72,84.85,114.78,0.937,Normal
2026-01-08 19:15:00,5.807,45.58,2.728,70.25,95.63,2.08,Belt Damage
2026-01-16 20:50:00,3.266,43.31,2.901,96.92,105.54,1.357,Normal
2026-01-13 16:40:00,3.62,59.81,2.5,97.28,113.12,1.15,Normal
2026-01-15 09:55:00,2.716,47.49,2.633,95.41,103.32,0.943,Normal
2026-01-12 17:30:00,3.534,59.67,2.728,74.3,86.14,0.996,Normal
2026-01-08 21:55:00,3.072,53.63,2.758,104.41,94.75,0.798,Normal
2026-01-10 00:30:00,3.096,49.9,2.773,95.9,101.42,0.836,Normal
2026-01-15 10:35:00,5.482,50.16,2.392,85.79,131.8,2.614,Misalignment
2026-01-14 10:30:00,3.248,56.9,2.699,87.36,122.86,0.347,Normal
2026-01-12 21:40:00,7.193,63.17,2.53,94.54,98.04,1.952,Belt Damage
2026-01-08 13:20:00,3.537,63.31,2.647,84.05,72.88,0.807,Normal
2026-01-02 11:20:00,2.72,53.35,2.647,110.86,83.44,1.393,Normal
2026-01-02 08:40:00,3.474,59.2,2.566,116.39,99.77,0.659,Normal
2026-01-17 09:50:00,5.315,66.56,2.869,93.68,120.96,1.536,Belt Damage
2026-01-13 19:45:00,2.741,65.0,2.878,104.91,113.97,1.044,Normal
2026-01-01 08:40:00,5.354,66.91,2.6,89.21,92.43,2.158,Belt Damage
2026-01-14 20:50:00,1.254,61.32,3.172,77.81,115.84,0.868,Normal
2026-01-16 07:40:00,6.721,68.76,2.452,119.41,98.21,4.549,Misalignment
2026-01-07 18:20:00,3.028,56.64,3.057,85.63,117.98,1.599,Normal
2026-01-06 01:35:00,5.315,55.11,2.831,113.72,112.7,5.434,Misalignment
2026-01-12 07:25:00,1.913,55.24,2.807,83.73,101.66,0.582,Normal
2026-01-10 17:35:00,4.737,58.08,2.34,100.57,89.49,0.05,Joint Failure
2026-01-10 09:30:00,3.569,55.06,2.904,104.9,91.39,1.04,Normal
2026-01-17 15:05:00,3.056,55.46,2.574,88.41,88.03,0.991,Normal
2026-01-06 12:15:00,3.002,55.66,2.964,76.07,108.21,0.689,Normal
2026-01-13 16:55:00,5.308,56.7,2.905,87.98,103.1,1.073,Belt Damage
2026-01-07 00:15:00,6.208,48.42,2.199,112.89,134.23,3.762,Misalignment
2026-01-17 13:00:00,3.145,44.64,3.352,83.45,124.61,0.961,Normal
2026-01-15 16:00:00,7.266,68.1,2.564,101.22,119.25,3.674,Misalignment
2026-01-13 18:45:00,2.525,55.08,3.172,93.23,96.43,0.668,Normal
2026-01-07 05:15:00,4.166,58.92,2.805,150.01,156.65,1.414,Overload
2026-01-09 04:15:00,2.19,51.93,2.616,84.1,115.46,0.713,Normal
2026-01-07 17:40:00,3.68,52.57,2.623,118.87,107.74,0.868,Normal
2026-01-03 10:30:00,3.42,53.17,2.824,113.24,80.67,1.422,Normal
2026-01-09 11:30:00,5.015,59.23,2.399,124.97,178.0,0.754,Overload
2026-01-16 04:35:00,3.864,59.07,3.38,93.25,114.31,0.447,Normal
2026-01-02 17:20:00,3.662,63.28,2.499,91.13,111.71,1.725,Misalignment
2026-01-02 14:40:00,4.573,50.11,2.584,114.89,117.43,2.791,Joint Failure
2026-01-15 03:15:00,4.402,71.28,2.484,107.98,87.88,3.848,Misalignment
2026-01-16 01:05:00,4.866,52.45,2.497,105.74,143.85,3.58,Misalignment
2026-01-01 14:20:00,4.468,56.41,2.162,92.76,129.31,0.507,Normal
2026-01-18 03:55:00,3.169,44.77,2.516,79.09,86.68,1.374,Normal
2026-01-17 15:40:00,4.313,55.44,3.211,77.53,79.69,0.734,Normal
2026-01-09 19:40:00,4.712,53.13,2.646,114.44,92.04,3.584,Misalignment
2026-01-12 07:50:00,1.765,65.76,2.466,85.62,116.42,0.528,Normal
2026-01-17 06:00:00,2.936,59.98,2.115,76.64,121.46,0.071,Normal
2026-01-08 20:20:00,5.527,48.14,2.426,103.16,128.67,1.724,Overload
2026-01-08 08:00:00,3.371,61.4,2.895,62.85,126.49,1.491,Normal
2026-01-04 03:00:00,3.758,52.47,3.146,108.85,110.2,0.05,Normal
2026-01-06 00:30:00,2.57,79.21,2.466,134.79,138.58,0.831,Overload
2026-01-13 09:45:00,8.044,60.54,2.544,87.32,142.87,2.7,Joint Failure
2026-01-03 13:45:00,2.836,51.5,3.105,116.64,95.81,0.807,Normal
2026-01-08 23:05:00,3.664,55.94,2.428,88.38,88.63,0.285,Normal
2026-01-09 12:20:00,3.949,54.19,2.689,78.47,103.34,2.25,Misalignment
2026-01-10 02:30:00,3.038,62.78,2.439,107.95,118.3,0.819,Normal
2026-01-15 03:50:00,3.719,62.88,2.492,104.54,128.95,1.354,Overload
2026-01-05 04:30:00,4.882,47.72,3.024,88.83,114.41,3.195,Misalignment
2026-01-02 18:25:00,4.394,60.6,2.547,135.79,131.91,1.136,Overload
2026-01-10 02:20:00,4.018,46.9,2.308,92.18,149.88,1.412,Overload
2026-01-10 17:30:00,5.621,76.95,2.307,99.91,123.07,2.266,Joint Failure
2026-01-12 12:05:00,4.374,50.09,2.965,96.23,88.05,0.634,Normal
2026-01-06 09:05:00,6.034,61.9,2.834,104.83,146.11,3.093,Misalignment
2026-01-16 20:15:00,2.747,64.33,2.452,99.31,110.83,0.426,Normal
2026-01-08 15:30:00,3.461,63.39,3.136,105.35,103.97,1.022,Normal
2026-01-09 21:50:00,1.996,62.83,2.878,106.28,102.3,0.562,Normal
2026-01-14 12:20:00,5.403,60.88,2.673,92.71,97.77,3.325,Misalignment
2026-01-08 02:20:00,4.233,68.96,2.493,113.62,147.26,0.62,Belt Damage
2026-01-03 15:55:00,3.431,53.17,2.701,91.83,125.84,1.557,Belt Damage
2026-01-17 22:00:00,3.055,52.03,3.29,76.12,90.05,0.674,Normal
2026-01-13 23:30:00,4.356,71.08,2.907,99.82,150.22,1.021,Overload
2026-01-02 11:05:00,6.229,60.59,1.804,100.0,137.43,1.177,Overload
2026-01-01 10:15:00,2.82,54.0,2.945,99.71,98.25,0.675,Normal
2026-01-15 10:50:00,2.11,57.39,3.039,83.82,88.36,0.801,Normal
2026-01-10 03:00:00,3.108,63.07,2.892,97.78,113.91,1.22,Normal
2026-01-03 20:15:00,3.354,48.21,2.909,103.35,114.34,0.643,Normal
2026-01-05 20:55:00,5.769,62.31,2.826,127.44,176.2,0.853,Overload
2026-01-05 19:10:00,4.413,69.64,2.098,107.09,106.43,1.787,Joint Failure
2026-01-08 11:00:00,3.584,58.57,2.836,80.38,114.31,1.046,Normal
2026-01-06 11:15:00,3.633,64.78,2.972,94.84,100.93,1.414,Normal
2026-01-06 16:30:00,6.51,53.54,2.396,109.7,102.46,1.415,Joint Failure
2026-01-07 05:35:00,4.198,48.74,2.878,81.61,126.43,0.561,Normal
2026-01-17 17:15:00,6.233,56.82,2.311,142.36,127.86,1.427,Joint Failure
2026-01-02 09:15:00,4.074,69.46,3.011,111.5,133.55,0.914,Overload
2026-01-09 00:30:00,5.065,49.45,2.862,118.93,127.44,0.321,Normal
2026-01-04 01:30:00,2.921,53.6,3.139,83.93,118.66,0.424,Normal
2026-01-18 06:25:00,3.809,61.32,2.464,110.69,149.33,1.12,Overload
2026-01-11 01:25:00,2.867,56.06,2.596,108.71,105.57,0.3,Normal
2026-01-05 16:40:00,3.901,55.24,2.264,91.37,101.47,0.89,Normal
2026-01-10 12:30:00,3.522,66.0,3.449,98.52,66.95,1.162,Normal
2026-01-16 19:10:00,4.52,70.5,2.758,127.37,104.65,2.366,Joint Failure
2026-01-08 09:30:00,3.284,47.97,2.47,112.81,116.14,1.383,Normal
2026-01-04 09:50:00,3.432,55.84,2.791,108.1,104.82,0.623,Normal
2026-01-02 14:00:00,3.407,49.12,2.865,74.48,92.14,0.469,Normal
2026-01-15 07:15:00,5.173,80.27,2.534,109.72,142.97,1.564,Overload
2026-01-04 17:55:00,6.278,64.37,2.423,118.34,117.01,2.717,Joint Failure
2026-01-07 18:30:00,2.004,55.08,2.961,113.26,78.73,1.015,Normal
2026-01-15 23:30:00,7.722,63.2,2.609,113.82,140.74,1.936,Joint Failure
2026-01-03 09:25:00,2.626,54.48,2.502,118.67,118.6,1.216,Normal
2026-01-09 10:25:00,2.913,45.24,2.921,67.36,97.54,1.112,Belt Damage
2026-01-03 05:25:00,3.603,56.97,2.725,106.46,111.9,0.648,Normal
2026-01-09 07:20:00,3.097,46.0,2.975,84.73,111.06,0.693,Normal
2026-01-07 18:45:00,5.414,65.23,2.479,76.51,133.59,0.733,Overload
2026-01-10 13:00:00,5.338,48.09,2.499,98.27,115.35,1.477,Belt Damage
2026-01-15 23:25:00,6.047,58.37,3.5,101.63,89.09,1.002,Belt Damage
2026-01-12 22:15:00,3.499,42.45,2.462,87.17,108.18,0.672,Normal
2026-01-12 14:00:00,5.844,66.34,3.102,64.97,136.24,1.636,Belt Damage
2026-01-17 13:10:00,5.36,48.99,2.458,66.39,107.47,2.201,Belt Damage
2026-01-12 16:50:00,3.3,49.83,2.98,82.49,114.44,0.858,Normal
2026-01-07 13:00:00,3.002,52.84,2.516,111.94,99.04,0.928,Normal
2026-01-02 08:25:00,2.387,61.65,2.688,114.25,141.25,0.966,Overload
2026-01-09 15:50:00,1.918,53.3,2.967,88.77,114.97,0.994,Normal
2026-01-14 11:10:00,6.394,71.05,2.753,117.59,90.88,4.637,Misalignment
2026-01-14 09:20:00,3.101,39.16,2.789,102.67,100.49,0.451,Normal
2026-01-03 22:25:00,2.212,65.13,2.695,74.31,100.47,0.919,Normal
2026-01-02 21:10:00,2.783,43.53,2.877,103.35,113.55,0.775,Normal
2026-01-01 07:35:00,2.133,57.42,1.978,95.02,124.71,0.999,Overload
2026-01-14 12:05:00,3.457,49.76,2.748,87.58,84.14,0.642,Normal
2026-01-07 20:55:00,4.142,51.44,2.621,77.8,125.21,1.641,Belt Damage
2026-01-10 18:20:00,2.599,56.54,2.898,115.84,140.65,2.289,Misalignment
2026-01-15 04:10:00,1.828,59.04,2.753,100.56,120.1,3.093,Misalignment
2026-01-11 01:50:00,4.97,56.24,2.883,98.16,111.52,0.81,Normal
2026-01-09 18:45:00,4.658,70.62,2.641,80.61,126.55,1.125,Joint Failure
2026-01-06 19:40:00,3.186,63.4,3.432,68.72,92.08,1.065,Normal
2026-01-04 15:20:00,3.931,73.28,2.973,95.98,107.92,1.402,Belt Damage
2026-01-07 19:20:00,2.553,42.63,3.072,103.11,93.28,0.618,Normal
2026-01-09 18:50:00,3.628,49.62,2.989,105.95,99.94,3.248,Misalignment
2026-01-14 20:40:00,4.044,70.89,2.968,96.66,123.05,0.71,Overload
2026-01-01 19:45:00,2.67,51.41,2.678,106.94,118.19,0.899,Normal
2026-01-11 18:05:00,2.565,48.32,2.956,90.61,123.76,0.876,Normal
2026-01-13 02:40:00,2.985,64.21,2.934,75.1,87.03,0.746,Normal
2026-01-04 22:25:00,3.266,53.84,2.608,106.96,113.17,1.079,Normal
2026-01-07 06:25:00,4.365,50.52,2.996,99.2,156.87,0.05,Overload
2026-01-15 23:45:00,3.163,58.57,3.031,86.33,115.4,0.897,Normal
2026-01-01 13:35:00,3.193,52.66,3.369,98.02,113.31,0.465,Normal
2026-01-13 03:00:00,4.952,61.29,2.253,97.96,130.81,2.018,Belt Damage
2026-01-17 08:25:00,4.805,71.3,2.661,104.64,96.32,3.735,Misalignment
2026-01-17 01:50:00,3.376,55.92,2.591,87.0,100.82,0.738,Normal
2026-01-12 23:45:00,1.906,55.4,2.623,77.73,104.52,0.899,Normal
2026-01-12 02:35:00,3.243,46.95,3.385,85.72,88.49,0.904,Normal
2026-01-13 14:50:00,1.504,66.55,2.677,85.96,92.95,0.979,Normal
2026-01-14 16:15:00,3.024,41.15,2.821,100.41,107.05,1.0,Normal
2026-01-07 06:55:00,3.292,57.57,2.654,107.83,147.37,1.485,Overload
2026-01-13 16:05:00,6.688,70.21,2.194,98.16,141.84,3.111,Joint Failure
2026-01-15 01:25:00,3.158,51.81,3.056,108.03,105.23,0.896,Normal
2026-01-05 23:00:00,3.4,52.66,2.279,90.82,98.9,3.914,Misalignment
2026-01-13 13:05:00,3.902,56.57,2.826,124.86,133.1,1.048,Overload
2026-01-11 20:55:00,6.148,55.4,2.479,75.75,116.52,1.666,Belt Damage
2026-01-12 19:00:00,4.141,70.77,2.778,80.86,156.17,1.254,Belt Damage
2026-01-16 11:40:00,3.328,53.89,2.481,98.75,89.76,0.791,Normal
2026-01-17 03:25:00,1.409,63.67,2.322,75.94,97.38,0.558,Normal
2026-01-10 19:00:00,5.779,53.81,2.531,89.8,143.78,2.19,Joint Failure
2026-01-06 01:00:00,3.394,59.49,2.663,62.45,117.37,1.824,Belt Damage
2026-01-03 01:25:00,2.546,51.86,2.423,90.27,96.01,0.714,Normal
2026-01-01 03:25:00,2.189,60.95,2.782,86.62,102.52,0.372,Normal
2026-01-02 22:40:00,1.943,67.25,2.75,102.17,158.37,0.237,Overload
2026-01-12 08:45:00,3.466,52.2,3.098,111.26,99.65,1.151,Normal
2026-01-12 06:20:00,1.818,60.46,2.654,120.87,135.41,2.078,Overload
2026-01-01 20:15:00,3.406,55.27,2.917,107.42,93.64,0.698,Normal
2026-01-05 15:35:00,3.367,53.89,2.56,87.41,94.89,1.403,Normal
2026-01-10 15:40:00,3.171,52.06,2.708,97.02,98.01,0.653,Normal
2026-01-12 01:35:00,3.53,48.92,2.158,84.42,99.16,1.3,Normal
2026-01-14 04:35:00,3.102,68.73,2.643,95.32,114.12,2.284,Misalignment
2026-01-06 00:10:00,5.838,55.05,2.853,100.41,126.09,1.377,Misalignment
2026-01-01 21:45:00,3.369,54.08,2.799,101.78,117.35,2.216,Joint Failure
2026-01-10 14:20:00,2.636,49.4,3.063,107.16,112.77,0.968,Normal
2026-01-06 20:45:00,4.669,61.91,2.638,109.04,154.73,1.086,Overload
2026-01-06 23:45:00,3.521,61.32,2.273,107.57,104.02,0.751,Normal
2026-01-17 15:20:00,1.71,61.55,2.54,106.63,99.41,1.135,Normal
2026-01-03 21:30:00,2.939,57.57,3.103,106.83,111.02,0.285,Normal
2026-01-07 11:30:00,5.102,50.92,3.022,103.69,103.19,0.66,Normal
2026-01-09 16:00:00,5.666,61.68,2.667,123.21,108.27,1.657,Misalignment
2026-01-07 23:30:00,2.293,60.0,2.586,84.27,77.68,0.691,Normal
2026-01-02 04:20:00,3.854,49.02,2.84,105.72,111.97,1.401,Normal
2026-01-11 09:00:00,5.248,60.38,2.95,113.6,127.31,0.789,Overload
2026-01-06 13:25:00,2.709,34.56,2.603,98.72,131.4,0.625,Normal
2026-01-14 10:55:00,2.239,58.36,2.543,86.79,98.73,0.719,Normal
2026-01-17 07:10:00,3.964,51.28,2.911,97.68,121.46,0.529,Normal
2026-01-02 16:00:00,6.39,66.15,2.745,103.28,124.98,2.456,Misalignment
2026-01-10 19:25:00,5.487,57.94,2.274,73.57,130.25,0.931,Belt Damage
2026-01-16 00:45:00,4.259,57.71,3.247,66.52,114.43,1.909,Belt Damage
2026-01-13 07:00:00,2.763,49.53,2.838,85.7,145.15,0.695,Normal
2026-01-17 02:30:00,4.003,67.15,2.885,144.55,127.99,1.115,Overload
2026-01-11 13:50:00,3.116,73.53,2.864,118.61,103.7,0.957,Normal
2026-01-14 20:30:00,3.127,62.98,3.027,109.28,116.18,1.35,Normal
2026-01-07 03:10:00,3.608,59.18,2.474,121.97,136.37,1.211,Overload
2026-01-16 12:45:00,3.102,61.2,2.569,76.73,126.5,1.122,Normal
2026-01-09 12:25:00,3.819,51.3,2.72,98.92,114.56,1.014,Normal
2026-01-10 23:45:00,2.73,60.37,2.964,118.04,74.87,0.793,Normal
2026-01-14 05:55:00,4.945,52.92,2.704,109.3,125.74,5.055,Misalignment
2026-01-14 22:40:00,4.535,63.62,2.838,80.65,101.75,1.736,Belt Damage
2026-01-17 05:45:00,5.949,59.87,2.563,112.23,102.51,2.833,Joint Failure
2026-01-13 18:35:00,2.676,55.09,2.863,95.51,129.15,0.304,Normal
2026-01-05 09:55:00,5.847,59.24,3.114,92.14,83.8,1.393,Belt Damage
2026-01-11 16:25:00,2.845,55.44,2.838,94.08,118.42,0.904,Normal
2026-01-16 15:05:00,2.173,58.21,2.915,96.07,98.8,0.786,Normal
2026-01-11 17:50:00,1.579,51.88,2.861,95.22,99.95,1.08,Normal
2026-01-17 03:45:00,4.863,55.08,2.707,104.29,115.12,0.556,Belt Damage
2026-01-02 04:55:00,3.243,60.12,3.12,99.98,92.79,0.673,Normal
2026-01-14 11:25:00,4.642,72.43,2.478,135.29,139.69,1.625,Overload
2026-01-17 01:15:00,5.214,61.01,2.414,129.23,109.74,0.459,Overload
2026-01-09 21:30:00,3.798,68.03,2.933,94.44,116.95,0.811,Normal
2026-01-16 22:30:00,4.529,67.51,3.015,104.05,106.84,3.057,Misalignment
2026-01-05 22:35:00,1.774,58.97,2.664,92.07,109.93,0.839,Normal
2026-01-03 06:40:00,3.436,59.63,2.396,106.19,115.46,0.509,Normal
2026-01-08 07:10:00,3.377,56.54,2.811,83.9,98.04,0.548,Normal
2026-01-03 04:40:00,2.277,56.98,2.678,84.21,110.99,1.4,Normal
2026-01-11 01:00:00,3.101,54.26,2.783,113.73,113.79,1.797,Overload
2026-01-09 15:45:00,2.858,47.09,2.845,111.78,90.26,0.194,Normal
2026-01-10 06:05:00,3.199,56.89,2.946,99.76,112.15,1.185,Normal
2026-01-14 22:35:00,4.592,60.38,2.281,86.12,112.7,0.586,Normal
2026-01-13 17:10:00,3.524,62.58,2.143,102.92,121.28,1.085,Normal
2026-01-12 11:35:00,2.128,54.37,3.057,87.87,117.67,1.166,Normal
2026-01-11 18:00:00,4.918,68.01,2.215,121.9,121.36,3.205,Joint Failure
2026-01-14 14:35:00,2.778,51.2,2.478,106.37,136.09,0.727,Overload
2026-01-09 16:20:00,6.254,55.26,2.867,77.88,107.38,1.048,Belt Damage
2026-01-06 02:05:00,3.655,48.64,2.805,80.89,118.56,0.277,Normal
2026-01-10 20:05:00,3.645,50.5,2.804,89.25,103.15,0.842,Normal
2026-01-01 09:35:00,5.867,61.42,2.16,78.14,113.76,1.401,Belt Damage
2026-01-07 07:45:00,1.915,66.04,2.711,98.24,107.26,0.778,Normal
2026-01-06 04:30:00,5.107,52.89,2.569,82.53,114.06,3.771,Misalignment
2026-01-09 08:05:00,3.093,56.37,3.041,95.85,109.94,0.847,Normal
2026-01-05 06:40:00,3.26,49.56,3.351,96.23,98.99,0.824,Normal
2026-01-10 05:45:00,6.611,53.1,2.403,82.21,114.95,1.559,Belt Damage
2026-01-15 05:40:00,3.474,67.66,2.415,110.34,98.27,3.338,Misalignment
2026-01-16 21:05:00,4.074,44.79,2.678,133.58,180.0,1.142,Overload
2026-01-05 00:05:00,4.528,70.37,2.787,109.03,127.32,3.953,Misalignment
2026-01-14 08:40:00,4.669,63.55,2.243,149.91,166.69,1.357,Overload
2026-01-01 04:45:00,3.251,60.5,2.827,93.72,112.38,0.361,Normal
2026-01-15 06:00:00,2.312,62.23,2.625,86.75,109.31,1.231,Normal
2026-01-15 21:20:00,2.996,43.72,2.671,116.77,120.72,1.019,Normal
2026-01-18 04:05:00,5.678,60.29,1.753,129.54,106.79,2.054,Joint Failure
2026-01-07 00:35:00,6.503,57.05,2.297,73.09,107.66,2.123,Belt Damage
2026-01-08 15:00:00,3.11,51.65,2.923,97.69,106.27,0.235,Normal
2026-01-13 08:05:00,2.872,52.52,2.923,91.64,86.6,0.949,Normal
2026-01-09 14:15:00,5.832,48.85,2.893,102.53,101.24,1.582,Belt Damage
2026-01-09 21:40:00,4.151,63.76,2.922,99.81,119.73,1.235,Normal
2026-01-11 23:10:00,5.512,49.06,2.958,67.16,116.82,2.622,Belt Damage
2026-01-15 00:10:00,2.087,59.58,3.305,84.3,115.94,1.127,Normal
2026-01-13 16:35:00,1.913,58.69,2.66,85.94,118.21,0.489,Normal
2026-01-03 10:55:00,3.116,59.93,2.511,99.37,120.3,2.122,Overload
2026-01-15 20:40:00,3.168,60.0,3.004,91.38,91.12,1.045,Normal
2026-01-04 19:05:00,4.525,50.09,3.106,90.58,83.15,0.767,Normal
2026-01-17 19:15:00,3.604,49.19,2.697,98.59,80.6,1.377,Normal
2026-01-05 18:40:00,2.705,62.13,2.69,79.19,112.41,1.179,Normal
2026-01-18 01:25:00,2.329,55.87,3.312,114.4,103.69,0.725,Normal
2026-01-01 06:00:00,3.257,55.19,2.715,80.33,111.94,0.674,Normal
2026-01-07 16:10:00,3.53,53.89,2.576,80.87,124.62,3.84,Misalignment
2026-01-12 00:25:00,2.555,59.39,2.649,89.45,76.96,0.469,Normal
2026-01-07 03:00:00,3.55,54.26,2.515,97.51,85.42,0.626,Normal
2026-01-03 13:55:00,3.866,63.9,2.949,100.96,124.53,0.91,Normal
2026-01-15 23:50:00,2.371,58.01,2.858,115.74,83.14,0.885,Normal
2026-01-04 11:45:00,3.854,54.19,2.585,96.33,108.13,3.741,Misalignment
2026-01-10 06:20:00,4.253,66.79,3.046,102.27,153.95,0.996,Overload
2026-01-05 03:10:00,3.119,48.07,2.633,88.21,96.22,1.469,Normal
2026-01-17 01:55:00,3.99,48.76,2.871,86.9,129.29,0.311,Normal
2026-01-10 00:45:00,2.838,61.24,2.462,90.64,109.72,1.114,Normal
2026-01-04 21:45:00,5.239,56.37,2.777,95.32,107.24,3.025,Misalignment
2026-01-05 07:25:00,4.532,67.79,2.265,107.63,143.17,1.359,Overload
2026-01-16 23:50:00,5.421,77.99,2.281,79.1,106.82,1.867,Belt Damage
2026-01-15 08:10:00,2.493,59.66,2.892,80.52,94.26,0.375,Normal
2026-01-12 22:50:00,2.979,53.12,2.396,84.19,87.24,1.186,Normal
2026-01-04 11:10:00,5.964,50.71,2.256,119.57,145.73,1.564,Joint Failure
2026-01-12 18:10:00,2.036,52.8,3.466,88.3,114.21,1.32,Normal
2026-01-10 07:40:00,2.991,48.29,2.439,105.09,94.6,1.245,Normal
2026-01-06 11:25:00,3.526,75.12,2.717,78.39,99.72,1.455,Misalignment
2026-01-17 15:10:00,3.171,65.32,2.524,96.91,102.22,0.797,Normal
2026-01-07 08:10:00,3.078,60.16,2.778,85.2,124.81,0.734,Normal
2026-01-12 10:20:00,2.721,54.93,3.079,97.09,92.74,0.905,Normal
2026-01-18 07:45:00,4.35,55.4,2.669,112.14,132.11,1.365,Overload
2026-01-13 06:40:00,4.233,57.64,2.903,94.66,108.92,0.84,Normal
2026-01-02 12:40:00,2.482,46.09,3.216,93.48,95.39,0.63,Normal
2026-01-18 04:35:00,1.913,52.94,3.341,86.75,111.63,0.453,Normal
2026-01-04 19:40:00,2.925,53.47,2.376,63.46,114.37,0.514,Normal
2026-01-14 22:10:00,2.761,69.63,2.72,103.51,103.87,0.825,Normal
2026-01-11 14:50:00,3.741,64.03,2.715,80.23,95.24,1.056,Normal
2026-01-03 06:05:00,3.066,52.38,2.635,82.66,105.13,0.309,Normal
2026-01-06 08:50:00,4.681,56.61,2.855,110.0,168.49,0.99,Overload
2026-01-17 12:20:00,2.619,46.65,2.652,90.94,98.67,0.469,Normal
2026-01-13 08:40:00,3.776,50.81,3.185,104.75,106.12,0.333,Normal
2026-01-14 11:50:00,4.466,64.19,2.759,100.29,135.5,2.226,Belt Damage
2026-01-13 23:45:00,7.116,49.4,2.41,100.27,119.03,1.631,Belt Damage
2026-01-03 04:30:00,2.656,49.92,2.803,129.06,157.55,1.302,Overload
2026-01-03 08:00:00,3.04,51.84,2.541,105.76,110.78,1.125,Normal
2026-01-05 08:05:00,4.159,57.66,2.168,91.96,91.57,1.31,Misalignment
2026-01-02 16:10:00,2.348,61.21,2.693,99.17,70.23,0.547,Normal
2026-01-06 12:00:00,6.585,60.84,2.426,136.01,142.76,1.102,Joint Failure
2026-01-11 16:10:00,4.879,65.71,2.309,93.92,126.51,2.685,Misalignment
2026-01-17 01:35:00,1.665,40.16,2.92,112.86,84.91,0.305,Normal
2026-01-11 13:10:00,1.996,45.6,2.814,98.07,125.94,1.602,Normal
2026-01-06 01:50:00,2.085,50.58,2.877,79.77,86.88,0.609,Normal
2026-01-14 15:25:00,4.228,54.73,2.873,99.63,102.31,0.817,Normal
2026-01-13 13:45:00,3.805,55.22,3.406,92.95,102.35,0.582,Normal
2026-01-09 22:50:00,2.911,65.13,2.82,90.21,101.67,0.537,Normal
2026-01-14 04:45:00,7.598,60.7,2.401,90.42,128.74,1.92,Joint Failure
2026-01-01 04:05:00,2.637,61.19,2.507,115.25,112.26,1.25,Normal
2026-01-15 21:25:00,2.402,61.91,3.072,118.81,116.61,0.451,Overload
2026-01-12 14:40:00,3.937,57.42,2.641,87.43,121.21,0.316,Normal
2026-01-03 23:30:00,5.192,68.01,2.696,118.25,118.54,2.226,Misalignment
2026-01-04 17:20:00,2.945,60.16,3.005,100.15,110.22,0.05,Normal
2026-01-03 11:55:00,2.683,63.43,2.918,117.32,120.37,0.993,Overload
2026-01-13 21:45:00,2.21,58.46,3.039,77.37,70.33,1.038,Normal
2026-01-10 03:15:00,3.38,66.34,2.334,105.15,180.0,0.493,Overload
2026-01-17 22:05:00,3.251,48.78,3.468,125.6,105.66,0.822,Normal
2026-01-06 18:20:00,6.055,55.77,3.358,98.33,122.53,0.664,Misalignment
2026-01-06 18:00:00,4.303,61.22,2.966,105.12,94.62,1.487,Misalignment
2026-01-09 10:05:00,1.548,69.53,2.589,89.28,114.2,1.418,Belt Damage
2026-01-13 05:40:00,3.015,54.34,2.734,92.62,118.51,0.446,Normal
2026-01-15 16:25:00,3.955,63.07,2.935,104.76,104.21,0.745,Normal
2026-01-18 06:30:00,4.128,33.58,2.948,86.47,111.13,1.546,Normal
2026-01-12 11:45:00,2.256,44.9,2.765,75.71,103.39,0.465,Normal
2026-01-16 13:00:00,2.567,56.04,3.5,90.55,69.84,0.777,Normal
2026-01-12 11:25:00,2.947,50.01,2.782,108.81,97.16,0.937,Normal
2026-01-17 11:55:00,3.041,51.85,2.529,94.49,87.13,1.047,Normal
2026-01-15 07:50:00,5.551,53.01,2.866,95.76,102.47,4.199,Misalignment
2026-01-10 01:10:00,3.24,64.88,3.169,102.37,83.45,0.74,Normal
2026-01-05 19:25:00,3.234,58.86,2.425,109.12,126.55,0.75,Normal
2026-01-14 07:35:00,2.45,65.02,2.757,100.32,99.59,0.569,Normal
2026-01-05 20:35:00,4.338,47.57,2.549,118.78,137.08,1.378,Overload
2026-01-05 03:35:00,7.272,45.3,2.851,84.95,129.21,2.134,Belt Damage
2026-01-05 21:20:00,5.012,56.64,2.689,80.71,106.37,3.19,Misalignment
2026-01-14 06:40:00,4.942,55.06,2.892,89.41,94.23,0.44,Normal
2026-01-07 05:50:00,3.072,60.83,2.451,72.92,120.53,0.929,Normal
2026-01-06 02:55:00,4.216,55.75,2.68,96.62,113.69,3.623,Misalignment
2026-01-18 05:45:00,1.705,51.23,2.402,73.76,121.27,0.367,Normal
2026-01-01 02:55:00,5.206,66.73,2.628,122.5,173.8,1.259,Overload
2026-01-13 07:05:00,4.155,75.4,2.398,114.0,163.41,0.632,Overload
2026-01-09 03:25:00,5.3,52.49,2.474,93.23,105.96,1.885,Misalignment
2026-01-17 05:50:00,4.135,65.89,3.037,109.6,115.29,2.625,Misalignment
2026-01-09 04:35:00,2.05,55.95,2.843,104.45,101.4,0.919,Normal
2026-01-08 15:50:00,1.77,45.41,2.655,112.17,88.42,1.542,Normal
2026-01-14 01:55:00,2.246,59.97,2.949,86.77,94.15,1.082,Normal
2026-01-05 11:10:00,3.443,51.23,2.715,87.96,97.0,0.813,Normal
2026-01-02 05:05:00,4.876,68.95,2.379,84.63,114.78,2.469,Misalignment
2026-01-08 10:05:00,4.936,70.67,2.64,93.8,156.09,1.25,Overload
2026-01-10 08:15:00,3.856,63.39,2.546,110.12,83.73,2.906,Misalignment
2026-01-16 20:00:00,5.402,62.99,1.935,121.55,151.52,0.467,Overload
2026-01-14 18:35:00,3.705,55.92,3.02,106.14,123.37,0.942,Normal
2026-01-06 20:05:00,7.086,71.68,2.657,94.01,133.53,2.615,Joint Failure
2026-01-17 18:50:00,2.81,52.47,2.633,90.37,111.56,0.672,Normal
2026-01-06 00:15:00,2.905,53.45,3.019,88.42,90.89,1.185,Normal
2026-01-12 06:15:00,4.53,77.45,2.408,150.19,138.52,0.429,Overload
2026-01-06 19:15:00,5.317,60.72,2.685,81.79,100.45,1.547,Belt Damage
2026-01-14 07:40:00,5.751,45.71,2.255,122.99,110.72,2.08,Joint Failure
2026-01-05 02:15:00,2.562,51.02,2.837,90.98,105.51,0.687,Normal
2026-01-10 17:10:00,5.866,55.97,2.645,124.69,133.53,0.249,Joint Failure
2026-01-06 21:00:00,2.346,56.82,2.804,113.62,94.06,0.829,Normal
2026-01-14 17:40:00,1.661,48.73,2.084,104.48,131.75,1.427,Joint Failure
2026-01-02 07:00:00,2.637,53.79,3.002,101.64,111.83,0.898,Normal
2026-01-13 12:50:00,1.764,62.5,2.363,108.54,107.88,3.289,Misalignment
2026-01-07 15:40:00,3.274,73.86,3.165,87.1,125.07,2.208,Belt Damage
2026-01-05 17:05:00,3.529,59.83,2.842,109.47,124.88,0.338,Normal
2026-01-07 08:05:00,3.065,66.72,2.578,97.61,105.73,0.49,Normal
2026-01-03 17:30:00,3.592,54.62,2.938,90.31,110.73,4.494,Misalignment
2026-01-02 15:05:00,6.603,58.38,2.312,118.56,143.15,1.391,Joint Failure
2026-01-01 11:40:00,5.474,52.47,2.729,119.16,82.97,1.348,Joint Failure
2026-01-03 17:40:00,2.174,46.41,2.204,91.2,96.84,0.965,Normal
2026-01-02 02:55:00,3.368,59.7,2.705,109.19,97.8,0.747,Normal
2026-01-01 04:10:00,3.513,54.8,2.68,128.18,130.04,1.487,Joint Failure
2026-01-03 11:30:00,2.822,59.56,2.854,87.96,103.89,0.975,Normal
2026-01-17 23:25:00,2.773,67.68,2.358,128.62,124.9,1.273,Overload
2026-01-10 20:40:00,2.984,41.83,3.15,82.99,102.4,0.594,Normal
2026-01-09 11:50:00,3.643,59.29,2.929,88.88,100.98,0.878,Normal
2026-01-17 17:05:00,3.904,48.86,2.386,87.56,112.79,0.583,Normal
2026-01-16 08:15:00,3.06,45.57,2.716,73.3,105.01,0.859,Normal
2026-01-16 23:00:00,4.379,46.57,2.699,100.19,115.49,1.211,Overload
2026-01-11 11:15:00,4.43,58.18,2.922,80.7,78.17,0.472,Normal
2026-01-10 06:10:00,2.333,45.62,2.764,96.29,102.97,0.721,Normal
2026-01-02 09:50:00,2.371,59.67,3.064,91.85,96.63,0.189,Normal
2026-01-13 22:20:00,2.124,55.4,3.097,72.4,88.5,0.769,Normal
2026-01-04 11:40:00,2.862,42.99,2.576,125.61,129.96,1.008,Overload
2026-01-14 03:35:00,3.069,57.56,2.762,76.73,114.92,1.13,Normal
2026-01-04 02:10:00,2.717,63.01,2.838,147.49,129.82,0.46,Overload
2026-01-09 08:55:00,3.632,65.02,2.289,99.54,100.29,1.646,Normal
2026-01-09 20:05:00,2.172,48.5,2.776,95.26,100.72,0.693,Normal
2026-01-17 18:45:00,1.697,49.12,2.921,105.0,98.55,0.981,Normal
2026-01-09 07:10:00,2.5,57.66,2.393,102.64,117.85,0.729,Normal
2026-01-14 16:20:00,4.871,51.52,2.828,131.19,152.04,0.05,Overload
2026-01-01 03:30:00,3.109,53.03,2.907,97.74,85.34,1.077,Normal
2026-01-10 19:50:00,1.526,60.06,2.308,87.46,101.22,0.83,Normal
2026-01-14 18:25:00,4.655,50.9,2.801,123.29,119.87,0.692,Overload
2026-01-02 01:15:00,3.949,53.2,2.859,92.7,88.08,3.795,Misalignment
2026-01-16 16:05:00,4.122,59.26,2.515,99.34,115.69,2.187,Misalignment
2026-01-14 00:15:00,2.795,54.04,2.601,101.18,84.73,1.252,Normal
2026-01-03 07:20:00,2.705,35.19,2.656,83.86,129.24,0.191,Normal
2026-01-05 02:05:00,3.296,45.45,3.325,76.03,103.65,0.775,Normal
2026-01-10 07:00:00,1.867,56.23,2.832,100.13,101.11,0.852,Normal
2026-01-07 18:15:00,2.853,60.15,3.218,105.6,86.97,0.796,Normal
2026-01-09 16:25:00,4.572,65.65,2.586,138.18,155.08,1.089,Overload
2026-01-06 02:45:00,3.245,52.36,3.104,96.78,125.58,1.109,Normal
2026-01-13 02:15:00,6.389,59.65,2.245,116.52,141.89,1.712,Joint Failure
2026-01-13 05:20:00,1.901,47.1,2.61,98.37,109.61,1.173,Normal
2026-01-08 09:40:00,5.37,52.39,2.503,117.87,131.82,2.306,Misalignment
2026-01-04 13:30:00,5.833,57.14,2.724,99.92,114.59,0.46,Belt Damage
2026-01-04 08:05:00,5.933,50.77,2.704,105.56,113.53,3.317,Misalignment
2026-01-11 00:45:00,4.293,57.15,2.718,94.55,120.51,1.438,Belt Damage
2026-01-11 21:10:00,3.335,53.51,2.983,88.06,82.5,0.658,Normal
2026-01-07 23:25:00,3.063,62.42,2.805,95.55,105.58,1.052,Normal
2026-01-08 11:05:00,4.949,66.89,2.991,71.91,96.58,1.092,Belt Damage
2026-01-12 12:55:00,4.523,62.24,3.02,102.91,143.77,4.388,Misalignment
2026-01-09 02:50:00,3.074,69.89,2.491,100.09,120.04,0.326,Normal
2026-01-14 12:00:00,4.674,72.1,2.458,58.81,118.5,2.165,Misalignment
2026-01-02 01:20:00,4.063,63.15,3.248,97.33,110.91,0.974,Overload
2026-01-06 00:00:00,5.876,60.43,1.902,85.71,135.7,2.56,Joint Failure
2026-01-06 04:40:00,4.307,75.97,2.833,94.93,60.98,3.267,Misalignment
2026-01-10 05:00:00,1.457,54.22,2.702,107.7,111.39,1.166,Normal
2026-01-10 23:35:00,1.789,57.41,3.182,98.94,125.78,0.546,Normal
2026-01-04 04:20:00,2.907,57.87,2.584,68.15,116.94,0.792,Normal
2026-01-15 12:30:00,2.858,58.83,3.163,108.03,117.64,3.084,Misalignment
2026-01-13 22:05:00,6.16,52.9,2.583,84.07,120.98,1.24,Belt Damage
2026-01-10 15:00:00,2.736,65.5,2.481,125.53,105.83,0.759,Overload
2026-01-06 15:20:00,4.079,65.43,2.588,105.98,104.54,0.657,Normal
2026-01-14 07:45:00,2.345,54.66,2.747,114.04,111.5,0.495,Normal
2026-01-03 20:25:00,3.254,57.1,2.678,99.28,116.89,1.028,Normal
2026-01-14 18:20:00,3.339,56.02,2.923,123.08,90.11,0.741,Normal
2026-01-05 16:50:00,3.212,39.32,2.643,109.88,113.41,0.886,Normal
2026-01-16 14:45:00,3.274,51.39,3.076,79.78,109.47,0.434,Normal
2026-01-03 22:50:00,3.116,57.34,2.805,109.28,94.43,1.155,Normal
2026-01-04 11:20:00,3.231,70.06,2.613,108.21,110.21,0.153,Normal
2026-01-12 17:25:00,1.661,53.38,2.302,92.05,112.61,0.826,Normal
2026-01-01 01:30:00,2.656,59.32,2.633,94.81,110.19,0.608,Normal
2026-01-06 16:25:00,2.892,52.48,2.648,87.07,111.93,0.826,Normal
2026-01-06 18:55:00,5.831,50.19,2.461,99.86,121.9,0.496,Joint Failure
2026-01-02 17:05:00,3.659,45.79,3.333,90.93,115.87,0.328,Normal
2026-01-05 16:15:00,3.549,49.03,2.941,80.62,86.29,0.788,Normal
2026-01-13 22:35:00,2.751,42.48,2.864,77.95,108.67,0.395,Normal
2026-01-17 18:05:00,3.082,42.19,3.041,79.42,109.52,1.245,Normal
2026-01-13 13:10:00,3.837,54.27,2.898,110.01,111.96,1.063,Normal
2026-01-13 02:05:00,5.398,67.03,2.818,88.36,126.41,4.081,Misalignment
2026-01-03 09:15:00,3.374,69.58,3.185,98.93,100.05,0.248,Normal
2026-01-13 22:55:00,5.756,56.84,2.558,100.39,100.27,1.902,Joint Failure
2026-01-06 14:00:00,2.315,50.41,2.361,94.72,108.09,1.504,Normal
2026-01-15 04:20:00,2.189,60.88,2.873,80.69,94.3,1.156,Normal
2026-01-12 19:30:00,3.055,47.06,2.647,107.48,106.05,0.506,Joint Failure
2026-01-04 12:05:00,3.956,56.68,2.799,98.91,101.24,0.64,Normal
2026-01-09 08:40:00,8.918,61.26,1.993,104.52,137.22,0.285,Joint Failure
2026-01-04 19:00:00,5.063,45.6,2.222,116.27,108.86,2.322,Misalignment
2026-01-05 14:35:00,3.467,61.1,2.602,118.98,142.83,1.332,Overload
2026-01-06 19:45:00,2.921,41.97,2.71,103.2,95.17,1.154,Normal
2026-01-07 22:35:00,3.897,49.36,3.067,105.66,106.61,0.407,Normal
2026-01-05 13:10:00,2.776,59.37,2.92,96.31,95.9,0.353,Normal
2026-01-12 07:30:00,3.325,58.49,2.867,94.19,122.29,0.122,Normal
2026-01-07 21:35:00,2.999,51.92,2.648,102.8,102.83,0.851,Normal
2026-01-13 16:00:00,2.902,51.78,2.882,100.49,106.72,2.881,Misalignment
2026-01-02 04:40:00,2.751,58.5,2.948,94.39,136.22,0.599,Normal
2026-01-16 13:30:00,4.686,66.92,2.578,103.61,130.47,3.842,Misalignment
2026-01-04 10:10:00,3.419,64.02,2.315,108.84,106.44,3.355,Misalignment
2026-01-16 18:40:00,3.064,57.64,2.297,113.42,84.0,0.937,Normal
2026-01-14 05:15:00,4.053,52.05,2.922,89.52,99.47,0.77,Normal
2026-01-16 16:55:00,4.217,67.46,2.556,89.84,113.72,2.767,Misalignment
2026-01-14 21:30:00,3.717,54.56,3.132,127.29,176.36,0.603,Overload
2026-01-11 17:35:00,5.922,63.64,2.402,96.76,120.27,0.25,Joint Failure
2026-01-14 18:05:00,2.264,59.33,2.578,73.91,91.95,0.967,Normal
2026-01-04 23:10:00,5.672,66.59,2.127,106.8,115.9,2.822,Misalignment
2026-01-09 04:30:00,2.8,56.35,2.757,92.44,113.15,1.028,Normal
2026-01-05 03:50:00,2.496,61.81,2.782,126.43,118.82,1.368,Overload
2026-01-01 07:05:00,2.882,62.91,2.607,98.53,95.49,0.666,Normal
2026-01-06 06:30:00,3.273,47.73,2.413,100.43,128.22,1.514,Normal
2026-01-02 19:00:00,1.665,61.41,2.912,107.53,96.72,0.411,Normal
2026-01-05 19:05:00,3.342,54.06,2.913,83.11,103.43,1.064,Normal
2026-01-10 10:20:00,4.218,64.15,2.31,101.43,100.46,3.621,Misalignment
2026-01-11 17:00:00,4.886,51.09,2.552,107.01,140.51,1.359,Overload
2026-01-04 12:30:00,3.172,56.43,2.627,102.68,125.15,1.552,Overload
2026-01-01 10:40:00,3.235,60.42,2.772,79.28,98.26,0.875,Normal
2026-01-05 17:40:00,4.743,61.33,2.596,106.8,159.14,1.279,Overload
2026-01-13 13:55:00,2.66,55.14,2.945,91.21,136.62,1.472,Belt Damage
2026-01-18 06:10:00,2.878,66.61,2.739,90.7,113.47,1.423,Normal
2026-01-04 02:15:00,4.985,57.86,3.072,88.55,148.82,1.69,Belt Damage
2026-01-10 16:45:00,3.348,54.02,2.802,82.35,101.51,0.32,Normal
2026-01-15 17:10:00,1.546,62.09,2.401,112.97,129.57,0.28,Overload
2026-01-05 17:15:00,1.744,51.5,2.791,92.67,138.38,4.559,Misalignment
2026-01-02 01:35:00,2.755,42.19,2.998,118.58,97.85,0.908,Normal
2026-01-06 18:25:00,3.8,47.09,3.16,99.98,120.96,0.178,Normal
2026-01-09 10:35:00,7.051,50.23,2.917,95.8,137.82,0.685,Belt Damage
2026-01-14 15:50:00,2.549,39.46,2.724,103.78,93.1,0.713,Normal
2026-01-05 13:45:00,4.124,59.62,1.92,121.22,175.72,0.561,Overload
2026-01-15 22:35:00,3.531,50.06,2.929,102.44,128.54,3.499,Misalignment
2026-01-09 14:10:00,2.104,55.12,2.323,97.28,107.41,0.204,Normal
2026-01-09 19:50:00,6.795,54.1,2.567,109.37,119.67,1.82,Belt Damage
2026-01-05 07:50:00,2.295,56.54,2.866,84.52,114.71,0.263,Normal
2026-01-05 04:40:00,4.682,55.11,2.948,89.41,114.61,0.796,Normal
2026-01-01 18:00:00,2.56,65.04,3.111,76.91,97.57,0.937,Normal
2026-01-15 21:40:00,6.714,66.6,2.587,126.87,107.09,3.471,Misalignment
2026-01-11 15:10:00,4.243,53.77,2.538,120.96,113.55,3.311,Misalignment
2026-01-05 07:15:00,2.381,55.05,2.31,100.01,112.53,0.603,Normal
2026-01-08 22:45:00,2.51,49.72,2.63,80.48,117.89,0.575,Normal
2026-01-10 12:20:00,3.488,68.41,2.543,100.25,105.18,0.783,Normal
2026-01-01 22:55:00,2.464,55.95,2.71,65.78,83.65,0.431,Normal
2026-01-02 16:45:00,2.926,56.27,2.357,84.29,120.73,2.46,Belt Damage
2026-01-04 14:15:00,4.354,62.91,2.731,100.91,166.8,0.341,Overload
2026-01-05 06:25:00,1.991,61.08,3.243,115.66,115.4,1.016,Normal
2026-01-16 22:05:00,7.81,62.19,2.594,97.18,134.94,1.375,Joint Failure
2026-01-04 12:00:00,2.986,60.04,3.267,77.65,95.42,1.02,Normal
2026-01-17 06:45:00,4.339,51.33,2.139,106.76,121.61,1.035,Joint Failure
2026-01-14 23:30:00,2.6,56.33,2.499,100.94,114.21,0.838,Normal
2026-01-12 01:10:00,3.938,60.93,2.256,94.3,91.31,0.748,Normal
2026-01-09 19:00:00,1.694,52.1,2.559,74.41,129.44,0.561,Normal
2026-01-15 11:25:00,1.533,57.2,2.749,118.58,126.33,0.419,Normal
2026-01-04 16:10:00,2.677,50.22,2.764,99.12,107.35,0.107,Normal
2026-01-08 12:30:00,4.969,60.89,2.371,100.74,107.74,2.874,Misalignment
2026-01-16 21:30:00,5.094,64.66,2.47,147.99,145.33,0.05,Joint Failure
2026-01-01 23:25:00,3.983,44.82,2.938,106.41,112.99,1.553,Normal
2026-01-13 09:05:00,2.511,66.99,2.397,118.29,134.73,0.468,Overload
2026-01-05 13:40:00,1.813,52.13,2.513,112.49,117.05,0.05,Normal
2026-01-18 06:50:00,4.191,60.94,2.801,108.81,91.31,0.709,Normal
2026-01-04 08:40:00,4.576,60.45,2.746,89.66,134.15,1.97,Misalignment
2026-01-11 20:30:00,5.698,58.75,2.557,100.46,73.44,2.973,Misalignment
2026-01-14 14:40:00,4.564,61.95,2.077,148.81,118.41,1.977,Joint Failure
2026-01-11 23:50:00,5.177,66.77,2.924,104.96,118.43,0.05,Joint Failure
2026-01-13 05:15:00,2.852,69.63,2.655,85.94,106.4,0.954,Normal
2026-01-03 03:35:00,5.669,57.58,2.164,116.15,129.67,1.599,Overload
2026-01-12 14:50:00,3.585,52.34,2.716,97.55,80.11,1.207,Normal
2026-01-07 01:10:00,3.315,52.76,2.671,119.82,137.69,0.869,Overload
2026-01-05 19:50:00,2.802,66.19,3.179,80.3,97.32,0.448,Normal
2026-01-15 01:30:00,6.813,71.99,2.655,86.86,122.43,1.425,Joint Failure
2026-01-07 09:55:00,2.885,50.82,2.512,90.5,108.66,0.639,Normal
2026-01-06 11:35:00,2.566,56.35,2.569,90.7,105.05,0.491,Normal
2026-01-06 17:55:00,5.878,71.68,1.943,130.8,153.99,0.52,Joint Failure
2026-01-09 04:00:00,3.43,42.99,2.385,103.69,109.28,4.428,Misalignment
2026-01-08 16:20:00,3.504,47.52,3.102,103.16,124.18,0.741,Normal
2026-01-08 00:20:00,5.596,51.76,2.534,103.02,120.64,1.634,Joint Failure
2026-01-18 06:20:00,2.788,55.13,2.836,85.66,88.06,1.217,Normal
2026-01-07 19:00:00,4.844,49.54,2.448,108.18,91.14,4.974,Misalignment
2026-01-05 12:55:00,3.626,60.96,2.445,121.62,135.39,0.886,Overload
2026-01-07 22:55:00,3.305,61.77,2.701,95.54,100.15,0.901,Normal
2026-01-16 11:15:00,3.064,49.6,2.927,100.19,105.93,0.428,Normal
2026-01-02 23:55:00,7.06,64.09,2.116,81.36,99.03,1.665,Joint Failure
2026-01-15 04:45:00,4.012,50.38,2.365,89.69,111.75,1.169,Normal
2026-01-15 23:55:00,4.311,54.54,2.76,101.32,77.6,1.136,Normal
2026-01-16 09:40:00,3.623,64.75,2.872,101.39,105.99,0.932,Normal
2026-01-06 22:10:00,6.819,57.35,2.044,100.34,113.23,3.268,Misalignment
2026-01-13 23:50:00,5.007,68.02,2.699,111.71,143.83,0.772,Overload
2026-01-13 01:10:00,2.964,57.41,2.466,95.21,110.54,1.066,Normal
2026-01-05 10:40:00,5.862,47.28,2.387,111.67,131.9,2.012,Misalignment
2026-01-03 23:45:00,2.25,46.72,2.81,92.21,111.7,0.771,Normal
2026-01-15 09:25:00,3.685,61.8,2.647,87.9,94.3,3.293,Misalignment
2026-01-07 06:05:00,3.768,57.82,2.827,106.08,117.76,0.847,Overload
2026-01-06 15:40:00,2.978,41.96,2.225,105.37,83.11,0.722,Normal
2026-01-07 22:05:00,3.346,47.58,3.075,96.84,124.04,0.589,Normal
2026-01-10 03:55:00,4.19,65.17,2.695,117.88,138.39,1.781,Overload
2026-01-01 22:25:00,2.744,49.32,3.227,100.64,94.8,1.307,Normal
2026-01-03 04:25:00,3.027,52.41,2.461,92.39,129.29,1.191,Normal
2026-01-11 16:45:00,4.927,58.93,2.831,114.9,125.15,1.887,Belt Damage
2026-01-09 02:30:00,3.664,68.13,2.759,103.38,120.29,0.202,Normal
2026-01-11 07:10:00,3.515,58.98,2.832,117.75,125.97,1.448,Overload
2026-01-02 01:00:00,2.775,56.07,2.364,80.11,127.89,0.581,Normal
2026-01-02 14:15:00,3.905,52.78,2.476,94.22,126.86,0.749,Normal
2026-01-06 00:35:00,2.322,62.54,2.941,83.74,112.93,2.069,Belt Damage
2026-01-06 02:40:00,2.878,59.02,2.396,74.68,90.53,1.004,Belt Damage
2026-01-08 02:30:00,3.234,58.88,2.869,88.36,90.08,0.485,Normal
2026-01-15 16:20:00,2.372,47.05,2.92,107.96,116.06,0.836,Normal
2026-01-14 01:40:00,4.083,50.12,2.883,79.49,115.84,1.033,Normal
2026-01-08 08:05:00,6.494,55.43,2.453,108.82,124.02,2.373,Belt Damage
2026-01-01 02:15:00,3.71,64.07,2.547,82.81,99.26,0.436,Normal
2026-01-14 07:55:00,5.867,45.18,2.533,109.34,89.36,2.54,Misalignment
2026-01-16 16:50:00,7.578,58.81,2.908,72.54,92.45,2.555,Belt Damage
2026-01-03 21:45:00,0.715,58.1,2.677,97.03,110.23,0.647,Normal
2026-01-14 06:50:00,3.458,52.97,2.467,83.66,110.17,0.424,Normal
2026-01-07 23:20:00,3.157,50.44,2.865,118.49,89.77,0.481,Normal
2026-01-18 00:55:00,3.406,62.45,2.738,113.02,105.27,0.966,Normal
2026-01-02 17:55:00,5.272,48.83,2.132,86.06,124.85,2.101,Belt Damage
2026-01-12 03:10:00,5.098,54.77,2.56,95.8,125.02,0.861,Belt Damage
2026-01-15 22:40:00,4.621,84.1,2.363,92.36,130.04,1.814,Belt Damage
2026-01-02 07:40:00,4.214,57.27,3.241,122.71,116.5,1.392,Normal
2026-01-07 10:15:00,3.941,66.7,2.858,93.3,99.78,0.929,Belt Damage
2026-01-06 07:05:00,3.279,63.6,2.648,94.2,113.24,0.751,Normal
2026-01-09 05:05:00,3.713,47.47,2.416,83.25,118.48,0.157,Normal
2026-01-15 09:35:00,2.606,68.58,2.863,83.06,104.95,0.644,Normal
2026-01-11 14:20:00,2.422,57.6,2.651,90.53,89.65,0.327,Normal
2026-01-11 00:20:00,1.722,65.93,2.5,88.68,109.99,0.856,Normal
2026-01-09 03:00:00,2.806,56.57,2.905,91.73,136.49,0.456,Overload
2026-01-02 07:10:00,2.197,53.23,3.006,89.02,99.09,0.879,Normal
2026-01-12 07:40:00,3.452,44.99,2.544,99.23,92.26,0.933,Normal
2026-01-09 06:25:00,6.598,70.83,2.55,88.69,117.91,1.571,Belt Damage
2026-01-15 23:05:00,4.765,62.85,2.795,142.1,142.03,1.695,Overload
2026-01-04 06:15:00,7.457,54.75,3.014,109.52,132.43,2.194,Misalignment
2026-01-15 13:50:00,2.383,54.46,3.153,108.22,114.58,1.099,Normal
2026-01-15 11:05:00,3.889,62.19,2.578,83.5,101.23,0.998,Normal
2026-01-10 17:15:00,2.924,55.35,2.678,103.27,80.92,0.468,Normal
2026-01-08 10:55:00,3.129,67.08,2.348,68.82,128.35,1.112,Normal
2026-01-14 06:05:00,3.731,59.76,3.076,76.2,148.99,2.135,Belt Damage
2026-01-16 18:20:00,4.598,65.95,2.775,110.98,114.38,0.67,Normal
2026-01-15 15:20:00,3.138,43.18,3.031,101.12,119.59,0.571,Normal
2026-01-08 04:20:00,2.802,55.63,3.179,96.16,117.84,0.282,Normal
2026-01-02 20:05:00,5.442,69.98,2.579,86.24,121.7,2.319,Belt Damage
2026-01-16 23:40:00,4.528,49.14,2.501,115.21,105.64,1.797,Overload
2026-01-03 05:00:00,2.557,47.33,2.97,106.01,119.01,1.216,Normal
2026-01-05 09:45:00,2.389,58.87,2.682,97.36,100.74,0.582,Normal
2026-01-01 15:25:00,7.116,55.67,2.311,85.79,90.52,4.566,Misalignment
2026-01-16 02:25:00,6.139,67.61,2.819,119.78,121.94,2.795,Misalignment
2026-01-12 00:55:00,5.344,58.2,2.382,94.49,118.0,2.88,Misalignment
2026-01-12 23:50:00,7.55,80.84,2.588,118.39,115.73,3.265,Joint Failure
2026-01-07 05:45:00,3.102,44.97,2.136,84.03,105.63,0.454,Normal
2026-01-11 08:15:00,6.234,66.55,2.715,127.25,102.58,1.723,Joint Failure
2026-01-06 00:05:00,4.214,55.43,2.52,103.75,95.1,0.632,Normal
2026-01-12 21:35:00,3.764,57.92,2.091,84.34,116.42,4.662,Misalignment
2026-01-17 22:10:00,2.654,54.82,3.191,77.24,114.91,0.675,Normal
2026-01-06 07:55:00,2.896,62.6,3.021,101.47,84.77,0.789,Normal
2026-01-12 22:55:00,7.246,62.01,2.333,78.94,129.66,1.376,Joint Failure
2026-01-05 10:05:00,3.269,47.66,3.217,84.03,113.75,0.474,Normal
2026-01-09 13:35:00,3.032,65.15,2.977,88.61,129.15,1.05,Normal
2026-01-03 02:35:00,2.762,40.28,2.679,97.9,107.19,1.168,Normal
2026-01-13 04:45:00,5.022,57.56,2.99,111.75,124.73,1.557,Belt Damage
2026-01-06 22:40:00,3.519,55.32,2.504,122.74,122.95,1.517,Overload
2026-01-08 15:15:00,3.079,65.9,2.787,100.58,129.66,0.636,Normal
2026-01-04 07:35:00,2.103,52.8,2.637,92.89,117.69,1.348,Normal
2026-01-09 22:55:00,4.85,39.58,3.254,89.82,120.62,4.707,Misalignment
2026-01-14 12:45:00,6.387,60.79,2.531,78.88,129.49,1.334,Belt Damage
2026-01-16 08:45:00,3.426,39.97,2.862,87.41,112.29,1.433,Normal
2026-01-12 17:40:00,2.784,41.81,2.672,90.89,98.1,0.486,Normal
2026-01-13 19:05:00,4.795,56.16,3.5,76.94,105.46,4.667,Misalignment
2026-01-02 09:35:00,6.151,51.52,2.61,91.22,135.98,1.477,Belt Damage
2026-01-08 04:35:00,3.859,49.77,2.657,101.46,106.1,0.507,Normal
2026-01-17 12:15:00,4.279,66.4,2.782,109.03,115.8,1.513,Belt Damage
2026-01-07 20:45:00,2.326,53.8,2.638,89.39,105.2,1.198,Normal
2026-01-01 13:10:00,2.084,53.73,2.26,106.91,103.34,0.549,Normal
2026-01-07 01:40:00,3.78,54.05,2.907,109.96,144.6,1.394,Overload
2026-01-11 02:25:00,2.369,55.72,2.859,107.86,114.15,0.807,Normal
2026-01-13 06:30:00,1.16,52.62,2.306,93.35,117.67,0.586,Normal
2026-01-04 03:10:00,3.807,51.62,2.85,86.36,76.47,0.659,Normal
2026-01-02 05:20:00,6.03,73.01,2.59,82.17,101.06,2.298,Misalignment
2026-01-05 06:30:00,6.328,64.95,2.501,77.54,129.68,1.324,Belt Damage
2026-01-17 05:10:00,3.275,48.21,2.835,86.57,128.28,0.775,Normal
2026-01-08 10:20:00,7.314,72.66,2.715,109.97,107.35,1.722,Belt Damage
2026-01-02 13:00:00,5.106,52.78,2.253,94.54,119.35,0.679,Belt Damage
2026-01-18 04:20:00,4.76,74.08,2.588,130.59,139.09,1.343,Overload
2026-01-03 14:50:00,3.344,55.66,2.869,86.04,117.36,1.404,Normal
2026-01-07 00:45:00,2.529,60.12,2.797,102.37,114.82,0.645,Normal
2026-01-11 07:35:00,4.06,50.98,2.742,102.72,102.11,0.914,Normal
2026-01-18 06:55:00,3.363,57.63,2.823,101.62,103.89,0.705,Normal
2026-01-11 03:20:00,4.111,57.56,2.829,74.77,104.49,1.072,Normal
2026-01-02 01:55:00,2.494,47.46,3.012,94.79,111.35,1.153,Normal
2026-01-02 21:40:00,3.256,56.25,2.914,129.76,128.49,1.039,Normal
2026-01-15 01:40:00,3.197,65.88,2.583,93.69,105.53,1.304,Belt Damage
2026-01-17 12:45:00,6.29,66.65,2.886,115.41,104.34,2.511,Joint Failure
2026-01-07 21:45:00,3.834,74.16,2.657,129.85,130.13,0.517,Overload
2026-01-02 01:30:00,3.376,64.34,2.922,83.39,125.36,0.871,Normal
2026-01-09 02:35:00,2.581,53.58,2.71,97.26,100.86,1.252,Normal
2026-01-03 09:50:00,3.066,52.73,2.957,91.38,103.59,1.388,Normal
2026-01-09 04:20:00,4.225,54.33,2.334,105.82,106.7,1.472,Belt Damage
2026-01-07 16:35:00,2.934,60.36,2.931,94.09,117.76,0.456,Normal
2026-01-03 09:00:00,5.744,58.09,2.592,91.75,147.72,1.374,Joint Failure
2026-01-03 14:25:00,4.601,51.88,2.66,90.62,113.9,3.684,Misalignment
2026-01-14 22:00:00,4.922,65.93,3.038,93.79,104.79,2.881,Misalignment
2026-01-05 09:30:00,2.517,56.6,3.475,72.91,98.9,0.442,Normal
2026-01-12 09:45:00,2.724,53.09,2.861,63.54,126.05,1.471,Normal
2026-01-13 06:05:00,2.789,47.77,2.847,94.01,100.72,0.676,Normal
2026-01-16 08:35:00,3.41,76.01,2.295,122.1,119.58,1.13,Overload
2026-01-14 20:00:00,4.378,70.88,2.391,89.73,116.38,1.65,Belt Damage
2026-01-11 16:55:00,4.097,58.55,2.762,88.12,99.31,2.85,Misalignment
2026-01-11 15:05:00,3.132,56.35,2.789,98.9,107.16,0.321,Normal
2026-01-11 12:05:00,2.764,64.86,3.058,87.48,86.79,0.804,Normal
2026-01-04 08:50:00,5.286,59.51,3.5,110.66,114.59,2.663,Misalignment
2026-01-01 01:05:00,2.501,62.14,2.863,89.45,109.03,1.123,Normal
2026-01-04 00:45:00,2.859,56.67,3.04,106.3,118.21,0.889,Normal
2026-01-03 19:20:00,3.939,52.2,3.091,105.68,119.47,1.376,Normal
2026-01-12 02:30:00,0.5,45.8,3.052,82.16,62.64,0.415,Normal
2026-01-02 18:50:00,1.98,59.66,2.918,83.5,95.72,0.915,Normal
2026-01-16 12:40:00,2.711,54.88,2.696,96.85,104.87,1.084,Normal
2026-01-02 10:05:00,2.955,57.93,3.02,91.23,125.86,0.694,Normal
2026-01-12 20:00:00,2.361,50.72,2.46,78.33,101.27,1.814,Normal
2026-01-16 01:50:00,5.011,57.75,3.117,110.17,141.88,1.03,Belt Damage
2026-01-01 17:15:00,5.029,67.58,2.601,101.76,102.4,3.575,Misalignment
2026-01-13 19:35:00,3.568,48.45,2.588,90.81,110.83,0.302,Normal
2026-01-02 14:10:00,3.401,60.2,2.786,104.08,93.33,1.232,Normal
2026-01-13 01:15:00,5.156,75.22,2.285,113.14,119.78,0.828,Overload
2026-01-09 10:30:00,5.731,57.47,2.661,91.67,123.51,1.108,Misalignment
2026-01-13 16:45:00,3.303,58.69,2.987,85.16,111.59,0.696,Normal
2026-01-01 09:10:00,3.035,52.85,2.597,90.99,102.54,0.312,Normal
2026-01-16 22:25:00,2.23,68.13,2.394,110.4,131.37,0.678,Overload
2026-01-15 01:00:00,3.065,48.67,3.076,101.26,107.95,0.629,Normal
2026-01-07 12:55:00,2.512,63.0,2.165,118.08,145.54,0.923,Overload
2026-01-06 22:45:00,2.334,64.85,2.812,75.05,103.56,0.936,Normal
2026-01-14 17:50:00,1.896,50.5,2.646,99.71,116.06,0.378,Normal
2026-01-12 19:15:00,5.101,56.51,3.221,95.98,127.79,3.51,Misalignment
2026-01-02 22:00:00,4.512,55.93,2.814,74.95,82.47,4.645,Misalignment
2026-01-05 23:55:00,5.101,62.46,2.943,74.14,113.63,3.547,Misalignment
2026-01-08 21:10:00,2.697,60.02,3.123,98.03,104.49,0.937,Normal
2026-01-11 22:00:00,3.301,61.59,2.785,87.64,95.06,0.849,Normal
2026-01-10 19:05:00,4.478,56.81,2.697,79.92,99.36,1.347,Normal
2026-01-17 14:25:00,3.348,71.76,2.322,96.86,99.02,0.131,Normal
2026-01-07 16:25:00,2.331,48.66,2.822,104.28,113.27,0.96,Normal
2026-01-03 04:50:00,2.051,43.37,2.747,108.63,111.7,1.229,Normal
2026-01-17 16:25:00,2.86,60.24,2.907,113.45,104.7,0.62,Normal
2026-01-02 02:20:00,2.905,74.24,3.054,100.73,113.25,0.836,Normal
2026-01-15 15:25:00,2.407,62.95,2.78,91.53,125.64,0.683,Normal
2026-01-17 07:35:00,1.753,61.18,2.899,104.45,113.8,0.931,Joint Failure
2026-01-05 14:40:00,5.388,53.07,2.677,84.01,99.34,2.8,Misalignment
2026-01-02 11:35:00,5.167,63.29,2.263,67.97,124.34,1.189,Belt Damage
2026-01-16 04:30:00,2.78,70.91,3.057,97.89,101.43,1.188,Normal
2026-01-01 08:45:00,5.241,55.27,2.788,108.26,112.86,0.845,Normal
2026-01-11 13:25:00,6.665,66.52,2.24,136.27,135.42,1.321,Joint Failure
2026-01-01 11:50:00,4.085,65.17,2.653,86.98,115.0,0.806,Normal
2026-01-08 12:45:00,2.345,63.33,2.999,84.01,79.38,1.04,Normal
2026-01-13 00:10:00,3.236,69.21,2.977,143.0,101.24,1.749,Overload
2026-01-01 07:25:00,1.891,53.07,2.925,125.27,97.27,1.163,Normal
2026-01-11 03:10:00,2.497,58.57,3.028,105.1,93.94,1.01,Normal
2026-01-12 05:45:00,6.759,63.06,2.646,100.73,133.87,1.865,Joint Failure
2026-01-08 18:45:00,4.496,52.43,2.611,88.66,131.71,0.965,Normal
2026-01-12 00:30:00,4.369,56.48,2.612,77.38,119.66,0.944,Normal
2026-01-12 20:20:00,3.931,61.19,3.267,85.59,90.71,0.664,Normal
2026-01-08 12:15:00,4.513,49.66,2.894,85.68,129.56,1.79,Belt Damage
2026-01-10 03:40:00,7.299,72.12,3.069,110.26,140.27,2.12,Joint Failure
2026-01-07 18:25:00,3.459,57.9,2.796,90.61,124.49,1.031,Normal
2026-01-07 03:20:00,3.158,63.72,3.198,66.63,92.31,1.308,Normal
2026-01-15 21:30:00,1.621,58.49,2.51,87.88,100.49,1.474,Normal
2026-01-08 21:20:00,2.323,58.51,2.517,117.93,127.38,0.282,Normal
2026-01-01 00:05:00,6.337,68.21,2.289,90.66,127.27,0.91,Joint Failure
2026-01-12 09:30:00,7.026,54.59,2.766,118.78,100.14,2.605,Belt Damage
2026-01-18 05:05:00,2.996,49.53,2.624,84.85,118.68,4.02,Misalignment
2026-01-07 18:35:00,1.829,58.51,2.478,86.03,106.7,0.665,Normal
2026-01-04 05:55:00,3.459,46.19,2.823,106.12,84.97,1.388,Normal
2026-01-15 22:00:00,4.243,60.11,2.71,106.53,97.88,0.704,Normal
2026-01-10 10:40:00,5.221,76.41,2.864,112.68,125.81,1.296,Belt Damage
2026-01-16 10:35:00,3.746,60.07,2.734,102.45,122.8,1.14,Overload
2026-01-04 20:25:00,3.327,59.8,3.032,91.3,109.94,0.811,Normal
2026-01-14 18:00:00,4.147,68.51,2.194,91.0,120.31,2.128,Misalignment
2026-01-03 01:15:00,1.925,54.66,2.938,80.67,93.18,2.996,Misalignment
2026-01-06 21:15:00,2.209,46.48,2.705,114.77,95.41,0.649,Normal
2026-01-12 23:30:00,1.747,62.89,2.898,82.72,103.25,1.124,Normal
2026-01-11 04:40:00,4.0,65.09,2.977,110.63,126.52,1.683,Overload
2026-01-15 14:20:00,3.282,56.44,2.944,93.78,110.73,0.567,Normal
2026-01-12 20:15:00,3.887,53.63,2.746,101.11,109.4,1.211,Normal
2026-01-06 11:20:00,2.257,45.08,2.974,84.45,104.57,0.296,Normal
2026-01-14 17:30:00,4.109,55.3,2.998,105.9,99.17,1.291,Normal
2026-01-01 17:45:00,2.606,50.53,2.713,117.54,101.42,1.193,Normal
2026-01-03 16:50:00,5.936,55.05,2.937,128.69,139.0,1.481,Overload
2026-01-05 21:55:00,7.02,46.0,2.554,131.12,113.92,3.119,Joint Failure
2026-01-14 01:15:00,2.971,66.77,2.712,102.86,118.89,1.601,Belt Damage
2026-01-08 02:15:00,2.356,55.21,3.02,93.83,120.55,1.084,Normal
2026-01-10 21:20:00,3.788,52.26,2.765,95.29,118.18,2.507,Misalignment
2026-01-16 18:05:00,2.826,54.83,2.829,124.84,134.34,3.56,Misalignment
2026-01-13 04:05:00,4.532,49.5,2.475,107.56,156.58,2.554,Misalignment
2026-01-14 05:45:00,5.075,57.33,2.533,75.05,120.8,3.012,Misalignment
2026-01-06 10:35:00,2.88,47.01,3.005,74.94,96.25,1.099,Normal
2026-01-01 13:45:00,6.756,62.07,3.116,110.12,128.64,1.288,Belt Damage
2026-01-17 08:50:00,2.611,68.73,2.528,87.83,90.82,0.623,Normal
2026-01-15 20:00:00,2.766,51.88,1.966,106.84,104.88,0.669,Normal
2026-01-18 02:30:00,3.139,60.23,3.003,84.82,104.28,0.218,Normal
2026-01-05 15:55:00,4.14,54.85,2.215,127.9,154.95,0.687,Overload
2026-01-07 23:45:00,3.545,53.42,2.957,101.21,99.88,0.505,Normal
2026-01-01 22:45:00,4.928,62.28,2.617,68.89,116.27,2.118,Belt Damage
2026-01-01 05:55:00,3.192,56.27,2.537,81.84,93.33,0.691,Normal
2026-01-14 11:55:00,2.729,47.63,2.746,114.87,123.25,3.471,Misalignment
2026-01-04 18:35:00,2.977,54.24,2.938,89.26,97.47,0.248,Normal
2026-01-02 08:50:00,1.814,65.06,2.763,79.46,110.54,1.129,Normal
2026-01-03 00:35:00,3.962,49.82,3.134,119.69,108.67,0.867,Normal
2026-01-05 17:55:00,3.596,71.52,2.413,91.81,99.22,2.408,Belt Damage
2026-01-18 07:35:00,3.783,61.96,2.552,95.44,127.29,5.561,Misalignment
2026-01-15 04:40:00,4.568,63.27,2.961,123.44,144.46,1.753,Belt Damage
2026-01-09 20:20:00,3.224,50.06,3.149,90.3,103.47,0.082,Normal
2026-01-04 12:25:00,1.809,59.08,2.869,81.97,84.09,0.49,Normal
2026-01-18 00:05:00,3.225,57.2,2.562,80.68,111.7,1.127,Normal
2026-01-11 10:15:00,5.083,59.42,2.851,82.25,136.63,2.606,Misalignment
2026-01-17 15:00:00,2.691,57.06,3.105,90.26,100.34,0.619,Normal
2026-01-16 07:15:00,4.08,51.6,2.594,93.65,103.99,0.44,Normal
2026-01-13 06:20:00,2.91,57.36,2.989,88.54,80.61,1.397,Normal
2026-01-07 02:55:00,1.393,49.83,3.148,73.8,87.56,1.611,Normal
2026-01-07 12:15:00,3.052,55.99,2.385,104.16,94.41,0.525,Normal
2026-01-05 08:55:00,4.71,60.7,3.042,84.28,101.07,3.514,Misalignment
2026-01-16 17:30:00,2.664,44.97,2.3,82.75,130.96,0.695,Normal
2026-01-08 19:45:00,3.934,66.75,2.358,66.13,88.99,1.718,Belt Damage
2026-01-10 15:45:00,4.656,50.53,2.964,102.47,120.25,1.437,Belt Damage
2026-01-13 11:20:00,5.23,47.31,2.244,91.89,127.88,2.96,Misalignment
2026-01-02 19:50:00,3.073,50.17,2.341,109.37,115.59,1.015,Normal
2026-01-15 19:15:00,2.375,44.2,2.456,83.14,129.56,0.659,Normal
2026-01-11 05:30:00,2.431,53.23,2.721,100.26,118.86,0.88,Normal
2026-01-02 07:25:00,2.703,47.07,3.147,98.67,117.96,0.277,Normal
2026-01-06 09:55:00,6.911,66.84,3.098,114.46,135.82,0.857,Belt Damage
2026-01-14 06:20:00,2.186,50.66,2.981,85.28,116.81,1.516,Normal
2026-01-07 19:35:00,2.68,42.91,2.598,86.86,84.5,0.566,Normal
2026-01-17 10:20:00,4.412,64.64,2.044,112.8,170.54,1.243,Overload
2026-01-02 05:00:00,3.441,50.61,2.454,65.29,100.58,0.699,Normal
2026-01-09 10:50:00,5.596,48.89,2.972,77.98,131.33,1.871,Joint Failure
2026-01-08 19:10:00,2.682,59.17,2.798,87.69,98.14,0.807,Normal
2026-01-15 11:10:00,3.773,50.87,2.731,88.52,112.23,0.287,Normal
2026-01-06 22:25:00,5.368,61.68,2.963,123.62,126.69,1.172,Misalignment
2026-01-04 15:30:00,4.596,61.96,2.908,94.94,113.1,1.659,Belt Damage
2026-01-03 01:10:00,3.45,44.72,3.025,113.69,107.59,1.038,Normal
2026-01-02 19:15:00,4.23,53.88,2.924,96.93,101.19,1.385,Normal
2026-01-17 12:00:00,3.922,55.18,2.585,115.25,84.48,3.298,Misalignment
2026-01-15 23:00:00,6.517,61.26,3.038,87.09,109.25,2.012,Belt Damage
2026-01-09 14:25:00,4.028,72.41,2.362,101.16,140.79,1.386,Overload
2026-01-04 18:15:00,5.419,61.88,2.51,99.1,121.58,0.71,Belt Damage
2026-01-13 11:00:00,3.811,54.29,2.939,74.88,115.85,0.512,Normal
2026-01-17 14:10:00,2.79,63.58,2.923,104.85,130.52,0.05,Normal
2026-01-16 15:45:00,8.595,68.45,2.56,151.71,142.88,2.596,Joint Failure
2026-01-05 11:50:00,2.029,72.48,3.026,119.23,147.47,1.112,Overload
2026-01-07 06:45:00,2.2,63.36,2.836,76.46,104.15,0.833,Normal
2026-01-03 17:55:00,5.385,46.72,3.015,75.53,96.12,2.333,Misalignment
2026-01-03 18:00:00,3.3,64.94,2.812,110.09,116.63,1.305,Normal
2026-01-15 06:50:00,6.029,53.58,2.76,104.46,138.71,3.617,Misalignment
2026-01-07 10:35:00,2.782,51.49,2.858,100.36,99.44,0.319,Normal
2026-01-17 12:25:00,3.283,67.22,2.326,119.85,121.78,1.234,Overload
2026-01-07 21:00:00,3.426,66.54,3.146,83.36,94.02,0.734,Normal
2026-01-12 05:25:00,3.294,52.82,3.214,90.96,91.88,0.68,Normal
2026-01-14 13:40:00,5.148,62.99,2.457,106.47,124.08,3.153,Misalignment
2026-01-18 07:20:00,3.249,43.27,2.236,89.68,113.11,1.861,Misalignment
2026-01-12 13:20:00,1.792,41.28,2.498,80.84,92.65,1.034,Normal
2026-01-06 07:30:00,2.65,51.15,3.071,82.51,125.15,1.049,Normal
2026-01-05 21:30:00,3.262,54.79,2.671,100.01,91.47,1.09,Normal
2026-01-15 21:50:00,3.647,39.65,2.42,83.14,128.33,0.995,Normal
2026-01-17 03:20:00,6.088,54.7,3.025,75.49,121.3,1.72,Belt Damage
2026-01-01 06:55:00,2.835,60.26,3.204,96.82,129.36,0.728,Normal
2026-01-04 00:20:00,5.154,54.84,2.397,123.29,141.73,1.982,Belt Damage
2026-01-09 03:50:00,4.167,66.26,2.814,95.7,109.24,2.046,Misalignment
2026-01-01 01:40:00,5.364,58.97,2.826,95.66,100.04,2.173,Misalignment
2026-01-12 21:20:00,6.082,53.83,2.48,56.0,126.75,1.575,Belt Damage
2026-01-10 16:55:00,5.149,74.57,2.458,107.63,120.89,3.058,Misalignment
2026-01-16 21:00:00,2.826,56.84,2.761,94.82,108.28,0.735,Normal
2026-01-06 10:10:00,3.834,59.66,2.509,89.71,162.63,1.875,Overload
2026-01-11 17:45:00,3.24,63.04,2.638,92.35,97.07,0.699,Belt Damage
2026-01-11 22:55:00,4.099,53.69,2.613,95.34,117.11,4.604,Misalignment
2026-01-04 09:05:00,3.505,58.88,2.49,98.04,97.79,1.589,Normal
2026-01-06 22:30:00,2.923,52.4,2.926,93.51,107.53,0.687,Normal
2026-01-12 02:45:00,1.523,65.07,3.219,106.36,123.5,0.774,Normal
2026-01-16 04:15:00,2.254,46.67,2.873,77.97,86.91,0.998,Normal
2026-01-17 17:35:00,2.057,57.54,2.885,94.48,87.51,0.705,Normal
2026-01-04 19:30:00,4.675,64.24,2.602,116.64,141.48,1.027,Overload
2026-01-15 10:45:00,1.725,45.71,2.647,114.91,102.82,0.716,Normal
2026-01-10 21:00:00,5.057,55.09,2.379,95.56,117.35,5.116,Misalignment
2026-01-04 01:50:00,4.742,61.14,3.067,100.73,131.45,2.667,Misalignment
2026-01-18 02:55:00,2.948,54.47,2.652,108.83,99.07,0.813,Normal
2026-01-13 18:30:00,3.641,62.38,2.298,124.92,129.77,0.873,Overload
2026-01-16 21:40:00,6.065,69.37,2.273,94.66,128.71,0.97,Joint Failure
2026-01-13 09:10:00,5.047,45.87,2.646,68.5,82.85,3.169,Misalignment
2026-01-16 06:45:00,1.969,53.6,3.126,89.57,107.05,1.023,Normal
2026-01-02 18:55:00,1.987,55.3,3.047,100.02,99.83,0.588,Normal
2026-01-17 01:00:00,6.357,42.79,2.292,80.03,64.49,0.84,Belt Damage
2026-01-03 13:25:00,4.411,61.05,2.476,114.61,106.57,1.751,Belt Damage
2026-01-06 01:05:00,5.574,54.97,2.295,103.85,70.34,4.27,Misalignment
2026-01-14 18:55:00,3.083,73.17,2.794,62.66,102.82,0.05,Normal
2026-01-17 07:40:00,3.714,43.64,2.759,97.15,132.64,0.461,Normal
2026-01-09 16:50:00,2.652,64.56,2.946,82.93,100.68,2.146,Belt Damage
2026-01-11 09:30:00,4.211,61.21,2.69,84.31,112.73,0.602,Normal
2026-01-08 09:10:00,4.769,71.52,2.237,99.33,128.23,0.992,Misalignment
2026-01-11 03:50:00,3.409,62.24,2.536,108.17,154.07,1.275,Overload
2026-01-17 11:25:00,3.975,62.31,2.78,103.17,120.78,0.376,Normal
2026-01-04 03:30:00,4.191,55.52,2.859,96.82,128.26,1.198,Belt Damage
2026-01-13 15:55:00,3.035,58.04,3.052,108.83,78.98,0.566,Normal
2026-01-04 13:50:00,2.157,60.46,3.123,83.56,128.17,1.131,Normal
2026-01-09 16:55:00,3.329,43.7,3.072,92.15,90.31,0.669,Normal
2026-01-09 10:20:00,2.621,48.66,3.007,119.44,107.37,0.948,Normal
2026-01-04 06:55:00,5.266,54.52,2.49,89.4,105.18,0.585,Belt Damage
2026-01-14 05:10:00,3.602,56.31,3.156,101.61,97.17,0.28,Normal
2026-01-17 12:10:00,6.836,74.82,2.583,71.68,122.65,0.744,Belt Damage
2026-01-03 11:35:00,5.77,47.14,2.367,98.43,138.0,2.248,Joint Failure
2026-01-15 01:55:00,2.596,52.49,2.996,107.19,115.77,0.595,Normal
2026-01-03 09:10:00,6.049,54.33,2.6,83.75,124.86,2.564,Misalignment
2026-01-03 10:35:00,4.305,53.44,3.261,100.1,93.8,0.332,Normal
2026-01-12 14:25:00,3.936,64.0,2.334,90.02,95.16,3.161,Misalignment
2026-01-09 04:05:00,4.947,57.69,3.129,99.52,134.53,1.201,Belt Damage
2026-01-08 20:05:00,2.78,54.97,2.845,94.54,72.29,0.544,Normal
2026-01-13 07:55:00,3.149,45.75,2.552,103.39,92.6,0.477,Normal
2026-01-02 15:25:00,6.347,56.05,2.285,91.08,87.35,0.333,Belt Damage
2026-01-01 01:45:00,3.318,52.02,2.82,72.26,99.91,0.664,Normal
2026-01-10 13:20:00,3.635,52.78,2.861,106.45,74.17,0.43,Normal
2026-01-04 01:45:00,3.281,49.1,3.189,81.77,98.28,1.028,Normal
2026-01-09 12:00:00,1.584,45.55,2.605,108.34,108.59,0.142,Normal
2026-01-04 04:25:00,6.677,79.53,2.669,108.8,118.13,1.79,Joint Failure
2026-01-14 01:05:00,3.523,50.72,2.414,95.56,103.84,0.45,Normal
2026-01-14 00:35:00,4.056,65.1,2.704,89.38,116.3,1.071,Belt Damage
2026-01-08 18:35:00,2.646,51.19,2.926,97.65,118.13,1.131,Normal
2026-01-14 08:20:00,3.155,56.79,2.871,92.86,113.13,0.38,Normal
2026-01-12 18:55:00,4.798,65.04,2.099,119.31,132.32,1.866,Joint Failure
2026-01-05 09:25:00,2.695,44.84,2.913,78.95,94.28,1.163,Normal
2026-01-02 16:15:00,3.022,61.71,3.268,100.48,107.83,3.646,Misalignment
2026-01-16 01:25:00,6.162,60.0,2.691,97.24,148.14,1.749,Belt Damage
2026-01-11 06:55:00,4.56,77.5,2.964,98.28,124.67,2.797,Joint Failure
2026-01-05 05:35:00,1.138,52.19,2.672,82.62,69.8,1.113,Normal
2026-01-01 23:05:00,3.371,61.88,2.958,108.51,112.58,3.369,Misalignment
2026-01-04 10:20:00,3.96,50.79,3.409,88.42,105.31,0.813,Normal
2026-01-08 05:40:00,3.858,56.81,2.884,92.38,114.55,0.47,Normal
2026-01-05 07:45:00,2.376,48.84,2.812,110.23,118.41,1.551,Misalignment
2026-01-09 06:30:00,5.607,61.04,2.697,85.43,132.15,1.355,Belt Damage
2026-01-02 23:35:00,3.35,67.9,2.428,96.68,121.13,1.08,Overload
2026-01-05 23:35:00,1.411,61.06,3.087,76.1,114.09,0.843,Normal
2026-01-04 10:45:00,4.176,54.95,2.594,86.53,125.91,3.306,Misalignment
2026-01-14 15:30:00,6.518,57.85,2.978,90.22,99.35,1.076,Joint Failure
2026-01-12 23:15:00,4.273,57.12,2.836,115.48,131.85,1.037,Overload
2026-01-03 00:45:00,3.551,57.98,2.939,115.22,105.38,0.759,Normal
2026-01-13 16:50:00,4.528,67.4,2.686,103.46,140.52,3.795,Misalignment
2026-01-09 17:30:00,2.825,77.28,2.775,90.97,106.02,3.34,Misalignment
2026-01-05 16:25:00,2.941,43.12,3.022,95.97,97.57,0.896,Normal
2026-01-04 11:55:00,5.434,72.96,2.702,91.52,109.73,1.332,Belt Damage
2026-01-03 08:10:00,3.831,61.96,2.644,98.14,103.95,0.933,Normal
2026-01-09 09:00:00,1.328,59.53,2.667,100.01,89.35,1.107,Normal
2026-01-11 01:55:00,3.166,53.37,2.882,103.72,106.33,1.288,Normal
2026-01-02 13:15:00,5.236,66.42,2.304,129.62,147.59,1.317,Overload
2026-01-14 07:30:00,3.693,46.94,2.931,82.17,87.08,0.366,Normal
2026-01-14 01:10:00,3.456,52.57,2.754,101.96,100.36,0.464,Normal
2026-01-13 20:35:00,3.499,67.35,2.642,88.79,130.66,0.74,Belt Damage
2026-01-02 05:55:00,2.626,61.99,2.562,108.19,110.67,2.485,Misalignment
2026-01-08 04:00:00,2.959,52.8,2.679,108.41,94.27,1.36,Normal
2026-01-16 10:45:00,3.596,61.38,3.016,98.11,155.51,1.724,Overload
2026-01-14 05:30:00,3.695,60.31,3.013,119.2,140.6,1.446,Overload
2026-01-06 20:50:00,3.128,52.75,2.172,84.35,92.75,1.621,Normal
2026-01-16 00:30:00,2.383,53.35,2.213,73.27,101.74,0.696,Normal
2026-01-06 09:00:00,2.773,48.38,2.526,105.49,114.37,0.925,Normal
2026-01-05 07:55:00,4.336,70.02,2.799,82.21,106.89,1.09,Normal
2026-01-07 21:25:00,3.429,53.1,2.821,84.94,127.33,1.225,Normal
2026-01-02 00:30:00,3.761,57.07,2.887,83.85,105.44,1.055,Normal
2026-01-06 08:55:00,3.661,50.02,2.611,105.33,137.32,2.848,Misalignment
2026-01-07 23:40:00,5.347,49.73,2.664,76.82,139.98,2.448,Belt Damage
2026-01-03 01:00:00,3.129,60.68,2.72,89.85,107.06,0.256,Normal
2026-01-12 13:25:00,4.472,63.06,2.756,91.02,132.0,2.142,Misalignment
2026-01-09 08:15:00,2.926,51.11,2.99,77.88,94.97,0.771,Normal
2026-01-08 09:25:00,2.041,44.59,2.453,125.8,101.76,0.381,Normal
2026-01-16 05:40:00,2.845,49.23,2.793,119.95,114.34,0.688,Normal
2026-01-09 08:50:00,4.605,70.86,2.898,95.65,119.91,4.174,Misalignment
2026-01-10 10:35:00,2.442,50.41,2.745,94.42,95.12,0.981,Normal
2026-01-02 11:25:00,3.218,65.38,2.715,99.43,115.05,0.508,Normal
2026-01-09 23:10:00,3.566,47.8,2.575,76.4,104.77,0.746,Normal
2026-01-04 15:50:00,6.052,47.52,3.159,107.95,117.3,2.704,Joint Failure
2026-01-14 18:30:00,3.467,58.94,2.976,121.18,96.48,1.145,Normal
2026-01-16 20:10:00,4.38,62.63,2.884,101.12,145.62,0.685,Belt Damage
2026-01-02 22:20:00,1.495,56.11,2.946,107.07,91.19,1.188,Normal
2026-01-16 03:10:00,5.127,61.1,2.829,117.71,138.02,2.145,Misalignment
2026-01-14 16:10:00,2.011,57.16,2.833,118.46,81.21,0.805,Normal
2026-01-17 08:40:00,3.667,58.75,2.651,96.15,118.56,0.334,Normal
2026-01-09 13:45:00,2.791,40.09,2.776,95.02,132.11,0.14,Normal
2026-01-17 08:30:00,3.099,62.68,2.631,98.57,69.08,1.238,Normal
2026-01-02 05:35:00,3.132,56.65,2.454,90.43,100.72,1.73,Misalignment
2026-01-05 03:25:00,3.954,53.72,3.061,104.31,130.48,3.992,Misalignment
2026-01-06 23:00:00,4.119,60.16,2.813,86.85,100.49,1.489,Normal
2026-01-12 20:40:00,2.047,50.79,2.978,54.86,86.69,0.864,Normal
2026-01-10 01:00:00,1.661,55.74,2.645,110.87,93.34,0.602,Normal
2026-01-15 08:05:00,3.739,59.44,2.707,98.54,122.95,0.768,Normal
2026-01-10 19:40:00,2.852,40.86,2.579,114.18,111.77,0.175,Normal
2026-01-06 22:00:00,2.613,69.11,2.574,99.26,112.98,1.577,Normal
2026-01-10 22:35:00,5.214,57.85,2.388,88.94,112.42,2.553,Misalignment
2026-01-10 02:10:00,4.009,62.21,2.77,97.28,104.01,0.482,Belt Damage
2026-01-09 08:00:00,2.748,50.87,2.688,118.43,107.42,1.218,Normal
2026-01-08 10:15:00,5.019,75.33,2.543,87.2,91.62,1.365,Belt Damage
2026-01-12 05:55:00,4.231,55.34,2.499,91.68,105.83,2.179,Misalignment
2026-01-09 06:35:00,2.106,62.28,2.993,94.6,105.66,0.887,Normal
2026-01-12 04:10:00,4.483,57.48,3.12,142.95,135.64,1.122,Overload
2026-01-14 15:55:00,3.298,61.0,2.915,88.47,103.49,0.87,Normal
2026-01-05 11:05:00,3.279,55.43,2.793,91.0,101.19,1.266,Normal
2026-01-14 04:20:00,3.28,71.57,2.769,96.38,117.9,0.783,Normal
2026-01-17 23:50:00,2.58,61.25,2.331,106.23,88.87,1.004,Normal
2026-01-16 12:20:00,5.729,68.18,3.079,99.82,155.69,2.273,Joint Failure
2026-01-08 05:55:00,3.893,59.48,3.099,108.27,128.81,2.352,Misalignment
2026-01-07 13:25:00,4.817,74.46,2.745,111.62,154.18,0.807,Joint Failure
2026-01-17 01:10:00,1.347,50.83,2.964,93.77,98.43,1.09,Normal
2026-01-06 12:35:00,6.46,68.82,2.071,103.64,131.14,1.34,Joint Failure
2026-01-05 16:10:00,2.502,50.66,3.225,84.23,116.43,0.704,Normal
2026-01-16 09:15:00,1.125,55.23,2.361,89.86,94.71,0.797,Normal
2026-01-08 12:10:00,1.95,57.73,3.08,114.32,104.56,0.261,Normal
2026-01-09 07:40:00,3.214,79.23,2.745,101.62,112.54,0.432,Normal
2026-01-17 13:20:00,2.964,57.29,2.498,118.9,174.22,1.099,Overload
2026-01-08 21:15:00,2.017,59.02,3.275,97.19,87.8,0.71,Normal
2026-01-16 14:10:00,2.588,57.78,3.24,102.12,134.29,1.126,Normal
2026-01-11 19:15:00,3.172,50.0,2.668,92.1,88.12,0.472,Normal
2026-01-04 22:45:00,4.004,47.17,2.715,92.02,116.92,0.591,Normal
2026-01-14 12:35:00,3.866,54.95,2.712,112.73,72.3,0.441,Belt Damage
2026-01-04 09:00:00,2.964,60.67,2.864,135.95,132.79,1.345,Overload
2026-01-03 18:15:00,3.845,62.55,2.291,103.08,130.26,1.909,Belt Damage
2026-01-11 11:40:00,3.194,45.62,2.372,93.19,83.15,0.05,Normal
2026-01-06 22:35:00,3.867,43.45,2.896,98.06,99.46,0.08,Normal
2026-01-12 18:15:00,3.963,64.99,3.23,87.09,117.17,4.037,Misalignment
2026-01-01 03:00:00,3.361,59.03,2.721,84.31,129.59,0.494,Normal
2026-01-02 13:45:00,3.293,61.93,2.531,78.26,102.3,1.651,Belt Damage
2026-01-04 04:05:00,4.866,59.72,2.829,100.89,104.94,1.033,Normal
2026-01-15 04:05:00,2.361,71.8,2.849,98.74,116.39,1.376,Normal
2026-01-05 03:55:00,3.562,61.12,2.548,93.86,122.02,0.535,Normal
2026-01-05 10:10:00,3.097,60.63,2.579,104.93,113.15,1.546,Normal
2026-01-09 05:55:00,2.768,58.72,2.763,106.54,106.45,1.11,Normal
2026-01-01 03:05:00,2.179,53.25,2.858,104.61,101.35,0.833,Normal
2026-01-04 09:10:00,3.691,63.65,3.049,109.41,112.9,0.843,Normal
2026-01-12 02:15:00,2.54,55.51,2.743,105.87,91.66,0.528,Normal
2026-01-04 09:55:00,2.529,50.85,2.729,103.01,106.39,1.711,Normal
2026-01-14 13:20:00,6.303,73.16,2.514,80.02,128.01,1.65,Belt Damage
2026-01-15 03:05:00,4.333,54.98,3.101,92.02,99.8,1.752,Belt Damage
2026-01-05 22:10:00,3.11,56.39,2.397,83.47,121.97,1.082,Normal
2026-01-12 13:40:00,4.045,56.19,2.768,92.89,96.75,1.15,Normal
2026-01-06 10:00:00,3.19,60.79,3.216,106.24,114.21,0.873,Normal
2026-01-01 03:15:00,4.402,65.5,2.658,96.24,97.45,0.75,Normal
2026-01-06 03:50:00,2.503,63.18,2.761,92.02,103.43,0.705,Normal
2026-01-14 11:35:00,3.837,58.17,2.972,94.49,98.08,0.76,Normal
2026-01-01 14:05:00,2.82,58.67,2.563,109.07,104.92,4.459,Misalignment
2026-01-05 16:55:00,4.717,64.42,2.319,109.28,123.96,1.986,Belt Damage
2026-01-10 16:05:00,3.135,66.11,2.703,107.09,113.66,0.827,Normal
2026-01-13 14:40:00,2.546,60.83,3.037,80.68,99.73,0.188,Normal
2026-01-17 11:40:00,3.297,68.32,2.604,80.54,71.38,0.911,Normal
2026-01-14 21:40:00,3.819,60.63,2.862,93.2,84.79,0.552,Normal
2026-01-10 07:30:00,2.665,71.07,3.007,89.06,111.43,1.332,Normal
2026-01-17 08:00:00,1.388,55.37,2.772,93.17,109.94,1.62,Normal
2026-01-14 23:25:00,4.605,57.61,2.689,54.02,110.03,0.909,Belt Damage
2026-01-06 16:40:00,4.174,51.28,2.828,86.2,128.23,0.958,Normal
2026-01-05 11:30:00,2.149,48.43,2.749,85.72,94.31,1.169,Normal
2026-01-05 19:00:00,3.936,62.92,3.462,91.75,118.09,0.414,Normal
2026-01-07 17:05:00,3.746,47.69,2.324,102.8,111.3,3.456,Misalignment
2026-01-03 00:15:00,3.828,69.0,2.838,93.46,81.7,0.535,Normal
2026-01-15 15:40:00,3.54,56.02,2.321,114.57,125.29,0.574,Normal
2026-01-11 23:20:00,3.167,54.43,2.331,102.17,99.4,0.384,Normal
2026-01-08 01:10:00,3.432,67.37,2.873,91.48,105.95,1.297,Normal
2026-01-04 02:20:00,3.752,68.68,2.573,83.49,129.5,2.141,Belt Damage
2026-01-14 17:15:00,6.969,51.33,2.76,76.42,127.07,1.778,Belt Damage
2026-01-03 17:00:00,5.026,60.55,2.745,106.23,157.19,0.541,Overload
2026-01-01 13:15:00,3.491,75.45,2.365,117.67,133.02,1.85,Overload
2026-01-01 00:10:00,3.592,60.24,2.319,121.06,180.0,1.308,Overload
2026-01-08 20:35:00,4.277,55.16,2.656,102.22,122.84,0.956,Normal
2026-01-12 04:00:00,2.349,50.33,2.766,97.58,105.69,0.747,Normal
2026-01-08 07:45:00,7.6,47.4,2.538,123.25,167.6,2.022,Joint Failure
2026-01-03 22:45:00,3.852,59.0,2.826,79.5,126.72,3.521,Misalignment
2026-01-10 12:05:00,2.601,48.37,2.801,110.46,121.11,0.5,Normal
2026-01-09 13:30:00,2.828,53.63,2.864,111.89,95.73,0.885,Normal
2026-01-13 16:10:00,3.299,60.21,2.703,127.99,138.56,0.922,Overload
2026-01-06 13:00:00,1.986,41.79,2.786,119.04,107.76,1.073,Normal
2026-01-07 04:00:00,3.774,71.18,2.537,104.42,116.16,3.754,Misalignment
2026-01-07 15:25:00,1.73,50.03,2.881,87.99,103.18,0.838,Normal
2026-01-04 14:55:00,6.55,56.07,2.98,90.84,127.24,4.365,Misalignment
2026-01-17 08:45:00,3.41,68.17,2.305,123.16,149.56,1.319,Overload
2026-01-06 08:40:00,7.801,64.71,2.069,112.16,92.75,1.912,Joint Failure
2026-01-10 12:00:00,5.637,55.06,2.345,145.97,113.05,0.74,Joint Failure
2026-01-13 20:50:00,3.157,48.19,2.598,114.46,157.38,1.04,Overload
2026-01-17 00:45:00,5.842,65.52,2.708,80.11,117.08,1.622,Belt Damage
2026-01-01 04:25:00,4.723,57.3,2.821,81.99,146.68,0.696,Belt Damage
2026-01-07 05:40:00,4.444,54.61,2.901,114.86,120.41,0.794,Overload
2026-01-07 15:15:00,5.518,57.81,2.175,95.64,128.92,1.818,Belt Damage
2026-01-09 00:10:00,1.625,63.1,2.916,77.0,75.02,1.098,Normal
2026-01-09 20:45:00,6.32,62.59,2.269,102.74,154.86,1.624,Joint Failure
2026-01-10 17:20:00,2.436,63.85,2.497,145.93,147.54,1.027,Overload
2026-01-15 04:30:00,1.59,49.87,2.742,79.8,97.3,0.81,Normal
2026-01-15 07:55:00,5.045,62.98,2.71,111.41,109.47,1.7,Joint Failure
2026-01-03 20:40:00,1.976,60.8,2.842,102.02,104.35,1.264,Normal
2026-01-17 10:25:00,6.154,65.71,2.668,107.8,130.63,2.947,Joint Failure
2026-01-12 00:50:00,4.203,70.06,2.411,98.47,139.78,1.952,Belt Damage
2026-01-12 19:25:00,2.518,61.45,2.91,95.28,121.95,0.414,Normal
2026-01-05 19:45:00,2.846,51.47,2.598,79.71,114.27,1.067,Normal
2026-01-13 09:00:00,3.534,56.99,2.866,95.0,97.88,0.919,Normal
2026-01-17 22:20:00,6.172,57.81,2.846,97.8,110.11,3.414,Misalignment
2026-01-04 01:40:00,2.937,48.76,2.411,109.57,112.61,1.854,Overload
2026-01-14 05:05:00,6.095,51.56,1.839,84.09,134.38,1.69,Joint Failure
2026-01-06 13:55:00,5.871,65.49,2.933,107.22,143.51,1.152,Overload
2026-01-06 12:50:00,2.741,69.1,3.064,104.82,124.38,0.05,Overload
2026-01-03 16:15:00,5.648,52.35,2.993,48.92,120.13,0.643,Belt Damage
2026-01-10 01:35:00,2.529,63.42,2.833,87.57,108.15,0.224,Normal
2026-01-17 04:25:00,3.172,64.38,2.8,105.32,110.23,3.587,Misalignment
2026-01-08 21:25:00,3.639,60.26,3.088,112.37,140.03,2.233,Misalignment
2026-01-07 11:40:00,3.951,50.67,2.351,65.03,122.33,0.071,Normal
2026-01-04 18:25:00,2.791,53.86,2.985,85.49,106.15,0.05,Normal
2026-01-01 00:50:00,4.887,49.76,3.245,89.33,111.69,0.901,Normal
2026-01-13 12:55:00,2.234,59.77,3.221,86.68,119.94,0.821,Normal
2026-01-05 14:25:00,2.67,54.56,3.155,85.03,98.78,0.217,Normal
2026-01-12 18:30:00,4.957,59.51,2.829,80.4,96.3,0.709,Normal
2026-01-06 01:55:00,4.909,63.17,2.552,86.32,131.14,4.754,Misalignment
2026-01-03 19:10:00,4.558,57.09,2.692,95.22,111.82,2.019,Joint Failure
2026-01-15 19:00:00,2.774,51.68,2.853,101.45,79.66,0.724,Normal
2026-01-14 20:05:00,6.626,76.22,1.914,121.86,100.26,0.05,Joint Failure
2026-01-14 02:15:00,4.877,68.78,2.409,87.39,138.3,1.161,Belt Damage
2026-01-08 07:40:00,4.262,66.33,3.121,120.52,117.57,0.833,Normal
2026-01-15 16:55:00,4.084,68.59,2.931,89.39,81.59,0.674,Normal
2026-01-18 05:00:00,2.268,55.47,2.812,88.96,92.88,0.816,Normal
2026-01-08 18:10:00,3.355,66.02,2.018,103.64,135.86,2.392,Misalignment
2026-01-12 03:35:00,5.034,46.63,3.034,115.87,106.48,2.913,Misalignment
2026-01-04 08:15:00,3.574,45.54,3.083,74.88,81.19,0.578,Normal
2026-01-12 20:35:00,4.043,62.57,2.597,117.78,82.75,3.211,Misalignment
2026-01-14 00:45:00,6.69,71.55,2.5,134.37,152.01,1.082,Overload
2026-01-02 09:10:00,3.99,55.47,3.076,126.58,116.64,0.892,Overload
2026-01-10 03:20:00,3.238,51.49,2.428,106.33,95.88,0.202,Normal
2026-01-17 20:15:00,2.589,55.38,3.047,82.45,101.97,0.497,Normal
2026-01-11 09:40:00,2.601,50.1,2.703,98.83,106.33,0.717,Normal
2026-01-03 10:40:00,1.964,58.56,3.057,86.44,93.64,0.606,Normal
2026-01-02 11:55:00,4.148,59.54,3.0,123.12,142.91,0.347,Overload
2026-01-02 00:20:00,4.895,68.75,2.806,87.5,105.0,1.782,Belt Damage
2026-01-17 21:35:00,3.638,62.02,2.808,94.85,112.32,0.636,Normal
2026-01-01 12:05:00,2.784,67.47,2.483,97.46,91.53,0.766,Normal
2026-01-16 06:05:00,3.224,63.5,2.677,85.37,110.42,0.401,Normal
2026-01-08 01:25:00,3.446,61.9,2.394,99.05,115.68,1.187,Joint Failure
2026-01-15 20:55:00,2.458,78.03,2.527,96.99,108.7,0.826,Normal
2026-01-05 01:05:00,5.998,62.88,2.52,85.96,106.09,1.926,Belt Damage
2026-01-13 03:40:00,2.947,49.95,2.773,78.27,113.99,0.778,Normal
2026-01-08 02:50:00,2.233,50.74,2.916,99.34,106.96,0.763,Normal
2026-01-10 02:40:00,4.028,55.88,2.607,83.29,99.08,0.492,Normal
2026-01-16 04:50:00,1.502,49.84,2.844,110.68,95.94,2.105,Normal
2026-01-02 04:15:00,1.84,55.61,3.156,107.38,83.08,0.088,Normal
2026-01-14 11:15:00,3.65,49.99,2.162,97.74,116.45,0.739,Normal
2026-01-17 02:00:00,5.429,69.27,2.858,122.91,164.36,1.107,Overload
2026-01-11 07:45:00,3.569,69.91,2.978,133.75,117.35,1.556,Overload
2026-01-01 22:05:00,1.17,51.85,2.491,104.67,153.89,0.4,Overload
2026-01-09 10:00:00,2.892,52.24,3.054,100.39,83.69,0.964,Normal
2026-01-05 09:10:00,4.76,54.86,2.894,102.82,111.73,1.064,Normal
2026-01-07 03:35:00,4.704,55.9,2.561,142.43,159.98,1.47,Overload
2026-01-13 04:35:00,3.624,50.53,2.596,77.64,139.8,0.755,Normal
2026-01-01 22:35:00,3.534,56.69,2.603,101.34,82.11,1.569,Belt Damage
2026-01-03 10:00:00,1.746,52.1,2.634,98.1,86.23,1.144,Normal
2026-01-03 14:15:00,2.804,57.94,2.663,98.94,112.27,0.963,Normal
2026-01-01 20:20:00,5.0,44.31,2.91,93.4,119.9,1.64,Normal
2026-01-02 02:25:00,2.343,53.28,2.831,88.82,120.36,0.834,Normal
2026-01-02 15:40:00,2.616,55.11,3.043,98.65,96.07,0.911,Normal
2026-01-08 01:20:00,3.592,49.59,2.817,96.77,106.04,1.406,Normal
2026-01-04 07:45:00,3.416,61.43,2.582,101.78,97.76,0.721,Normal
2026-01-14 06:00:00,1.813,58.41,2.42,80.68,110.17,1.323,Normal
2026-01-03 19:45:00,8.282,67.69,2.629,98.26,151.88,1.509,Joint Failure
2026-01-16 17:40:00,3.15,43.35,2.998,86.57,95.78,0.925,Normal
2026-01-07 15:30:00,1.332,57.24,2.658,98.84,102.53,1.074,Normal
2026-01-16 23:30:00,3.522,62.5,2.797,79.69,139.6,2.151,Belt Damage
2026-01-13 02:35:00,1.772,52.77,3.013,92.95,72.84,0.694,Normal
2026-01-05 12:05:00,3.697,61.24,3.468,102.05,128.22,1.123,Normal
2026-01-14 23:50:00,3.445,57.43,2.843,106.36,104.84,2.762,Misalignment
2026-01-07 06:20:00,2.322,51.65,3.171,77.17,105.85,0.825,Normal
2026-01-03 15:10:00,4.835,59.49,2.369,83.15,122.81,1.004,Belt Damage
2026-01-01 20:50:00,4.291,61.08,2.719,92.72,90.89,0.847,Normal
2026-01-09 13:05:00,6.151,47.87,3.21,90.28,130.89,1.508,Belt Damage
2026-01-02 21:25:00,2.282,61.85,3.182,92.64,104.97,0.559,Normal
2026-01-12 06:05:00,2.216,44.78,2.901,97.96,81.68,0.627,Normal
2026-01-03 13:30:00,2.949,52.87,2.627,108.19,97.37,1.498,Normal
2026-01-02 01:50:00,3.127,51.79,2.539,88.53,95.16,0.797,Normal
2026-01-14 03:00:00,3.153,48.43,2.58,105.68,102.71,1.144,Normal
2026-01-11 05:05:00,5.445,57.04,2.653,91.1,88.13,3.056,Misalignment
2026-01-04 22:15:00,1.874,58.43,3.204,81.28,102.02,0.816,Normal
2026-01-06 00:45:00,4.389,70.51,2.809,80.0,120.18,2.123,Misalignment
2026-01-18 01:55:00,3.366,67.2,3.067,108.45,115.49,1.155,Normal
2026-01-01 01:15:00,2.823,52.51,3.006,90.05,88.7,0.45,Normal
2026-01-12 05:20:00,4.115,41.92,2.599,81.01,104.17,0.05,Normal
2026-01-10 14:45:00,4.843,60.72,2.585,91.37,135.0,2.736,Misalignment
2026-01-13 01:00:00,3.874,70.04,2.127,109.99,113.22,1.267,Belt Damage
2026-01-04 04:40:00,3.161,64.06,2.666,95.58,104.21,1.197,Belt Damage
2026-01-11 12:25:00,5.085,44.44,2.779,84.06,117.93,2.993,Misalignment
2026-01-05 18:20:00,3.624,62.09,2.622,115.84,121.25,1.725,Belt Damage
2026-01-13 10:55:00,2.893,61.34,2.764,110.65,165.61,0.972,Overload
2026-01-09 20:00:00,2.869,38.53,2.681,90.85,70.28,0.627,Normal
2026-01-13 11:50:00,3.29,48.1,3.024,104.95,112.83,0.812,Normal
2026-01-01 03:10:00,4.952,59.84,2.921,106.31,123.53,1.471,Misalignment
2026-01-02 06:15:00,1.99,62.57,2.626,101.6,95.86,1.226,Normal
2026-01-15 05:45:00,3.743,48.35,3.123,82.9,75.37,0.53,Normal
2026-01-01 15:10:00,6.564,71.12,3.11,102.96,143.59,2.686,Joint Failure
2026-01-11 12:45:00,3.211,46.4,2.923,93.33,77.83,0.459,Normal
2026-01-11 08:35:00,4.761,57.82,2.587,75.22,109.18,2.112,Belt Damage
2026-01-05 03:30:00,3.436,47.06,2.666,99.59,125.9,0.545,Normal
2026-01-10 21:40:00,2.827,64.14,3.028,80.6,107.3,0.14,Normal
2026-01-16 18:30:00,4.302,49.38,3.019,97.47,84.04,1.108,Normal
2026-01-04 21:25:00,3.74,69.43,2.274,127.12,148.73,1.356,Joint Failure
2026-01-08 18:15:00,3.053,68.34,3.245,103.88,95.22,3.465,Misalignment
2026-01-10 06:15:00,5.889,53.68,2.344,118.88,108.8,3.812,Misalignment
2026-01-13 20:15:00,2.901,52.71,2.715,97.58,118.72,0.745,Normal
2026-01-12 04:35:00,2.775,58.9,2.754,105.49,112.56,0.543,Normal
2026-01-05 02:30:00,5.27,58.73,2.698,113.91,123.94,3.896,Misalignment
2026-01-15 12:40:00,3.873,63.51,2.707,105.18,111.65,0.908,Normal
2026-01-15 21:45:00,6.43,64.72,3.03,62.83,114.54,1.242,Belt Damage
2026-01-03 03:10:00,3.243,51.51,2.255,55.62,119.54,1.605,Belt Damage
2026-01-18 01:00:00,6.319,55.65,3.022,80.88,127.86,0.984,Overload
2026-01-06 02:10:00,5.95,69.25,2.649,147.24,157.69,1.867,Joint Failure
2026-01-02 09:25:00,7.898,64.71,2.675,108.55,129.3,1.247,Belt Damage
2026-01-11 13:30:00,2.259,60.56,2.589,119.75,105.48,0.264,Normal
2026-01-04 05:50:00,2.14,69.05,3.024,88.55,98.33,1.27,Normal
2026-01-09 09:35:00,3.483,48.95,2.656,84.83,112.12,0.725,Normal
2026-01-17 21:00:00,4.279,73.28,2.385,93.34,123.65,3.952,Misalignment
2026-01-18 01:10:00,0.864,74.16,2.3,100.92,139.89,1.584,Belt Damage
2026-01-10 04:05:00,2.081,59.52,3.021,126.08,89.17,0.334,Normal
2026-01-14 22:45:00,4.762,50.87,2.168,51.31,127.6,1.787,Belt Damage
2026-01-03 12:30:00,2.152,47.43,2.691,83.94,110.16,0.744,Normal
2026-01-03 20:50:00,3.626,59.14,2.216,105.05,99.24,1.698,Normal
2026-01-06 06:45:00,5.557,54.27,2.802,115.93,158.98,1.461,Joint Failure
2026-01-17 20:40:00,4.07,66.06,2.384,77.22,116.89,0.255,Normal
2026-01-11 04:10:00,3.594,59.78,1.945,82.58,104.28,3.659,Misalignment
2026-01-01 11:20:00,2.748,47.75,2.66,90.25,125.2,0.835,Normal
2026-01-13 11:10:00,4.812,65.84,2.397,117.82,130.09,2.441,Joint Failure
2026-01-03 04:20:00,2.406,51.58,2.745,93.97,120.48,1.679,Normal
2026-01-02 03:50:00,2.418,51.32,2.952,112.09,91.97,0.313,Normal
2026-01-02 08:30:00,7.851,55.39,2.336,106.57,117.63,1.76,Joint Failure
2026-01-16 05:35:00,3.056,58.85,2.86,109.84,94.17,0.773,Normal
2026-01-18 00:40:00,5.576,56.23,2.375,102.87,115.15,2.21,Joint Failure
2026-01-14 07:20:00,5.853,61.54,2.633,85.25,130.69,0.7,Belt Damage
2026-01-07 07:25:00,4.395,51.19,2.752,122.12,144.94,0.881,Overload
2026-01-02 09:20:00,4.237,63.58,2.923,91.83,96.98,0.528,Normal
2026-01-03 11:10:00,4.051,73.55,2.079,102.08,132.47,0.79,Overload
2026-01-04 14:35:00,3.574,50.99,2.72,100.24,100.87,0.666,Normal
2026-01-14 20:25:00,5.849,53.12,2.619,71.43,121.55,1.145,Belt Damage
2026-01-12 15:55:00,2.424,56.04,2.376,106.04,135.61,3.118,Misalignment
2026-01-01 03:50:00,4.615,66.59,2.566,108.55,116.33,0.816,Normal
2026-01-06 10:05:00,2.194,56.75,3.125,97.63,119.76,0.63,Normal
2026-01-17 15:55:00,6.065,53.88,2.561,82.21,110.68,3.334,Misalignment
2026-01-13 15:30:00,3.646,50.9,2.703,91.7,108.82,1.072,Normal
2026-01-13 22:30:00,3.05,58.8,2.831,102.2,87.25,0.547,Normal
2026-01-18 07:10:00,3.785,72.15,2.676,100.22,126.38,4.782,Misalignment
2026-01-04 20:40:00,2.112,47.4,2.75,102.12,108.11,1.041,Normal
2026-01-09 17:25:00,2.247,59.27,2.904,76.93,131.43,1.246,Normal
2026-01-13 12:40:00,6.331,69.2,2.367,113.6,102.02,2.062,Joint Failure
2026-01-05 05:55:00,4.771,69.02,2.372,100.89,137.45,0.421,Joint Failure
2026-01-15 02:20:00,2.764,43.15,2.973,91.13,113.59,0.668,Normal
2026-01-11 11:55:00,3.274,54.64,2.607,103.72,97.24,0.627,Normal
2026-01-09 09:45:00,3.492,55.57,2.195,109.84,109.78,0.562,Normal
2026-01-06 05:40:00,3.828,61.08,3.009,100.61,89.78,3.275,Misalignment
2026-01-07 01:50:00,3.286,62.68,2.739,96.21,96.97,0.476,Normal
2026-01-17 19:05:00,2.861,56.16,2.535,99.4,143.19,0.05,Normal
2026-01-15 05:20:00,2.92,59.82,3.032,84.06,104.44,0.219,Normal
2026-01-07 05:55:00,1.928,54.26,2.825,101.14,85.83,1.065,Normal
2026-01-02 04:10:00,4.688,63.64,2.404,112.72,105.29,0.524,Normal
2026-01-01 17:55:00,2.523,58.38,2.986,87.55,103.54,1.153,Normal
2026-01-13 17:15:00,2.3,56.75,2.759,92.48,87.08,0.228,Normal
2026-01-05 15:45:00,3.395,56.34,2.979,90.54,103.49,0.991,Normal
2026-01-01 00:55:00,5.801,49.85,3.193,124.98,100.82,0.497,Joint Failure
2026-01-06 06:40:00,3.672,49.42,2.947,98.81,99.29,0.83,Normal
2026-01-13 15:20:00,2.586,52.23,2.833,102.48,81.0,0.603,Normal
2026-01-14 16:05:00,3.147,60.09,2.554,86.95,128.7,0.388,Normal
2026-01-16 08:55:00,3.316,54.65,2.91,111.21,78.8,0.938,Normal
2026-01-11 10:20:00,2.393,66.64,2.506,113.51,100.56,2.784,Misalignment
2026-01-10 22:40:00,2.207,44.45,3.341,103.71,119.6,0.719,Normal
2026-01-11 19:35:00,6.139,74.6,2.611,79.49,121.15,0.271,Belt Damage
2026-01-17 19:20:00,7.885,53.93,2.919,117.84,145.7,1.652,Joint Failure
2026-01-09 01:30:00,4.887,58.95,3.051,90.3,109.19,3.155,Misalignment
2026-01-09 22:15:00,6.108,52.64,2.613,110.27,136.5,1.652,Belt Damage
2026-01-11 02:45:00,7.922,40.02,2.614,116.47,119.81,0.05,Joint Failure
2026-01-01 08:25:00,4.531,48.52,2.314,112.92,117.06,3.587,Misalignment
2026-01-13 07:45:00,3.48,65.62,2.534,85.76,97.54,2.434,Misalignment
2026-01-06 01:30:00,2.08,54.4,2.832,88.29,119.31,1.112,Normal
2026-01-01 14:15:00,1.898,52.98,2.678,97.44,105.12,1.014,Normal
2026-01-01 08:55:00,4.095,72.02,2.597,116.62,133.73,0.05,Overload
2026-01-15 13:40:00,1.69,58.75,2.55,94.11,89.17,1.211,Normal
2026-01-13 09:25:00,9.38,62.72,3.004,125.27,122.24,1.64,Belt Damage
2026-01-18 07:55:00,3.252,57.58,2.67,93.69,132.12,3.721,Misalignment
2026-01-15 21:55:00,2.227,61.27,3.241,84.08,113.95,1.112,Normal
2026-01-15 02:35:00,3.27,47.95,2.731,63.2,123.01,0.51,Normal
2026-01-14 09:45:00,4.698,58.77,2.722,80.6,102.01,1.612,Misalignment
2026-01-15 07:30:00,4.271,65.19,2.894,141.46,98.05,0.882,Overload
2026-01-17 01:45:00,3.322,47.46,3.223,90.68,118.18,0.928,Normal
2026-01-01 05:00:00,2.803,57.37,3.359,88.84,123.27,1.974,Normal
2026-01-05 07:20:00,4.549,64.25,2.764,105.11,112.93,2.053,Belt Damage
2026-01-17 02:25:00,4.911,51.42,2.527,113.59,111.33,4.316,Misalignment
2026-01-04 14:40:00,3.675,61.13,2.442,90.56,132.63,0.468,Normal
2026-01-15 12:55:00,3.533,66.17,2.772,109.18,105.52,3.681,Misalignment
2026-01-10 14:00:00,1.403,43.73,3.026,98.15,107.28,0.849,Normal
2026-01-08 08:40:00,4.484,48.44,3.068,119.57,140.93,1.275,Overload
2026-01-06 07:00:00,3.262,49.49,3.018,96.37,108.92,0.084,Normal
2026-01-13 05:25:00,1.974,53.0,2.583,76.51,108.3,1.013,Normal
2026-01-01 12:45:00,2.515,57.63,2.643,99.94,112.63,0.666,Normal
2026-01-08 19:20:00,4.585,58.74,2.673,100.1,118.31,3.308,Misalignment
2026-01-02 16:05:00,5.173,65.51,2.679,110.8,156.92,1.501,Overload
2026-01-15 16:45:00,6.619,71.82,2.548,81.71,130.76,1.24,Belt Damage
2026-01-15 22:45:00,2.66,53.6,2.608,90.81,78.97,1.217,Normal
2026-01-13 10:10:00,6.599,65.91,2.845,115.05,155.32,1.175,Overload
2026-01-15 07:45:00,3.592,65.13,3.011,96.02,119.46,4.875,Misalignment
2026-01-13 08:50:00,2.617,54.66,2.669,98.59,100.62,1.03,Normal
2026-01-12 12:15:00,4.598,68.15,2.871,105.42,76.89,3.171,Misalignment
2026-01-07 02:50:00,2.676,58.76,2.573,97.85,85.43,1.022,Normal
2026-01-13 06:50:00,4.032,56.52,2.773,103.85,134.02,3.462,Misalignment
2026-01-17 16:15:00,2.26,49.65,2.629,92.95,117.91,1.238,Normal
2026-01-03 14:30:00,3.566,71.93,2.532,98.54,77.26,0.285,Normal
2026-01-13 13:35:00,2.161,53.41,3.281,94.49,113.11,0.996,Normal
2026-01-07 04:45:00,5.345,41.67,1.944,103.84,114.84,1.203,Belt Damage
2026-01-15 19:50:00,4.734,57.38,2.814,115.91,91.79,3.193,Misalignment
2026-01-12 17:55:00,3.617,57.38,2.784,120.16,92.02,0.05,Normal
2026-01-16 02:20:00,3.943,66.55,2.752,124.25,111.21,1.077,Belt Damage
2026-01-02 09:45:00,1.94,60.61,2.331,73.47,116.89,1.345,Belt Damage
2026-01-03 15:05:00,2.584,44.23,2.439,92.93,94.03,0.619,Normal
2026-01-10 09:55:00,3.025,65.53,2.421,90.18,113.58,0.366,Normal
2026-01-10 06:30:00,2.794,64.09,2.654,84.68,119.19,2.951,Misalignment
2026-01-14 19:55:00,3.681,55.96,2.754,86.88,99.83,1.005,Normal
2026-01-01 08:05:00,2.568,55.4,2.934,109.39,89.0,0.929,Normal
2026-01-05 15:05:00,5.024,64.32,1.515,99.34,122.4,1.812,Joint Failure
2026-01-16 10:55:00,4.646,54.51,2.927,101.53,122.08,2.715,Misalignment
2026-01-10 16:35:00,4.734,62.0,2.269,127.83,134.68,2.073,Joint Failure
2026-01-10 21:50:00,4.05,41.38,2.448,88.45,103.32,1.007,Normal
2026-01-01 15:30:00,4.817,72.82,2.766,93.68,138.61,2.271,Belt Damage
2026-01-14 21:35:00,2.1,59.79,2.513,107.34,114.72,1.016,Normal
2026-01-10 10:55:00,2.31,49.74,2.959,80.01,94.63,0.116,Normal
2026-01-13 10:35:00,4.89,57.57,2.729,111.59,127.42,1.893,Belt Damage
2026-01-08 03:30:00,2.339,47.76,2.996,124.54,103.36,2.007,Misalignment
2026-01-05 13:55:00,2.183,60.02,3.061,109.49,120.02,0.841,Normal
2026-01-01 12:20:00,2.501,61.61,2.796,81.0,76.56,0.823,Normal
2026-01-01 02:20:00,3.932,52.97,2.479,112.88,128.01,5.126,Misalignment
2026-01-15 09:00:00,2.687,51.89,2.69,77.35,83.09,0.467,Normal
2026-01-14 22:05:00,3.989,45.67,2.913,85.49,104.39,0.925,Normal
2026-01-12 16:15:00,0.5,49.0,3.014,96.45,98.85,0.697,Normal
2026-01-03 09:40:00,2.575,54.97,2.949,92.64,98.0,0.427,Normal
2026-01-10 22:50:00,2.573,61.74,3.046,72.86,76.47,0.189,Normal
2026-01-14 02:40:00,3.482,75.33,2.734,74.58,157.04,1.259,Belt Damage
2026-01-05 19:30:00,4.091,68.26,2.771,133.17,115.38,0.846,Overload
2026-01-07 09:45:00,4.617,55.29,2.938,89.82,119.21,0.682,Normal
2026-01-17 10:10:00,2.867,71.87,3.105,99.4,98.91,0.381,Normal
2026-01-01 10:45:00,2.425,51.11,2.747,98.96,126.98,0.6,Normal
2026-01-06 13:15:00,6.66,57.02,1.837,45.19,92.28,1.213,Belt Damage
2026-01-13 14:25:00,3.141,57.19,2.502,110.22,137.9,1.726,Misalignment
2026-01-16 15:15:00,2.312,64.15,3.099,96.07,119.13,0.669,Normal
2026-01-03 10:25:00,4.295,56.8,2.67,101.73,98.53,0.733,Normal
2026-01-14 19:50:00,2.856,58.62,2.493,89.26,119.02,0.79,Normal
2026-01-11 12:20:00,4.714,63.35,2.328,76.54,103.58,2.219,Misalignment
2026-01-11 07:25:00,4.281,47.27,2.589,95.69,88.32,0.932,Normal
2026-01-16 03:00:00,2.705,46.6,2.769,79.01,99.01,1.576,Normal
2026-01-06 22:20:00,4.542,52.55,2.863,124.24,88.13,2.588,Misalignment
2026-01-11 06:05:00,2.57,53.13,3.0,83.79,106.23,1.023,Normal
2026-01-02 13:50:00,2.6,60.93,3.163,105.63,125.91,0.847,Normal
2026-01-10 23:00:00,3.138,48.3,2.851,84.17,73.09,0.567,Normal
2026-01-08 02:00:00,5.184,59.64,2.977,91.59,100.78,1.604,Belt Damage
2026-01-07 03:40:00,6.607,51.25,2.978,89.97,114.99,0.767,Belt Damage
2026-01-09 00:55:00,1.653,53.23,2.157,97.01,98.28,0.636,Normal
2026-01-03 02:45:00,4.475,64.2,2.524,116.51,127.29,0.762,Overload
2026-01-01 13:55:00,3.242,58.3,2.244,80.74,121.17,0.16,Normal
2026-01-03 12:50:00,3.263,47.29,2.924,95.27,94.76,0.691,Normal
2026-01-15 18:00:00,4.677,57.17,2.829,118.81,99.18,2.5,Misalignment
2026-01-12 15:50:00,5.05,66.46,2.3,53.42,127.91,1.932,Belt Damage
2026-01-08 04:50:00,7.161,67.22,2.36,81.53,141.47,0.444,Belt Damage
2026-01-15 00:35:00,4.048,60.4,2.737,93.53,113.46,3.526,Misalignment
2026-01-13 20:20:00,3.367,51.42,2.852,94.51,111.11,4.652,Misalignment
2026-01-06 15:10:00,3.959,76.89,3.221,133.82,134.33,3.594,Misalignment
2026-01-03 00:55:00,2.515,53.55,2.644,101.4,130.03,0.621,Normal
2026-01-05 20:45:00,2.564,48.14,3.178,97.54,104.15,0.852,Normal
2026-01-11 13:45:00,5.449,74.21,2.747,125.61,168.89,0.822,Overload
2026-01-12 04:40:00,4.659,51.43,2.542,80.98,91.33,0.398,Normal
2026-01-06 21:40:00,4.39,80.82,2.409,113.92,123.26,1.757,Joint Failure
2026-01-11 17:20:00,2.842,61.96,2.732,78.69,108.5,2.07,Misalignment
2026-01-16 05:50:00,2.898,57.28,2.586,94.08,85.55,0.6,Normal
2026-01-11 08:25:00,2.568,51.28,3.071,100.68,122.12,0.806,Normal
2026-01-01 03:20:00,5.597,55.55,2.901,85.41,92.4,0.603,Normal
2026-01-05 18:55:00,4.064,63.9,2.796,99.61,85.07,3.143,Misalignment
2026-01-08 06:05:00,2.476,57.92,2.505,82.4,124.33,1.208,Normal
2026-01-08 13:15:00,4.348,54.1,2.375,122.33,89.3,1.299,Belt Damage
2026-01-12 04:05:00,2.639,55.88,2.788,92.98,99.7,0.782,Normal
2026-01-11 00:25:00,4.247,61.2,2.711,107.29,145.43,1.872,Joint Failure
2026-01-01 06:10:00,3.072,48.12,2.774,124.04,151.45,1.172,Overload
2026-01-14 13:45:00,2.884,67.9,2.588,108.72,79.68,0.856,Normal
2026-01-18 05:40:00,3.622,54.46,2.45,79.66,117.26,0.952,Normal
2026-01-10 05:25:00,7.389,54.6,2.463,57.7,110.22,1.249,Belt Damage
2026-01-12 01:00:00,2.999,58.9,2.77,106.88,107.79,0.823,Normal
2026-01-08 05:00:00,3.026,46.4,2.976,116.42,114.39,0.656,Normal
2026-01-02 12:45:00,8.452,56.8,2.185,121.11,93.06,1.788,Joint Failure
2026-01-15 01:35:00,4.554,46.2,2.838,104.06,88.97,2.447,Misalignment
2026-01-08 02:55:00,3.413,52.17,2.71,103.54,100.83,0.365,Normal
2026-01-09 19:45:00,2.673,53.13,2.687,133.48,145.86,1.424,Overload
2026-01-12 11:30:00,1.764,59.25,2.556,91.08,111.59,0.825,Normal
2026-01-05 12:25:00,8.404,71.46,2.679,104.09,133.7,2.52,Joint Failure
2026-01-07 04:25:00,4.472,64.38,2.701,88.36,109.98,1.386,Belt Damage
2026-01-17 17:10:00,4.029,68.82,3.258,107.78,114.92,0.05,Overload
2026-01-12 21:50:00,4.865,58.05,2.513,83.75,114.2,3.79,Misalignment
2026-01-05 12:40:00,3.389,49.36,2.683,87.23,128.43,0.979,Overload
2026-01-01 19:40:00,4.242,47.19,2.398,112.85,81.19,0.94,Normal
2026-01-10 00:35:00,0.891,62.22,3.188,87.81,87.53,0.861,Normal
2026-01-02 19:20:00,4.873,55.42,2.658,88.67,108.83,1.481,Misalignment
2026-01-09 22:25:00,2.358,65.12,2.969,106.1,124.69,0.734,Normal
2026-01-12 09:20:00,2.968,62.25,2.74,124.42,110.8,0.332,Normal
2026-01-12 01:30:00,3.139,63.18,2.763,92.5,107.42,0.374,Normal
2026-01-10 14:40:00,3.58,67.82,2.532,120.79,119.98,0.201,Normal
2026-01-03 13:15:00,5.531,73.95,2.478,101.3,109.61,1.759,Belt Damage
2026-01-17 07:55:00,2.316,56.65,2.785,100.72,116.43,4.102,Misalignment
2026-01-18 02:45:00,6.109,57.57,2.828,109.34,114.25,1.317,Belt Damage
2026-01-08 07:30:00,3.86,58.49,2.885,66.41,137.43,2.185,Belt Damage
2026-01-10 07:15:00,2.887,62.91,2.852,106.81,102.85,0.759,Normal
2026-01-12 05:05:00,2.504,55.94,3.004,76.56,96.49,0.755,Normal
2026-01-10 14:05:00,2.018,66.21,2.95,116.61,123.48,0.751,Normal
2026-01-03 01:20:00,3.369,59.74,2.742,80.46,111.2,0.637,Normal
2026-01-05 12:35:00,3.014,51.49,2.524,73.54,92.14,0.718,Normal
2026-01-05 19:35:00,1.803,63.06,2.996,81.93,91.14,0.627,Normal
2026-01-17 07:15:00,4.531,43.28,2.673,99.28,117.85,1.466,Belt Damage
2026-01-16 17:10:00,3.3,71.83,2.932,126.13,154.27,1.554,Overload
2026-01-14 16:55:00,4.208,58.0,2.932,101.16,126.37,2.376,Misalignment
2026-01-07 13:30:00,2.079,50.57,2.725,91.65,107.21,1.015,Normal
2026-01-11 08:55:00,2.12,48.78,2.983,106.4,110.95,0.839,Normal
2026-01-18 02:20:00,3.252,60.26,3.04,100.2,77.93,0.967,Normal
2026-01-12 10:45:00,2.384,52.96,3.247,83.17,83.97,0.65,Normal
2026-01-04 03:20:00,1.7,58.66,2.968,88.24,130.69,0.793,Normal
2026-01-17 00:05:00,2.578,56.9,2.798,119.57,68.13,1.043,Normal
2026-01-05 10:35:00,3.159,54.41,3.121,93.62,118.65,1.155,Normal
2026-01-04 05:45:00,2.061,53.9,2.71,112.16,101.69,0.93,Normal
2026-01-18 00:15:00,4.716,61.52,2.675,96.46,102.62,2.899,Belt Damage
2026-01-09 00:20:00,2.773,65.05,2.803,105.12,94.25,1.033,Normal
2026-01-06 09:35:00,2.649,56.34,2.892,92.7,110.3,0.648,Normal
2026-01-16 17:45:00,2.604,58.01,3.131,102.41,128.08,0.74,Normal
2026-01-12 01:50:00,3.356,47.23,2.803,105.21,106.44,1.158,Normal
2026-01-16 10:05:00,5.815,66.9,2.326,82.59,149.47,0.415,Belt Damage
2026-01-03 10:50:00,1.748,57.0,3.405,104.02,100.08,1.17,Normal
2026-01-17 06:50:00,4.028,62.56,2.825,101.98,124.76,0.86,Normal
2026-01-11 15:50:00,5.689,54.36,2.736,117.4,140.0,0.05,Overload
2026-01-03 14:05:00,3.414,46.28,2.42,75.03,123.66,2.088,Belt Damage
2026-01-13 11:30:00,2.781,60.48,3.009,79.62,100.87,0.278,Normal
2026-01-07 17:35:00,4.056,49.96,2.661,101.23,112.33,1.047,Normal
2026-01-16 06:40:00,4.982,51.31,3.077,106.69,115.25,0.89,Normal
2026-01-10 22:30:00,4.516,62.43,2.663,104.83,105.52,2.507,Joint Failure
2026-01-14 21:00:00,4.158,41.07,3.062,92.0,122.23,1.068,Normal
2026-01-02 18:45:00,4.785,54.46,1.912,64.9,116.36,2.231,Belt Damage
2026-01-01 06:45:00,5.02,61.84,2.937,94.9,128.58,2.945,Misalignment
2026-01-18 06:40:00,1.762,60.68,2.326,78.77,124.48,0.815,Normal
2026-01-05 13:00:00,2.229,50.84,2.889,94.46,119.42,0.264,Normal
2026-01-17 00:30:00,2.798,42.94,2.671,87.25,85.0,1.005,Normal
2026-01-04 04:10:00,5.477,54.88,2.721,91.12,125.33,4.0,Misalignment
2026-01-12 23:40:00,3.677,51.26,2.453,106.67,76.41,2.166,Misalignment
2026-01-13 19:55:00,2.616,60.38,2.575,101.24,71.21,1.14,Normal
2026-01-17 16:20:00,4.148,45.32,2.396,108.89,82.03,1.621,Belt Damage
2026-01-11 23:00:00,7.414,65.23,2.77,109.38,108.03,2.05,Joint Failure
2026-01-08 15:10:00,2.623,46.77,2.52,78.7,86.23,0.844,Normal
2026-01-15 16:40:00,2.707,59.9,2.728,94.54,100.1,1.1,Normal
2026-01-03 16:30:00,5.611,69.59,2.539,138.24,127.95,1.553,Overload
2026-01-02 03:25:00,2.483,63.29,3.037,113.27,99.38,1.172,Normal
2026-01-08 03:10:00,6.63,55.18,3.041,98.71,128.45,1.127,Belt Damage
2026-01-07 22:45:00,1.814,52.42,3.191,79.02,94.06,1.017,Normal
2026-01-04 06:35:00,3.347,50.98,2.756,92.93,118.87,1.955,Belt Damage
2026-01-03 20:30:00,2.143,55.45,3.249,93.36,118.15,0.875,Normal
2026-01-16 17:15:00,3.807,63.79,2.363,95.79,118.69,1.945,Belt Damage
2026-01-04 03:45:00,4.909,53.89,2.375,101.81,90.6,1.114,Normal
2026-01-09 17:40:00,2.57,50.31,2.802,89.59,132.79,1.166,Normal
2026-01-01 15:05:00,3.291,55.82,2.647,94.54,103.5,0.832,Normal
2026-01-01 13:40:00,2.867,60.78,3.255,73.22,100.7,0.253,Normal
2026-01-06 06:55:00,3.132,50.83,3.183,84.73,92.62,1.156,Normal
2026-01-02 13:35:00,5.816,61.47,2.602,117.08,108.25,4.129,Misalignment
2026-01-09 19:30:00,4.742,49.12,2.237,114.41,154.92,0.769,Overload
2026-01-15 08:45:00,3.875,58.07,2.825,93.78,110.96,0.631,Normal
2026-01-17 13:55:00,5.414,69.93,2.351,52.48,125.02,1.076,Belt Damage
2026-01-05 13:15:00,3.408,60.4,2.717,103.1,139.37,2.622,Belt Damage
2026-01-11 22:25:00,4.178,45.4,2.932,94.1,117.73,0.516,Normal
2026-01-04 20:35:00,2.666,46.63,2.744,76.78,110.13,0.05,Normal
2026-01-16 18:55:00,4.094,53.27,2.637,94.7,113.13,5.168,Misalignment
2026-01-15 04:25:00,3.249,55.83,2.709,102.01,111.16,1.428,Normal
2026-01-13 02:45:00,2.097,66.64,3.214,108.9,107.59,0.761,Normal
2026-01-05 11:15:00,3.87,50.08,2.781,107.34,80.09,1.151,Normal
2026-01-15 12:05:00,5.206,67.08,1.939,90.92,93.7,0.913,Belt Damage
2026-01-17 03:05:00,1.331,65.47,2.44,120.52,130.23,1.281,Overload
2026-01-13 18:40:00,4.356,56.35,3.12,108.19,138.04,1.242,Overload
2026-01-16 15:55:00,2.536,55.59,3.161,93.85,90.08,0.05,Normal
2026-01-15 11:20:00,2.288,63.95,2.83,103.95,101.86,0.999,Normal
2026-01-12 11:00:00,2.435,59.94,2.708,76.5,100.72,0.207,Normal
2026-01-12 11:50:00,5.537,83.27,2.918,112.64,142.42,0.449,Overload
2026-01-16 19:40:00,3.999,57.08,2.88,102.72,122.81,1.567,Misalignment
2026-01-11 20:25:00,3.753,61.61,2.757,80.14,98.09,4.23,Misalignment
2026-01-02 03:15:00,5.66,56.82,2.52,103.06,129.9,2.385,Misalignment
2026-01-07 05:10:00,3.94,52.3,2.956,92.41,104.1,0.854,Normal
2026-01-09 15:30:00,2.008,40.38,2.659,85.86,116.67,0.979,Normal
2026-01-07 23:10:00,1.624,49.04,2.567,88.71,102.7,0.94,Normal
2026-01-07 23:15:00,1.98,84.47,3.127,126.68,142.47,1.561,Overload
2026-01-07 10:50:00,5.352,56.21,2.245,70.96,122.53,2.736,Belt Damage
2026-01-17 06:25:00,3.844,65.5,3.044,98.53,92.01,0.511,Normal
2026-01-02 02:00:00,3.01,55.65,3.266,122.3,104.26,0.981,Normal
2026-01-03 21:20:00,1.204,52.59,3.049,105.55,114.01,0.455,Normal
2026-01-11 16:35:00,6.567,63.31,2.606,141.32,128.02,1.824,Joint Failure
2026-01-17 09:05:00,5.243,58.98,2.66,87.84,120.55,0.762,Joint Failure
2026-01-13 00:30:00,3.465,41.63,2.477,126.17,103.5,4.141,Misalignment
2026-01-05 04:05:00,2.801,49.79,2.878,89.1,91.56,0.403,Normal
2026-01-16 05:55:00,3.452,71.25,2.561,100.51,112.82,0.313,Normal
2026-01-13 07:35:00,3.224,59.51,2.817,104.32,102.26,1.135,Normal
2026-01-18 02:10:00,4.875,57.54,2.593,88.46,101.38,2.858,Misalignment
2026-01-08 09:50:00,0.974,61.9,2.961,118.84,129.72,1.341,Overload
2026-01-12 23:35:00,5.271,56.56,2.754,92.83,151.2,3.412,Misalignment
2026-01-08 16:05:00,4.898,52.08,2.807,114.67,104.83,1.076,Belt Damage
2026-01-07 14:25:00,1.189,57.98,3.5,109.06,124.28,1.216,Normal
2026-01-06 03:25:00,3.095,55.78,2.595,82.57,91.32,0.418,Normal
2026-01-03 16:45:00,3.872,56.25,2.755,107.33,180.0,0.083,Overload
2026-01-03 18:35:00,6.402,59.69,2.93,111.02,122.58,2.427,Joint Failure
2026-01-13 21:30:00,8.661,82.09,2.46,130.29,118.34,2.434,Joint Failure
2026-01-14 16:30:00,3.039,55.59,2.885,91.23,115.7,1.445,Normal
2026-01-01 04:30:00,4.062,65.22,3.013,100.35,133.07,3.4,Misalignment
2026-01-11 07:40:00,5.772,49.45,2.621,113.62,170.25,1.511,Overload
2026-01-12 13:55:00,5.017,68.55,2.363,138.79,178.39,0.559,Overload
2026-01-07 16:00:00,5.695,64.81,2.453,110.56,172.63,0.26,Overload
2026-01-13 21:35:00,1.376,59.44,3.052,100.83,82.7,0.547,Normal
2026-01-17 03:10:00,5.249,57.64,2.569,90.12,126.64,5.445,Misalignment
2026-01-04 06:50:00,3.225,57.08,3.125,92.93,139.14,0.556,Normal
2026-01-06 21:45:00,4.097,53.96,2.995,110.7,81.44,1.321,Normal
2026-01-12 10:25:00,4.003,51.34,2.652,88.69,91.1,0.385,Normal
2026-01-08 12:05:00,4.264,53.63,2.27,87.02,124.53,3.512,Misalignment
2026-01-04 22:40:00,3.307,65.47,2.459,89.9,141.56,2.098,Belt Damage
2026-01-04 10:15:00,2.923,59.0,2.822,111.41,111.23,0.576,Normal
2026-01-09 20:25:00,2.55,57.49,3.015,113.55,98.04,0.556,Normal
2026-01-01 16:05:00,5.457,58.1,2.761,72.67,128.13,2.945,Misalignment
2026-01-11 14:45:00,3.358,48.69,2.874,99.83,96.97,1.033,Normal
2026-01-12 06:30:00,3.017,46.23,2.414,109.18,122.17,0.642,Normal
2026-01-05 20:10:00,2.544,48.87,2.415,94.15,107.58,0.167,Normal
2026-01-10 03:45:00,3.333,56.23,3.162,119.62,121.78,1.291,Overload
2026-01-03 16:00:00,2.332,46.54,2.479,84.42,81.56,0.475,Normal
2026-01-17 07:50:00,3.396,64.26,2.526,96.63,124.15,4.82,Misalignment
2026-01-11 17:30:00,3.336,53.92,2.796,99.41,119.63,1.074,Normal
2026-01-13 03:15:00,2.825,52.81,2.408,92.89,89.9,0.541,Normal
2026-01-12 03:55:00,2.281,59.22,2.673,108.86,93.57,0.659,Normal
2026-01-01 23:45:00,3.283,50.44,2.742,81.56,82.51,0.226,Normal
2026-01-18 03:30:00,2.478,51.14,2.565,92.71,145.71,0.502,Overload
2026-01-02 11:40:00,1.874,45.42,2.618,98.37,109.32,0.836,Normal
2026-01-16 10:40:00,3.461,58.48,2.84,115.7,95.67,0.683,Normal
2026-01-09 02:20:00,3.866,58.59,2.757,88.48,99.67,4.242,Misalignment
2026-01-10 10:25:00,7.426,67.34,2.846,109.34,88.29,0.904,Joint Failure
2026-01-08 05:15:00,3.499,53.54,3.272,85.31,154.41,0.713,Overload
2026-01-12 18:25:00,4.296,57.33,2.601,89.73,108.1,2.608,Misalignment
2026-01-03 12:10:00,3.45,50.38,3.007,106.08,107.49,0.548,Normal
2026-01-04 07:15:00,4.416,61.42,2.201,86.71,112.14,3.869,Misalignment
2026-01-16 05:15:00,5.315,68.85,2.759,90.23,117.42,2.277,Misalignment
2026-01-16 03:50:00,2.437,65.02,3.063,83.94,80.12,0.506,Normal
2026-01-08 20:30:00,3.739,70.73,2.758,77.61,105.19,2.631,Belt Damage
2026-01-04 10:25:00,3.108,49.48,2.314,87.24,123.74,1.098,Belt Damage
2026-01-12 03:40:00,2.717,59.93,3.05,99.22,115.4,0.107,Normal
2026-01-07 02:35:00,2.586,57.95,2.903,77.42,129.04,0.926,Normal
2026-01-16 21:35:00,4.398,52.28,3.021,92.17,88.64,2.623,Misalignment
2026-01-02 03:10:00,3.715,76.11,2.983,91.31,122.56,3.255,Misalignment
2026-01-10 01:20:00,3.755,76.31,2.844,119.83,133.08,0.881,Overload
2026-01-05 19:15:00,2.865,45.12,2.66,100.25,93.49,0.713,Normal
2026-01-06 23:40:00,4.281,65.34,2.943,103.48,162.35,1.405,Overload
2026-01-04 18:30:00,4.44,52.04,2.728,99.23,108.18,3.32,Misalignment
2026-01-09 18:15:00,3.578,53.86,2.599,102.13,87.65,0.746,Normal
2026-01-02 04:25:00,3.52,58.8,2.701,89.16,89.83,1.155,Normal
2026-01-13 20:25:00,4.399,69.27,3.097,85.03,98.93,3.261,Misalignment
2026-01-01 12:15:00,2.641,50.59,2.66,65.22,127.94,0.577,Normal
2026-01-03 09:20:00,3.024,84.26,2.412,131.93,121.08,1.029,Overload
2026-01-12 22:00:00,3.734,57.7,2.133,103.77,140.72,0.539,Overload
2026-01-04 20:15:00,4.55,66.4,2.712,110.82,136.9,0.943,Overload
2026-01-03 22:40:00,2.806,60.79,2.862,105.78,118.4,0.715,Normal
2026-01-04 08:30:00,4.213,71.94,3.265,121.6,158.87,1.383,Overload
2026-01-17 09:55:00,5.457,65.49,2.333,60.19,106.56,1.248,Belt Damage
2026-01-06 04:20:00,3.388,56.07,2.501,96.35,101.64,0.546,Normal
2026-01-14 17:25:00,2.405,60.98,2.793,106.67,116.2,0.25,Normal
2026-01-08 15:35:00,2.955,61.93,2.732,84.8,103.67,1.001,Normal
2026-01-10 10:05:00,4.456,50.67,2.939,83.63,80.55,0.865,Normal
2026-01-03 07:05:00,5.813,66.3,2.721,98.01,141.79,1.55,Joint Failure
2026-01-04 11:30:00,6.772,60.48,2.629,98.94,117.35,1.88,Belt Damage
2026-01-01 05:10:00,5.497,55.15,3.049,110.85,120.85,1.99,Belt Damage
2026-01-01 23:40:00,4.891,54.33,3.095,105.45,88.23,1.972,Misalignment
2026-01-08 17:20:00,3.766,45.65,2.794,101.49,106.3,0.808,Normal
2026-01-17 08:10:00,3.763,49.24,2.65,122.58,144.39,0.753,Overload
2026-01-07 12:35:00,4.497,55.91,2.731,87.35,143.7,3.995,Misalignment
2026-01-13 09:40:00,5.4,54.72,2.404,84.42,124.83,2.492,Belt Damage
2026-01-17 20:45:00,7.616,46.43,2.99,85.71,118.22,2.717,Joint Failure
2026-01-05 04:15:00,3.155,63.16,2.555,112.88,106.06,0.243,Normal
2026-01-07 21:50:00,5.527,56.4,2.458,63.44,164.29,0.117,Overload
2026-01-01 02:00:00,3.044,51.45,3.049,102.51,91.59,1.145,Normal
2026-01-17 20:20:00,3.901,51.87,2.857,96.23,118.53,1.372,Overload
2026-01-15 05:50:00,3.71,45.58,2.744,107.08,109.13,0.389,Normal
2026-01-15 11:15:00,3.175,47.36,2.528,106.87,112.19,0.618,Normal
2026-01-03 15:30:00,3.408,58.66,2.42,96.16,111.36,0.879,Normal
2026-01-04 00:55:00,2.544,56.08,2.609,103.46,88.71,1.427,Normal
2026-01-17 11:10:00,3.686,60.04,2.804,87.75,107.63,0.878,Normal
2026-01-04 06:10:00,3.803,55.63,2.842,95.59,123.12,1.3,Normal
2026-01-10 07:55:00,3.314,67.56,2.817,101.32,103.57,1.309,Normal
2026-01-13 12:00:00,3.256,50.92,3.238,75.89,82.99,0.54,Normal
2026-01-09 07:30:00,5.954,68.1,2.728,83.29,130.56,2.347,Belt Damage
2026-01-16 20:35:00,3.517,67.06,2.698,102.41,95.97,0.904,Normal
2026-01-18 07:00:00,6.639,68.44,2.212,125.64,112.37,2.083,Joint Failure
2026-01-15 07:40:00,6.437,82.62,3.019,152.3,133.19,1.289,Overload
2026-01-16 20:20:00,3.729,60.88,2.839,91.1,99.28,0.943,Normal
2026-01-02 08:05:00,5.352,64.29,2.029,120.72,128.48,1.653,Overload
2026-01-14 11:05:00,5.632,69.02,2.492,68.4,120.11,0.756,Belt Damage
2026-01-16 04:10:00,3.228,59.77,3.145,84.34,92.98,1.106,Normal
2026-01-16 20:45:00,5.446,61.62,3.123,103.68,98.7,1.858,Belt Damage
2026-01-02 20:40:00,2.313,55.06,2.413,82.54,118.53,1.629,Belt Damage
2026-01-08 22:55:00,1.145,54.05,2.769,95.97,103.35,0.867,Normal
2026-01-17 04:45:00,5.371,68.97,2.489,127.42,134.12,0.647,Overload
2026-01-14 10:50:00,2.56,55.64,2.68,96.84,109.7,0.87,Normal
2026-01-04 06:00:00,2.413,46.83,2.773,91.86,99.26,0.624,Normal
2026-01-13 23:25:00,4.036,69.1,2.45,121.42,145.06,0.312,Overload
2026-01-17 10:00:00,3.697,74.97,2.678,129.93,102.9,0.82,Overload
2026-01-09 04:40:00,3.899,50.9,2.575,115.95,137.32,0.783,Normal
2026-01-13 04:15:00,3.173,56.17,2.845,89.11,104.97,0.798,Normal
2026-01-01 16:45:00,3.123,51.67,2.789,126.38,120.47,0.502,Normal
2026-01-12 03:20:00,3.31,38.45,2.622,68.73,98.45,0.733,Normal
2026-01-05 15:00:00,2.853,50.53,2.902,91.98,108.15,0.909,Normal
2026-01-11 11:20:00,6.628,52.28,2.299,119.57,128.84,0.746,Overload
2026-01-13 03:50:00,6.613,53.3,2.949,128.69,120.1,1.706,Joint Failure
2026-01-10 09:40:00,3.357,66.31,3.082,87.27,92.67,0.978,Normal
2026-01-14 23:05:00,3.641,66.67,2.974,92.68,103.51,0.212,Normal
2026-01-07 10:30:00,7.831,55.57,2.297,60.61,129.28,0.05,Belt Damage
2026-01-16 12:25:00,4.959,65.92,2.85,89.84,157.52,1.594,Belt Damage
2026-01-10 23:20:00,2.337,70.51,2.48,91.03,111.12,2.385,Belt Damage
2026-01-11 12:30:00,4.364,47.86,2.881,104.62,98.84,0.253,Normal
2026-01-05 04:25:00,2.643,62.08,2.887,108.93,118.78,1.762,Overload
2026-01-06 17:05:00,1.6,63.32,2.654,128.51,134.73,0.531,Overload
2026-01-12 20:45:00,4.626,56.11,2.544,106.93,92.43,2.977,Misalignment
2026-01-13 01:40:00,5.869,68.38,1.563,125.25,113.2,2.55,Joint Failure
2026-01-10 22:25:00,4.49,53.15,2.633,109.66,104.1,0.938,Normal
2026-01-07 05:20:00,2.889,49.81,3.193,111.46,108.72,0.769,Normal
2026-01-14 04:25:00,3.48,61.68,2.595,79.95,113.67,0.722,Normal
2026-01-12 16:40:00,2.861,67.51,2.687,108.04,112.79,1.034,Normal
2026-01-12 16:35:00,2.212,67.97,2.772,83.55,111.8,1.176,Normal
2026-01-13 06:25:00,4.288,64.58,3.447,85.65,85.92,1.219,Normal
2026-01-12 23:25:00,3.112,70.7,3.083,74.86,108.04,0.626,Normal
2026-01-03 02:15:00,3.327,53.53,2.414,94.05,109.96,0.521,Normal
2026-01-11 14:40:00,4.783,60.03,3.011,94.97,108.68,1.858,Misalignment
2026-01-16 17:35:00,2.473,61.6,2.592,89.48,103.94,0.226,Normal
2026-01-01 10:30:00,1.778,70.56,2.431,84.12,104.51,2.602,Belt Damage
2026-01-14 11:00:00,2.839,48.04,2.926,122.65,120.97,1.296,Normal
2026-01-11 04:35:00,2.397,52.58,2.579,102.37,102.7,1.359,Normal
2026-01-13 06:15:00,4.424,67.18,2.415,120.35,112.86,1.767,Overload
2026-01-10 11:30:00,4.45,47.61,2.76,120.89,159.39,1.101,Overload
2026-01-03 20:55:00,3.45,41.8,2.596,95.37,96.33,0.749,Normal
2026-01-06 16:35:00,7.044,80.49,2.607,82.09,120.9,1.698,Joint Failure
2026-01-04 10:00:00,5.004,59.4,2.692,98.86,128.34,1.496,Overload
2026-01-12 09:25:00,5.323,58.04,2.868,110.1,91.42,0.62,Normal
2026-01-18 06:15:00,5.12,46.28,2.392,104.32,151.58,1.239,Belt Damage
2026-01-08 14:20:00,5.063,56.39,2.398,100.58,120.53,1.468,Overload
2026-01-17 00:20:00,3.535,43.54,3.273,90.65,104.87,0.356,Normal
2026-01-09 11:35:00,7.15,58.28,2.251,90.84,75.7,1.855,Belt Damage
2026-01-02 06:10:00,2.207,62.96,2.716,107.1,113.63,1.649,Normal
2026-01-09 03:45:00,4.028,61.1,2.543,94.58,111.83,0.965,Normal
2026-01-02 04:45:00,4.765,55.02,2.788,114.13,84.97,4.812,Misalignment
2026-01-03 19:50:00,5.122,66.03,2.438,84.35,119.81,2.412,Belt Damage
2026-01-12 03:05:00,3.531,64.96,2.626,66.95,111.8,2.036,Belt Damage
2026-01-15 10:40:00,2.588,55.5,3.136,109.33,70.93,0.484,Normal
2026-01-17 15:35:00,3.052,64.05,2.193,92.95,111.57,0.307,Normal
2026-01-12 13:05:00,3.698,69.41,2.946,114.97,153.09,1.769,Overload
2026-01-15 06:10:00,2.736,70.05,2.701,99.1,114.68,2.624,Joint Failure
2026-01-08 08:20:00,5.265,52.51,2.749,97.49,110.84,0.05,Normal
2026-01-07 08:50:00,6.24,45.96,2.907,91.81,108.15,1.967,Belt Damage
2026-01-03 18:05:00,5.478,56.18,2.396,82.99,113.33,4.342,Misalignment
2026-01-18 04:10:00,4.427,51.3,2.509,86.63,120.21,3.321,Misalignment
2026-01-10 06:50:00,5.333,58.4,2.681,78.81,106.19,1.597,Belt Damage
2026-01-01 07:50:00,4.356,59.52,2.866,111.26,110.63,1.12,Overload
2026-01-14 01:00:00,3.184,44.49,2.634,105.11,93.68,0.982,Normal
2026-01-11 00:55:00,5.026,52.08,2.323,124.91,130.46,1.748,Overload
2026-01-09 05:35:00,5.453,48.35,2.848,80.77,114.38,1.671,Belt Damage
2026-01-15 09:45:00,3.62,61.17,2.345,141.58,143.22,0.917,Overload
2026-01-16 09:20:00,2.736,54.15,3.026,97.2,95.74,0.539,Normal
2026-01-12 05:00:00,2.602,72.48,2.592,79.86,115.28,0.832,Normal
2026-01-10 21:45:00,5.426,54.8,2.616,64.35,130.95,1.526,Belt Damage
2026-01-11 02:40:00,4.643,60.79,2.423,120.82,132.97,1.155,Overload
2026-01-07 11:25:00,4.625,64.3,2.537,86.61,142.24,1.3,Joint Failure
2026-01-07 10:45:00,2.629,64.18,3.169,85.47,89.99,0.874,Normal
2026-01-10 04:25:00,3.071,49.82,2.436,96.46,83.96,0.899,Normal
2026-01-08 18:55:00,4.877,50.7,2.57,121.14,129.99,2.3,Joint Failure
2026-01-09 02:40:00,2.077,57.89,3.18,92.89,96.48,0.546,Normal
2026-01-04 07:10:00,4.207,55.18,2.654,91.55,109.8,2.22,Misalignment
2026-01-11 15:40:00,3.26,50.94,2.695,85.81,101.65,0.36,Normal
2026-01-04 21:20:00,5.785,71.54,2.604,110.82,98.96,1.308,Belt Damage
2026-01-10 00:25:00,2.011,63.41,2.439,84.67,111.56,1.549,Normal
2026-01-08 15:40:00,4.274,63.47,3.107,119.72,123.85,1.875,Overload
2026-01-02 10:55:00,3.561,74.81,2.657,118.24,147.17,1.285,Overload
2026-01-04 04:50:00,5.078,58.39,2.679,98.45,117.42,1.646,Belt Damage
2026-01-05 08:30:00,5.362,64.14,2.848,117.52,107.68,2.527,Misalignment
2026-01-02 15:45:00,2.413,51.44,2.355,99.92,110.19,2.926,Misalignment
2026-01-08 01:35:00,3.441,50.74,2.81,97.86,81.19,0.549,Normal
2026-01-05 04:10:00,4.061,58.61,2.668,107.04,93.49,0.418,Normal
2026-01-10 02:50:00,3.526,60.92,2.96,87.24,116.39,0.658,Normal
2026-01-17 17:30:00,7.328,71.64,2.642,85.51,96.93,1.838,Belt Damage
2026-01-07 20:10:00,3.942,44.94,2.558,90.71,118.88,0.813,Normal
2026-01-11 19:10:00,5.037,67.07,3.237,120.75,105.57,2.308,Misalignment
2026-01-14 22:50:00,2.631,63.19,3.107,104.62,113.17,0.602,Normal
2026-01-08 11:15:00,2.289,55.84,3.218,112.55,94.95,1.36,Normal
2026-01-13 19:15:00,3.518,46.15,2.708,98.11,107.73,0.359,Normal
2026-01-07 22:25:00,4.862,60.62,2.495,114.58,110.26,1.038,Normal
2026-01-15 00:05:00,7.067,74.9,2.533,109.93,108.38,1.903,Joint Failure
2026-01-11 14:30:00,5.49,54.97,3.161,73.17,105.41,2.888,Misalignment
2026-01-05 08:00:00,5.64,55.68,2.274,107.44,121.35,2.186,Joint Failure
2026-01-08 14:40:00,4.522,57.79,2.532,113.62,116.24,2.363,Misalignment
2026-01-10 10:00:00,2.486,39.57,3.245,72.72,92.89,0.854,Normal
2026-01-04 10:40:00,2.755,55.95,3.076,110.74,116.75,0.645,Normal
2026-01-08 14:30:00,4.425,57.66,2.537,102.14,90.62,0.603,Normal
2026-01-14 01:30:00,2.427,58.57,3.105,111.09,98.91,0.798,Normal
2026-01-13 11:45:00,4.503,55.03,2.648,114.04,148.07,3.86,Misalignment
2026-01-05 13:50:00,3.966,55.42,2.618,97.08,84.72,0.536,Normal
2026-01-07 11:15:00,3.094,50.33,3.054,102.73,95.83,1.045,Normal
2026-01-09 03:15:00,2.189,48.04,2.516,90.79,106.44,0.881,Normal
2026-01-09 12:05:00,2.941,57.58,2.9,109.02,104.57,1.082,Normal
2026-01-08 10:00:00,2.017,46.87,2.782,113.34,85.13,0.921,Normal
2026-01-04 16:45:00,5.396,56.29,2.36,144.25,113.3,0.927,Overload
2026-01-18 05:20:00,1.934,52.9,2.938,101.87,101.58,0.291,Normal
2026-01-10 02:25:00,6.933,69.3,2.687,72.19,92.92,2.888,Belt Damage
2026-01-01 06:25:00,3.056,60.31,2.767,110.15,101.99,0.35,Normal
2026-01-11 01:30:00,2.496,59.04,2.263,101.02,105.43,0.958,Normal
2026-01-05 13:30:00,2.6,59.32,3.03,98.34,72.53,0.856,Normal
2026-01-16 04:20:00,3.604,59.54,2.948,97.31,115.66,1.106,Normal
2026-01-04 00:40:00,4.061,61.78,3.113,88.78,99.5,2.487,Misalignment
2026-01-14 08:50:00,2.31,66.8,2.618,81.99,112.53,0.666,Normal
2026-01-17 14:55:00,5.294,59.72,2.028,89.69,90.77,1.677,Belt Damage
2026-01-11 07:05:00,3.595,50.16,2.675,124.2,113.97,1.64,Overload
2026-01-12 18:35:00,6.224,65.44,2.42,84.81,132.88,2.321,Belt Damage
2026-01-09 21:20:00,3.605,67.64,2.708,118.26,116.03,1.091,Overload
2026-01-18 00:00:00,4.156,54.44,2.554,101.92,103.62,1.687,Normal
2026-01-10 03:35:00,4.845,60.85,3.357,98.27,101.1,1.219,Misalignment
2026-01-13 06:10:00,1.928,56.45,2.423,91.87,119.69,1.56,Normal
2026-01-02 07:15:00,3.674,47.1,2.946,106.8,94.36,1.15,Normal
2026-01-07 15:00:00,3.258,49.35,3.258,79.66,84.51,0.54,Normal
2026-01-16 01:00:00,2.187,56.1,2.766,79.91,109.63,1.264,Normal
2026-01-16 04:55:00,1.972,49.03,3.019,92.45,101.64,1.07,Normal
2026-01-14 23:35:00,4.11,58.07,2.535,103.58,106.77,0.535,Normal
2026-01-06 13:40:00,4.526,57.48,2.767,97.69,127.18,1.283,Normal
2026-01-04 21:10:00,2.869,56.5,3.197,101.39,109.99,0.912,Normal
2026-01-13 18:25:00,3.235,56.38,3.486,99.69,101.79,0.499,Normal
2026-01-13 02:50:00,3.389,43.96,3.279,74.12,91.25,1.159,Normal
2026-01-17 21:20:00,2.473,50.03,3.207,89.64,119.84,0.625,Normal
2026-01-11 06:30:00,3.635,59.03,2.894,97.15,113.76,0.326,Normal
2026-01-07 22:10:00,4.981,59.0,2.346,114.49,154.06,0.971,Overload
2026-01-18 04:55:00,3.713,55.13,2.534,125.8,120.88,0.834,Overload
2026-01-16 02:55:00,4.352,64.27,2.671,104.51,109.07,3.783,Misalignment
2026-01-09 06:00:00,3.855,55.24,2.563,95.16,101.2,0.69,Normal
2026-01-05 15:50:00,6.272,68.93,1.947,139.09,98.83,0.468,Belt Damage
2026-01-02 02:40:00,3.628,59.59,2.915,91.99,114.42,1.116,Normal
2026-01-06 14:55:00,4.751,68.37,2.653,120.22,151.78,0.587,Overload
2026-01-13 21:25:00,4.283,73.51,2.79,83.23,103.69,3.111,Misalignment
2026-01-08 03:40:00,2.224,62.41,2.572,90.56,102.77,0.428,Normal
2026-01-08 16:55:00,3.649,48.17,2.782,92.78,92.12,0.752,Normal
2026-01-06 19:25:00,1.393,68.14,2.814,117.6,141.75,1.364,Overload
2026-01-01 21:40:00,4.285,49.12,2.415,95.35,100.72,3.533,Misalignment
2026-01-16 08:05:00,2.397,61.1,3.228,79.18,92.28,1.195,Normal
2026-01-08 01:55:00,4.334,57.72,2.696,110.46,123.05,0.63,Normal
2026-01-04 03:05:00,3.075,47.2,2.918,73.88,124.85,0.813,Normal
2026-01-14 00:00:00,2.646,37.89,2.658,103.55,76.43,0.295,Normal
2026-01-08 00:50:00,4.569,68.94,2.666,124.16,99.15,1.044,Overload
2026-01-07 15:45:00,4.752,45.9,2.719,87.16,93.8,3.605,Misalignment
2026-01-07 08:20:00,5.8,73.74,2.423,134.11,165.4,1.007,Overload
2026-01-06 11:05:00,3.027,62.18,3.438,85.85,104.47,2.428,Belt Damage
2026-01-16 06:10:00,5.94,58.37,2.319,120.46,131.11,2.594,Joint Failure
2026-01-15 14:40:00,3.395,60.78,2.765,77.3,84.28,0.523,Normal
2026-01-01 18:40:00,2.552,45.02,2.91,89.32,99.75,0.495,Normal
2026-01-03 12:15:00,4.191,69.07,2.97,117.4,119.42,0.63,Overload
2026-01-16 13:45:00,3.066,62.1,2.589,112.35,161.74,1.954,Overload
2026-01-04 23:05:00,2.258,66.29,2.835,109.92,111.79,0.568,Normal
2026-01-10 14:10:00,5.249,63.04,2.444,127.55,113.73,4.027,Misalignment
2026-01-03 22:30:00,1.51,44.46,2.713,67.37,109.33,0.17,Normal
2026-01-09 20:35:00,3.649,64.89,2.698,113.01,120.75,1.255,Normal
2026-01-11 04:00:00,6.067,75.45,2.437,138.49,153.46,0.952,Overload
2026-01-01 09:45:00,2.839,63.15,2.549,88.14,109.18,1.137,Normal
2026-01-03 05:45:00,7.167,69.75,2.621,84.71,115.9,1.948,Belt Damage
2026-01-01 00:15:00,4.796,61.42,2.764,116.37,102.06,3.726,Misalignment
2026-01-15 11:30:00,2.074,63.19,2.89,100.96,97.98,0.689,Normal
2026-01-02 14:55:00,3.9,75.19,2.712,73.34,115.15,1.446,Belt Damage
2026-01-01 00:25:00,3.278,56.06,2.974,94.12,103.09,0.45,Normal
2026-01-04 04:35:00,2.144,57.05,2.707,109.55,106.94,0.952,Normal
2026-01-10 00:15:00,5.748,71.64,2.752,132.55,144.49,0.424,Overload
2026-01-04 16:35:00,2.214,50.51,2.588,88.85,104.59,1.043,Normal
2026-01-09 23:50:00,7.448,55.19,2.666,89.53,113.25,1.591,Belt Damage
2026-01-01 20:10:00,3.717,61.67,2.858,62.33,125.61,2.024,Belt Damage
2026-01-05 00:40:00,5.333,42.34,2.878,106.13,102.61,1.633,Belt Damage
2026-01-10 23:10:00,4.642,55.24,2.518,88.98,101.17,1.933,Belt Damage
2026-01-13 23:15:00,0.5,57.71,2.882,94.73,113.56,1.05,Normal
2026-01-09 07:45:00,2.899,58.25,2.573,114.67,86.58,0.902,Normal
2026-01-13 05:05:00,1.843,53.88,2.924,97.39,109.19,0.849,Normal
2026-01-12 21:05:00,3.97,59.76,3.03,105.42,110.88,2.059,Misalignment
2026-01-09 21:35:00,2.797,55.82,3.104,102.24,108.83,0.911,Normal
2026-01-06 13:45:00,3.269,60.88,2.798,94.87,104.97,0.72,Normal
2026-01-17 18:20:00,2.747,57.25,2.811,92.81,127.66,0.598,Normal
2026-01-09 01:40:00,4.661,59.86,3.097,102.22,128.74,2.232,Belt Damage
2026-01-10 09:45:00,2.718,52.77,3.09,84.26,95.89,0.84,Normal
2026-01-16 06:30:00,2.954,40.03,2.823,98.6,91.19,0.406,Normal
2026-01-05 13:20:00,2.279,54.77,2.648,83.76,111.81,0.472,Normal
2026-01-12 23:20:00,3.727,64.77,2.573,96.41,126.52,2.694,Misalignment
2026-01-14 05:40:00,3.008,42.64,2.574,103.3,85.9,1.145,Normal
2026-01-17 03:55:00,3.844,60.44,2.65,93.45,88.0,0.845,Normal
2026-01-09 04:50:00,1.536,48.03,2.678,82.98,105.32,0.05,Normal
2026-01-07 20:35:00,4.794,59.39,2.814,81.7,128.84,1.601,Joint Failure
2026-01-13 04:50:00,4.629,74.36,2.239,88.08,123.1,0.869,Belt Damage
2026-01-07 02:45:00,3.26,69.69,2.693,91.29,121.82,2.425,Belt Damage
2026-01-10 12:15:00,3.25,53.25,2.755,85.86,89.07,0.212,Normal
2026-01-17 19:40:00,3.726,39.76,2.927,85.86,112.54,0.517,Normal
2026-01-09 14:00:00,4.582,57.26,2.779,75.34,140.47,1.071,Belt Damage
2026-01-14 21:55:00,3.099,57.11,2.871,110.8,135.85,0.934,Normal
2026-01-06 04:25:00,2.722,57.23,2.634,97.07,109.84,0.661,Normal
2026-01-15 14:30:00,5.226,48.93,3.104,85.2,89.6,2.939,Misalignment
2026-01-08 11:50:00,2.466,57.1,2.719,85.85,98.98,0.493,Normal
2026-01-05 01:25:00,5.056,68.86,2.848,98.4,105.09,0.95,Normal
2026-01-16 16:20:00,2.179,59.33,2.817,94.08,104.01,0.839,Normal
2026-01-01 19:20:00,5.748,61.26,2.42,90.43,110.37,4.56,Misalignment
2026-01-01 05:30:00,2.704,57.51,2.598,105.28,115.03,1.135,Normal
2026-01-06 13:35:00,1.683,57.8,2.711,97.56,120.93,1.044,Normal
2026-01-12 09:35:00,4.132,72.37,2.708,99.03,131.93,1.08,Belt Damage
2026-01-13 11:40:00,2.49,47.38,2.915,101.42,114.78,1.186,Normal
2026-01-01 10:25:00,3.436,60.15,2.564,107.21,76.01,0.594,Normal
2026-01-05 12:00:00,3.206,44.84,2.662,102.61,103.7,0.981,Normal
2026-01-07 20:40:00,3.713,49.06,2.653,96.81,86.35,0.917,Normal
2026-01-16 16:25:00,6.26,51.59,2.657,91.22,128.78,1.466,Belt Damage
2026-01-16 13:25:00,2.231,52.43,2.708,95.49,93.86,0.513,Normal
2026-01-08 04:55:00,5.374,57.18,2.31,100.71,134.24,2.584,Belt Damage
2026-01-11 17:10:00,1.89,43.88,2.719,76.5,101.83,0.686,Normal
2026-01-16 02:05:00,2.197,56.61,2.721,95.96,97.31,1.511,Normal
2026-01-12 14:45:00,5.096,54.22,2.309,123.91,124.03,0.528,Overload
2026-01-16 12:00:00,6.911,48.88,3.092,108.88,112.85,2.427,Misalignment
2026-01-10 17:05:00,3.497,60.81,2.524,84.03,84.61,4.575,Misalignment
2026-01-04 04:30:00,4.11,69.84,2.882,123.15,126.1,2.411,Overload
2026-01-06 17:10:00,3.953,58.13,2.527,110.58,125.77,0.599,Normal
2026-01-02 06:20:00,5.227,66.87,2.358,102.46,157.68,2.971,Joint Failure
2026-01-12 09:55:00,4.316,55.32,2.874,101.97,138.09,0.327,Overload
2026-01-08 09:05:00,5.601,58.82,2.598,106.22,108.38,3.848,Misalignment
2026-01-15 07:35:00,4.74,69.17,2.913,106.04,110.16,0.805,Belt Damage
2026-01-02 19:45:00,3.187,41.31,2.808,105.17,123.85,1.115,Normal
2026-01-01 04:35:00,9.022,70.14,2.325,100.5,117.64,1.713,Joint Failure
2026-01-03 05:10:00,3.176,65.36,2.784,83.95,116.49,0.72,Normal
2026-01-02 01:10:00,3.077,53.21,2.972,99.26,97.06,0.559,Normal
2026-01-10 14:30:00,4.025,62.5,2.911,77.33,122.9,0.05,Normal
2026-01-05 10:20:00,2.742,63.99,2.853,95.55,97.69,0.767,Normal
2026-01-08 03:15:00,3.105,67.7,2.549,115.68,131.25,4.117,Misalignment
2026-01-13 15:40:00,2.853,68.6,2.485,118.85,133.64,0.791,Overload
2026-01-15 09:15:00,4.396,60.23,2.499,88.95,114.68,1.568,Belt Damage
2026-01-10 23:50:00,5.427,47.74,2.343,109.87,106.57,1.501,Misalignment
2026-01-15 14:10:00,3.727,50.34,3.447,99.53,103.67,1.25,Normal
2026-01-08 22:30:00,6.096,61.54,2.111,118.03,137.0,1.337,Joint Failure
2026-01-08 20:25:00,6.586,58.2,3.262,97.61,116.08,2.358,Misalignment
2026-01-08 23:20:00,2.534,56.68,3.082,109.68,130.7,1.107,Normal
2026-01-07 02:05:00,3.299,46.96,2.748,79.44,108.38,1.373,Normal
2026-01-07 20:00:00,3.523,55.25,2.558,96.97,107.47,0.642,Normal
2026-01-16 02:35:00,5.115,63.82,2.926,101.49,92.52,6.0,Misalignment
2026-01-11 19:45:00,3.481,56.81,2.592,100.32,99.62,0.548,Normal
2026-01-09 07:25:00,3.063,48.18,2.111,78.74,95.2,0.5,Normal
2026-01-02 19:35:00,3.744,57.65,2.181,109.88,108.19,1.014,Belt Damage
2026-01-14 13:00:00,3.511,57.06,2.654,114.5,81.79,0.605,Normal
2026-01-11 20:10:00,3.278,60.25,2.47,111.73,82.77,1.237,Normal
2026-01-15 10:20:00,3.226,55.16,2.65,98.03,102.61,0.737,Normal
2026-01-07 20:05:00,2.932,57.39,2.724,93.37,94.94,0.973,Normal
2026-01-03 07:55:00,5.291,45.7,2.469,111.2,134.01,1.871,Belt Damage
2026-01-15 13:00:00,2.784,60.92,2.431,144.16,133.96,0.719,Overload
2026-01-03 07:30:00,3.533,45.11,2.736,90.74,90.91,0.913,Normal
2026-01-16 01:30:00,2.659,51.44,2.22,67.02,88.89,1.606,Normal
2026-01-07 13:15:00,4.19,51.73,2.723,86.25,93.95,0.837,Normal
2026-01-12 08:10:00,1.908,63.35,2.569,88.02,123.08,0.466,Normal
2026-01-01 23:20:00,5.648,68.91,2.687,108.61,127.32,1.88,Belt Damage
2026-01-06 23:15:00,2.039,55.28,2.635,97.12,113.81,0.175,Normal
2026-01-11 05:35:00,2.902,49.86,3.037,105.05,117.8,0.881,Normal
2026-01-04 02:55:00,2.956,63.8,2.856,104.94,117.21,0.574,Normal
2026-01-17 20:10:00,4.242,69.72,3.057,78.42,124.29,3.254,Joint Failure
2026-01-03 15:20:00,3.556,59.41,2.814,89.58,119.89,0.778,Normal
2026-01-07 14:50:00,5.437,64.83,3.126,88.13,133.16,2.181,Joint Failure
2026-01-15 00:50:00,3.235,61.0,3.074,100.09,104.97,0.747,Normal
2026-01-14 06:35:00,3.034,59.64,2.62,80.49,128.46,0.704,Normal
2026-01-15 08:50:00,3.003,65.17,2.618,100.43,102.02,4.386,Misalignment
2026-01-14 06:10:00,4.775,69.51,2.436,113.32,106.53,1.204,Belt Damage
2026-01-15 22:20:00,2.813,46.53,2.782,85.93,135.51,1.146,Normal
2026-01-10 00:05:00,3.522,64.27,2.762,72.93,108.31,0.636,Normal
2026-01-15 11:00:00,4.874,41.65,2.53,101.49,119.07,3.688,Misalignment
2026-01-11 12:35:00,4.063,50.33,2.551,100.52,111.76,0.86,Normal
2026-01-13 10:15:00,1.722,50.85,2.98,97.41,109.23,0.109,Normal
2026-01-10 20:00:00,2.158,64.02,3.14,115.87,105.73,1.013,Normal
2026-01-13 01:20:00,6.607,67.69,2.619,127.32,125.32,3.777,Misalignment
2026-01-01 11:25:00,3.925,60.02,2.828,104.06,167.95,0.914,Overload
2026-01-08 13:40:00,2.516,60.07,2.969,90.12,124.89,0.961,Normal
2026-01-08 09:20:00,5.37,62.62,2.304,81.91,112.38,1.701,Belt Damage
2026-01-12 00:45:00,5.914,47.14,2.544,51.28,98.53,1.822,Belt Damage
2026-01-16 03:55:00,2.974,46.41,2.837,75.95,103.38,0.65,Normal
2026-01-15 19:05:00,4.621,53.64,2.863,53.39,104.28,1.613,Belt Damage
2026-01-16 02:00:00,3.44,65.57,3.102,71.26,106.77,3.412,Misalignment
2026-01-05 14:55:00,5.546,68.0,2.889,116.81,161.13,0.567,Overload
2026-01-08 00:05:00,6.43,62.59,2.692,85.65,105.26,2.116,Belt Damage
2026-01-09 14:50:00,5.578,53.56,2.288,99.72,127.85,1.725,Joint Failure
2026-01-05 17:10:00,2.748,67.84,2.192,98.17,92.69,0.76,Normal
2026-01-05 14:45:00,5.137,53.31,2.809,93.49,117.94,0.946,Normal
2026-01-08 11:10:00,3.003,55.24,2.632,83.31,111.82,1.062,Normal
2026-01-08 08:50:00,4.683,69.76,2.661,119.71,102.48,1.67,Joint Failure
2026-01-14 19:45:00,5.239,46.2,2.573,123.01,136.7,0.53,Overload
2026-01-05 08:20:00,1.535,52.23,2.773,114.86,82.19,0.922,Normal
2026-01-12 09:10:00,3.765,58.56,3.126,71.8,101.39,0.492,Normal
2026-01-12 17:10:00,3.565,71.66,2.407,83.04,130.7,1.122,Belt Damage
2026-01-10 18:30:00,3.975,58.58,2.938,94.13,111.58,2.593,Misalignment
2026-01-07 10:00:00,3.805,58.79,2.897,100.28,122.82,1.021,Belt Damage
2026-01-11 13:05:00,6.76,79.24,2.56,85.89,111.31,1.903,Joint Failure
2026-01-02 08:20:00,3.54,69.11,2.725,133.44,180.0,1.606,Overload
2026-01-01 19:35:00,5.278,55.8,2.202,137.41,180.0,0.291,Overload
2026-01-04 17:45:00,5.242,69.93,2.601,126.28,92.62,3.831,Misalignment
2026-01-07 21:20:00,3.42,49.15,2.559,85.42,92.49,0.344,Normal
2026-01-16 03:35:00,3.765,52.14,2.884,109.61,101.68,1.487,Normal
2026-01-14 18:10:00,3.719,42.98,2.909,83.34,106.08,1.582,Normal
2026-01-03 16:10:00,3.113,44.97,3.197,85.28,120.99,0.666,Normal
2026-01-08 12:25:00,7.188,59.67,2.729,85.49,132.48,0.299,Joint Failure
2026-01-03 08:05:00,2.742,57.71,3.169,110.4,86.56,0.573,Normal
2026-01-01 20:45:00,5.862,50.91,2.631,113.31,151.15,2.466,Belt Damage
2026-01-06 11:10:00,3.397,47.2,2.681,110.89,118.71,0.47,Normal
2026-01-12 20:55:00,3.522,61.91,3.038,86.75,104.37,0.835,Normal
2026-01-08 05:25:00,3.071,62.93,2.739,107.35,103.9,0.473,Normal
2026-01-07 07:55:00,3.644,73.13,2.74,117.19,149.96,1.649,Overload
2026-01-03 11:40:00,4.201,67.52,2.676,79.88,124.89,0.561,Belt Damage
2026-01-17 05:00:00,4.363,61.34,2.556,95.8,111.87,3.584,Misalignment
2026-01-08 02:40:00,3.322,53.88,2.489,78.67,96.41,0.942,Normal
2026-01-15 12:10:00,3.914,57.52,2.972,78.68,124.92,0.395,Normal
2026-01-10 11:00:00,2.167,61.47,2.793,103.14,87.64,1.094,Normal
2026-01-16 16:45:00,2.862,50.11,2.657,104.78,97.42,4.146,Misalignment
2026-01-06 01:40:00,3.673,64.84,2.466,121.88,104.88,0.335,Normal
2026-01-06 19:00:00,3.466,53.42,2.621,93.82,91.31,0.725,Normal
2026-01-10 13:40:00,2.371,59.17,3.067,85.76,114.65,0.843,Normal
2026-01-07 22:40:00,2.871,59.12,2.707,89.75,93.56,0.589,Normal
2026-01-02 09:40:00,3.127,58.18,2.629,109.98,92.63,1.047,Normal
2026-01-02 08:00:00,3.045,59.52,2.483,128.36,103.63,0.618,Overload
2026-01-16 17:55:00,2.635,49.01,2.691,113.54,113.02,2.658,Misalignment
2026-01-08 11:20:00,3.52,53.7,2.873,151.5,138.4,1.474,Overload
2026-01-06 16:05:00,3.182,72.87,3.042,109.1,175.73,1.828,Overload
2026-01-16 22:10:00,3.932,68.4,2.376,91.48,94.03,0.989,Normal
2026-01-14 15:05:00,3.345,54.68,2.75,94.86,100.48,0.902,Normal
2026-01-15 10:30:00,5.397,72.14,2.388,130.45,124.26,0.646,Joint Failure
2026-01-01 18:35:00,3.827,55.79,2.851,115.05,104.05,1.256,Normal
2026-01-08 14:45:00,4.508,48.54,2.673,106.08,108.49,4.22,Misalignment
2026-01-11 21:20:00,3.212,80.1,2.45,125.74,132.22,1.332,Overload
2026-01-07 08:00:00,3.341,36.42,2.632,108.6,104.18,3.754,Misalignment
2026-01-16 23:20:00,2.446,50.27,2.652,86.9,98.74,0.648,Normal
2026-01-03 18:25:00,3.988,60.16,2.631,96.02,134.69,2.616,Misalignment
2026-01-10 23:15:00,4.691,83.68,2.33,113.9,118.25,1.451,Joint Failure
2026-01-01 00:45:00,2.387,47.84,2.889,126.3,151.76,0.736,Overload
2026-01-07 18:00:00,4.134,57.11,3.016,128.38,159.19,0.831,Overload
2026-01-07 09:10:00,4.105,64.67,2.686,115.41,108.08,2.236,Joint Failure
2026-01-01 21:15:00,1.869,67.19,2.614,129.74,104.41,2.369,Misalignment
2026-01-16 15:40:00,2.424,64.57,2.468,108.43,100.75,4.771,Misalignment
2026-01-06 11:45:00,2.666,55.24,2.522,82.82,119.0,1.079,Normal
2026-01-11 06:20:00,2.972,49.03,2.779,125.91,145.37,1.044,Overload
2026-01-04 05:00:00,3.227,57.7,3.056,94.43,99.84,0.191,Normal
2026-01-16 09:05:00,3.54,56.67,2.602,114.01,159.99,1.46,Overload
2026-01-09 17:00:00,6.263,54.82,2.934,80.76,112.24,1.263,Belt Damage
2026-01-14 02:35:00,6.694,57.4,2.159,103.98,155.59,1.012,Joint Failure
2026-01-15 08:40:00,4.356,66.35,2.512,85.01,134.36,1.573,Overload
2026-01-10 15:35:00,3.972,48.81,2.397,96.88,106.33,0.758,Normal
2026-01-02 20:55:00,3.18,51.77,2.529,91.46,99.71,0.717,Normal
2026-01-10 12:45:00,4.188,45.27,2.735,117.65,131.89,0.756,Overload
2026-01-16 14:50:00,2.381,63.79,2.169,108.43,93.36,1.078,Normal
2026-01-16 20:55:00,6.006,59.68,2.758,88.11,112.63,3.565,Misalignment
2026-01-04 23:25:00,6.764,42.29,2.808,79.82,155.25,0.734,Belt Damage
2026-01-03 07:35:00,2.249,57.84,3.178,83.68,124.68,0.473,Normal
2026-01-11 11:35:00,4.457,61.28,2.918,117.22,131.73,1.44,Overload
2026-01-02 05:45:00,3.974,51.98,3.277,100.85,112.69,5.188,Misalignment
2026-01-10 19:55:00,5.578,61.7,2.606,98.23,107.88,3.613,Misalignment
2026-01-10 15:55:00,4.006,61.27,2.527,127.18,159.08,0.73,Overload
2026-01-05 16:45:00,4.734,59.04,2.574,120.76,165.82,0.828,Overload
2026-01-02 15:10:00,2.355,59.7,2.585,89.97,95.61,1.434,Normal
2026-01-10 09:15:00,4.24,59.45,3.023,98.22,91.01,0.419,Normal
2026-01-12 13:30:00,3.74,60.52,2.747,83.3,105.28,2.203,Misalignment
2026-01-13 15:05:00,1.941,47.07,2.755,93.84,136.83,0.296,Normal
2026-01-05 20:20:00,2.713,51.16,2.71,117.63,111.86,1.146,Normal
2026-01-13 10:40:00,3.706,47.2,2.789,100.13,122.49,1.175,Normal
2026-01-16 13:50:00,1.794,52.81,2.766,99.13,111.43,0.696,Normal
2026-01-12 17:20:00,5.328,71.76,2.866,131.47,164.39,0.337,Overload
2026-01-05 08:40:00,2.134,62.81,3.221,64.55,84.93,1.012,Normal
2026-01-13 04:40:00,6.55,54.29,2.397,87.14,114.21,2.323,Joint Failure
2026-01-05 08:10:00,4.66,71.12,2.35,115.47,139.09,0.883,Overload
2026-01-17 16:35:00,5.833,63.31,2.87,124.06,147.21,3.142,Joint Failure
2026-01-15 22:10:00,3.18,43.0,2.849,82.24,103.03,0.376,Normal
2026-01-12 09:40:00,2.945,45.43,2.434,99.2,117.61,0.532,Normal
2026-01-11 04:25:00,2.526,45.39,2.734,119.47,113.18,1.261,Normal
2026-01-15 11:55:00,6.75,74.75,2.445,123.18,113.3,1.538,Joint Failure
2026-01-07 10:20:00,4.867,70.91,2.543,99.06,97.09,1.752,Belt Damage
2026-01-17 21:45:00,5.74,60.84,2.915,80.53,136.3,2.316,Belt Damage
2026-01-08 07:25:00,3.979,49.98,2.471,89.6,113.9,0.456,Normal
2026-01-01 11:05:00,3.154,66.17,2.674,95.19,111.39,1.044,Normal
2026-01-04 05:20:00,5.228,57.17,3.027,104.03,81.91,4.303,Misalignment
2026-01-03 20:35:00,3.205,52.99,2.91,108.92,94.98,1.401,Normal
2026-01-16 18:35:00,3.537,60.43,2.984,104.52,91.62,0.475,Normal
2026-01-06 07:35:00,3.817,48.05,2.884,80.62,115.91,3.361,Misalignment
2026-01-05 05:10:00,5.038,53.67,2.54,131.67,124.46,1.937,Overload
2026-01-02 18:00:00,3.103,58.97,2.612,91.59,109.51,2.567,Misalignment
2026-01-15 21:05:00,5.871,46.02,3.059,107.06,109.54,2.542,Misalignment
2026-01-07 22:20:00,6.427,46.84,2.423,82.99,146.81,0.995,Joint Failure
2026-01-11 16:00:00,2.549,53.96,2.859,87.07,93.46,0.288,Normal
2026-01-07 19:10:00,5.444,55.06,2.993,117.14,104.97,2.108,Misalignment
2026-01-05 19:20:00,3.191,59.68,2.598,91.6,97.25,3.254,Misalignment
2026-01-04 02:30:00,5.836,61.53,2.863,84.97,119.6,5.071,Misalignment
2026-01-02 13:55:00,1.867,49.49,2.521,87.93,109.17,0.555,Normal
2026-01-17 22:35:00,5.135,77.26,2.523,118.03,121.01,2.262,Belt Damage
2026-01-13 21:05:00,5.426,49.56,3.1,94.27,90.43,2.43,Joint Failure
2026-01-17 00:50:00,2.672,55.21,2.651,79.15,108.11,1.104,Normal
2026-01-15 19:40:00,6.773,66.06,2.292,89.39,106.03,1.273,Belt Damage
2026-01-13 05:30:00,4.535,56.55,2.973,118.79,121.7,0.089,Normal
2026-01-15 08:30:00,3.594,55.26,2.632,80.65,89.43,4.874,Misalignment
2026-01-13 12:10:00,3.705,49.97,2.415,96.79,91.78,0.485,Normal
2026-01-03 11:25:00,4.827,65.26,3.328,95.68,91.12,0.949,Normal
2026-01-15 12:50:00,2.904,45.89,2.836,90.55,84.91,0.923,Normal
2026-01-08 16:30:00,3.072,57.74,2.352,108.94,126.72,1.041,Overload
2026-01-11 03:35:00,4.004,48.33,2.949,125.44,125.12,1.227,Normal
2026-01-07 06:50:00,5.786,38.96,2.767,103.67,106.83,4.166,Misalignment
2026-01-13 02:30:00,3.22,53.69,3.154,108.46,115.23,0.644,Normal
2026-01-11 21:45:00,4.587,62.49,2.785,115.13,154.24,1.105,Joint Failure
2026-01-07 08:15:00,2.915,80.08,2.728,117.46,149.36,2.05,Joint Failure
2026-01-05 00:15:00,3.902,69.08,2.794,151.88,163.13,0.948,Overload
2026-01-05 14:20:00,6.724,54.98,2.706,84.87,130.83,2.229,Joint Failure
2026-01-15 23:20:00,3.236,54.28,2.707,102.55,117.57,0.925,Normal
2026-01-02 18:30:00,5.513,51.38,2.73,108.88,124.17,3.17,Misalignment
2026-01-06 20:00:00,2.393,58.72,2.772,81.68,122.34,0.909,Normal
2026-01-02 17:35:00,6.377,61.21,2.6,96.43,100.35,1.319,Joint Failure
2026-01-16 18:00:00,4.813,58.26,2.768,90.44,126.2,0.788,Normal
2026-01-07 10:40:00,5.067,67.76,2.346,116.77,143.97,0.722,Overload
2026-01-05 19:40:00,5.088,58.39,2.348,114.4,138.07,1.541,Joint Failure
2026-01-13 21:55:00,3.068,54.41,2.431,66.97,106.19,0.556,Normal
2026-01-09 06:50:00,3.99,49.13,2.73,66.24,110.48,1.303,Normal
2026-01-12 05:40:00,3.003,46.03,3.103,97.48,107.21,0.337,Normal
2026-01-06 08:20:00,4.347,54.86,2.185,125.22,157.97,2.52,Overload
2026-01-05 05:25:00,3.514,63.72,2.813,94.4,94.55,2.313,Misalignment
2026-01-10 07:25:00,5.876,55.99,2.647,94.42,92.03,1.644,Belt Damage
2026-01-11 09:25:00,3.353,56.79,2.525,106.74,99.45,0.091,Normal
2026-01-05 03:15:00,4.911,58.73,2.959,91.66,107.09,3.246,Misalignment
2026-01-06 08:30:00,3.717,63.05,2.808,112.1,122.41,4.151,Misalignment
2026-01-12 11:05:00,5.426,80.17,2.516,109.81,116.77,1.292,Joint Failure
2026-01-12 13:00:00,4.682,68.97,2.73,127.94,117.81,0.846,Overload
2026-01-09 19:35:00,2.765,69.5,2.608,105.13,141.52,0.86,Overload
2026-01-04 07:25:00,4.878,54.31,2.905,68.91,122.11,2.27,Belt Damage
2026-01-16 00:50:00,2.852,65.73,2.342,86.06,99.96,1.281,Normal
2026-01-03 13:00:00,5.868,62.66,2.391,53.82,100.95,3.878,Misalignment
2026-01-05 00:20:00,2.765,54.01,2.971,77.47,95.51,0.741,Normal
2026-01-12 10:30:00,7.746,73.09,2.036,90.65,113.75,0.128,Joint Failure
2026-01-11 08:30:00,1.937,59.08,2.773,117.58,145.71,1.702,Overload
2026-01-08 11:40:00,3.171,58.91,2.489,75.9,90.99,0.659,Normal
2026-01-04 16:30:00,5.17,71.39,2.443,103.41,141.54,1.811,Overload
2026-01-10 02:00:00,3.638,56.49,3.015,77.03,117.68,0.711,Normal
2026-01-05 01:15:00,3.089,64.35,2.718,89.81,113.6,0.489,Normal
2026-01-12 04:30:00,2.255,64.91,2.664,81.08,98.77,1.01,Normal
2026-01-13 15:00:00,7.715,53.92,2.291,123.45,109.16,1.283,Joint Failure
2026-01-11 04:50:00,4.565,65.7,2.623,97.6,126.5,2.375,Joint Failure
2026-01-16 14:15:00,4.233,65.45,2.403,102.99,126.97,2.053,Overload
2026-01-11 21:40:00,2.285,48.65,2.672,104.72,110.96,1.116,Normal
2026-01-01 11:55:00,2.866,52.35,2.672,108.59,106.16,0.635,Normal
2026-01-13 10:05:00,3.515,54.45,2.842,109.2,103.86,1.08,Normal
2026-01-10 15:50:00,5.448,63.96,2.817,135.7,121.13,1.886,Joint Failure
2026-01-03 11:45:00,3.148,64.68,2.706,99.72,124.77,1.578,Joint Failure
2026-01-07 07:35:00,2.928,55.58,2.725,97.27,96.16,0.817,Normal
2026-01-09 16:30:00,4.243,52.29,2.664,116.66,83.14,4.781,Misalignment
2026-01-16 03:20:00,2.379,50.77,2.47,110.59,117.73,0.671,Normal
2026-01-15 11:35:00,6.582,47.95,2.955,132.42,152.3,1.882,Joint Failure
2026-01-02 08:55:00,7.73,59.42,2.352,132.6,118.95,1.507,Joint Failure
2026-01-17 19:00:00,3.592,49.07,2.744,90.27,97.05,0.486,Normal
2026-01-16 14:20:00,3.794,45.19,2.485,94.66,125.01,3.329,Misalignment
2026-01-05 17:45:00,2.231,57.01,2.999,69.3,97.15,0.774,Normal
2026-01-16 19:50:00,8.873,69.77,2.343,115.28,125.5,1.034,Joint Failure
2026-01-03 01:35:00,2.943,63.04,2.57,88.39,110.64,0.878,Normal
2026-01-14 17:20:00,5.351,60.36,1.78,84.19,130.79,2.58,Joint Failure
2026-01-11 02:50:00,3.162,53.6,2.752,82.19,120.53,0.851,Normal
2026-01-09 01:50:00,7.589,66.93,2.625,82.27,124.94,0.557,Belt Damage
2026-01-14 01:50:00,3.628,83.82,2.595,103.77,132.73,2.9,Misalignment
2026-01-12 22:40:00,2.591,49.29,3.142,115.88,98.55,0.916,Normal
2026-01-14 08:55:00,2.674,52.67,2.711,116.88,115.26,0.14,Normal
2026-01-15 08:20:00,4.512,58.29,2.543,72.12,119.93,4.101,Misalignment
2026-01-16 22:35:00,3.877,62.62,2.499,102.66,111.29,0.627,Normal
2026-01-08 10:35:00,2.633,54.15,3.12,93.42,112.13,1.41,Normal
2026-01-06 10:55:00,3.226,45.29,2.459,98.69,130.1,0.536,Normal
2026-01-15 03:55:00,2.638,62.42,3.329,69.85,126.76,0.064,Normal
2026-01-04 21:30:00,4.87,54.39,2.849,81.61,109.07,1.407,Belt Damage
2026-01-10 16:10:00,5.383,62.93,2.679,123.59,123.06,2.15,Joint Failure
2026-01-11 07:15:00,4.454,63.69,3.318,122.68,123.66,2.229,Misalignment
2026-01-09 16:40:00,2.395,52.12,2.934,112.09,98.78,0.636,Normal
2026-01-13 00:45:00,5.397,62.89,2.782,116.65,126.51,0.919,Overload
2026-01-03 08:15:00,3.14,53.95,2.873,87.49,109.99,2.363,Joint Failure
2026-01-10 18:00:00,3.817,60.31,3.353,94.12,125.71,0.582,Normal
2026-01-12 15:00:00,0.87,52.22,3.231,99.61,108.25,0.732,Normal
2026-01-03 12:40:00,3.275,55.17,2.905,75.07,91.8,1.355,Normal
2026-01-02 10:20:00,6.893,47.64,2.275,101.65,146.14,3.034,Joint Failure
2026-01-11 22:10:00,3.153,67.65,3.073,100.69,137.53,1.757,Belt Damage
2026-01-06 06:20:00,5.37,58.97,2.518,90.07,122.62,2.864,Misalignment
2026-01-03 20:45:00,6.076,57.31,3.202,115.0,126.17,1.917,Belt Damage
2026-01-12 08:15:00,6.512,48.18,2.838,100.55,122.19,3.216,Misalignment
2026-01-14 19:10:00,2.672,55.03,3.295,98.57,117.69,0.685,Normal
2026-01-03 03:20:00,2.668,51.36,2.561,65.83,122.56,0.348,Normal
2026-01-01 09:30:00,6.391,52.33,3.07,98.2,104.04,4.4,Misalignment
2026-01-02 10:45:00,3.478,56.99,2.567,94.76,120.71,0.683,Normal
2026-01-11 15:45:00,3.456,66.19,2.485,103.03,105.78,5.182,Misalignment
2026-01-06 15:25:00,4.632,70.71,3.015,108.4,141.18,0.39,Overload
2026-01-18 04:30:00,2.039,52.93,2.563,104.44,102.46,0.48,Normal
2026-01-15 12:45:00,3.57,57.71,2.177,79.37,104.95,2.072,Misalignment
2026-01-11 01:20:00,2.596,68.28,2.832,103.48,114.23,1.073,Normal
2026-01-17 05:15:00,6.313,54.08,3.005,61.97,129.99,1.397,Belt Damage
2026-01-08 05:30:00,2.581,54.91,2.596,80.12,122.01,0.788,Normal
2026-01-03 14:45:00,2.647,48.33,2.303,93.0,105.02,0.985,Normal
2026-01-09 20:10:00,3.316,50.69,3.096,84.85,88.68,0.379,Normal
2026-01-14 18:45:00,3.34,49.61,2.586,96.73,86.53,0.623,Normal
2026-01-12 17:05:00,5.44,65.39,2.905,96.02,121.49,3.149,Misalignment
2026-01-15 06:15:00,2.994,51.56,2.707,81.6,99.15,0.63,Normal
2026-01-09 11:40:00,3.154,61.88,2.877,101.48,111.18,0.81,Normal
2026-01-16 05:00:00,4.28,64.19,2.777,103.41,99.62,0.837,Normal
2026-01-04 16:50:00,2.287,48.2,2.484,90.6,95.25,0.827,Normal
2026-01-14 14:05:00,5.137,48.52,3.297,93.77,132.02,1.209,Joint Failure
2026-01-13 03:30:00,4.362,57.27,2.831,107.8,96.37,0.803,Normal
2026-01-10 12:10:00,3.858,59.71,2.675,72.97,128.88,2.119,Joint Failure
2026-01-14 21:20:00,3.724,52.19,2.703,119.78,119.8,4.079,Misalignment
2026-01-06 10:40:00,4.512,48.21,2.756,100.02,117.71,3.754,Misalignment
2026-01-09 10:15:00,5.565,71.71,2.178,124.67,121.6,0.765,Joint Failure
2026-01-14 00:10:00,5.059,71.55,2.173,90.35,121.59,4.176,Misalignment
2026-01-17 02:35:00,5.149,53.23,2.671,74.87,89.68,1.007,Belt Damage
2026-01-06 20:35:00,3.461,68.67,2.908,85.48,93.33,0.69,Normal
2026-01-03 22:55:00,4.163,56.78,2.464,117.5,134.84,1.339,Overload
2026-01-13 07:30:00,3.176,54.86,2.543,85.34,104.13,0.538,Normal
2026-01-04 02:35:00,2.391,62.97,2.691,112.53,86.37,1.323,Normal
2026-01-16 22:40:00,3.809,57.33,2.777,82.21,113.27,1.162,Normal
2026-01-02 03:55:00,2.206,57.41,2.531,83.94,103.77,1.004,Normal
2026-01-10 20:35:00,3.047,50.93,2.836,82.85,122.0,0.553,Normal
2026-01-11 17:15:00,3.412,62.55,2.918,95.24,105.61,0.542,Normal
2026-01-05 16:20:00,7.504,55.17,2.31,92.94,119.59,1.866,Joint Failure
2026-01-04 12:35:00,6.625,56.55,2.62,77.33,113.47,1.892,Joint Failure
2026-01-10 18:40:00,4.621,58.28,2.929,116.42,132.52,0.844,Normal
2026-01-06 15:55:00,2.722,57.9,2.965,94.66,131.51,0.352,Normal
2026-01-09 15:25:00,0.956,57.01,3.169,92.83,81.25,1.049,Normal
2026-01-13 22:50:00,3.451,53.89,2.895,62.84,113.63,0.986,Normal
2026-01-12 06:55:00,3.808,60.94,2.629,89.27,85.3,0.61,Normal
2026-01-17 02:10:00,3.09,67.12,2.753,90.27,113.2,0.671,Normal
2026-01-08 04:30:00,4.115,65.77,2.375,104.84,164.02,2.075,Overload
2026-01-16 11:00:00,3.941,60.88,2.747,66.65,97.35,1.873,Belt Damage
2026-01-17 22:50:00,4.252,72.84,3.179,151.21,128.37,0.487,Overload
2026-01-06 16:15:00,3.129,51.56,2.868,104.08,131.65,1.364,Normal
2026-01-09 14:35:00,4.117,72.34,2.885,77.79,134.07,1.278,Overload
2026-01-08 20:45:00,4.965,60.98,2.447,81.1,112.13,4.108,Misalignment
2026-01-11 06:35:00,5.212,58.54,2.695,129.83,129.48,0.764,Overload
2026-01-17 10:15:00,4.173,56.26,2.712,105.56,103.25,0.05,Normal
2026-01-11 14:55:00,5.657,42.15,2.783,99.58,122.4,1.124,Joint Failure
2026-01-08 10:25:00,3.03,51.61,3.069,94.23,117.03,0.4,Normal
2026-01-11 19:50:00,4.197,51.2,3.02,88.19,97.01,0.142,Normal
2026-01-17 09:45:00,2.293,64.8,2.974,83.95,102.67,0.05,Normal
2026-01-15 01:05:00,2.814,45.2,2.811,93.88,113.56,1.114,Normal
2026-01-12 15:40:00,2.587,64.66,2.499,111.09,162.08,1.549,Overload
2026-01-10 12:40:00,4.608,67.79,2.469,95.62,102.62,4.684,Misalignment
2026-01-13 04:10:00,5.463,62.96,2.5,105.42,152.53,1.769,Joint Failure
2026-01-06 19:55:00,3.363,65.33,2.271,148.07,127.96,1.134,Overload
2026-01-15 18:05:00,5.706,65.49,2.475,103.6,107.37,1.931,Joint Failure
2026-01-11 22:15:00,5.803,42.66,2.04,94.91,100.03,4.099,Misalignment
2026-01-08 23:10:00,2.507,45.7,2.812,104.25,113.3,0.642,Normal
2026-01-03 00:20:00,3.367,61.65,2.88,91.47,108.46,0.415,Normal
2026-01-06 02:30:00,2.906,53.52,2.469,76.8,105.47,4.199,Misalignment
2026-01-15 03:10:00,2.996,46.67,3.213,104.62,103.64,0.303,Normal
2026-01-12 14:35:00,2.264,59.55,2.876,102.75,93.96,1.489,Normal
2026-01-16 21:55:00,3.322,63.48,2.317,131.64,126.85,0.98,Overload
2026-01-13 18:00:00,5.512,66.13,2.524,84.38,165.65,0.909,Overload
2026-01-02 22:35:00,5.109,72.85,2.696,96.41,120.81,2.739,Misalignment
2026-01-10 21:25:00,2.679,65.64,2.776,111.26,121.16,0.05,Normal
2026-01-02 18:40:00,6.243,66.23,2.402,108.29,119.22,1.427,Joint Failure
2026-01-04 18:05:00,1.459,53.63,2.515,87.55,97.58,0.652,Normal
2026-01-06 18:40:00,4.853,58.81,2.837,112.4,127.53,0.05,Joint Failure
2026-01-04 12:20:00,7.187,60.73,2.729,95.91,116.76,3.517,Joint Failure
2026-01-07 16:55:00,5.074,64.22,2.749,101.77,108.54,2.603,Misalignment
2026-01-04 23:50:00,3.054,46.58,2.775,105.84,160.84,1.457,Overload
2026-01-10 20:30:00,5.791,58.54,2.858,145.4,144.49,1.818,Overload
2026-01-01 09:40:00,4.574,54.21,3.15,148.04,135.12,0.444,Overload
2026-01-03 13:40:00,3.947,61.08,3.035,85.02,109.27,0.838,Normal
2026-01-17 16:30:00,1.399,69.82,2.974,102.98,132.07,0.988,Normal
2026-01-13 18:15:00,4.206,59.38,3.035,83.07,98.03,0.341,Normal
2026-01-03 21:10:00,3.306,44.08,3.019,75.99,103.76,0.712,Normal
2026-01-01 09:55:00,3.218,55.31,2.62,83.74,88.6,1.018,Normal
2026-01-17 20:25:00,1.516,57.54,2.724,99.12,91.69,1.198,Normal
2026-01-17 10:50:00,1.911,41.82,2.835,110.75,86.27,0.64,Normal
2026-01-03 04:55:00,4.444,60.69,2.863,104.25,104.43,1.069,Normal
2026-01-16 12:05:00,1.788,48.3,2.833,95.95,100.86,0.539,Normal
2026-01-16 03:40:00,1.976,51.84,2.62,94.83,119.65,0.817,Normal
2026-01-15 09:10:00,1.818,53.66,2.907,95.7,135.85,0.63,Normal
2026-01-04 10:35:00,3.555,59.41,2.748,119.56,117.04,0.885,Overload
2026-01-04 01:00:00,3.887,54.15,2.718,151.87,117.72,1.162,Overload
2026-01-01 00:20:00,3.595,54.63,3.5,88.21,120.19,1.068,Normal
2026-01-11 14:15:00,3.836,48.54,2.883,83.37,87.48,1.565,Normal
2026-01-11 20:20:00,2.31,61.74,2.83,120.02,150.05,1.391,Overload
2026-01-10 05:40:00,3.498,46.26,2.666,91.08,89.63,0.903,Normal
2026-01-09 15:35:00,1.861,53.89,2.957,75.23,97.23,0.64,Normal
2026-01-14 09:10:00,3.792,53.33,2.516,105.7,124.53,2.963,Misalignment
2026-01-06 22:55:00,3.947,64.05,2.304,138.79,150.64,0.463,Joint Failure
2026-01-04 23:40:00,4.278,61.06,2.6,104.6,107.94,2.368,Belt Damage
2026-01-12 07:45:00,2.42,58.65,2.806,97.02,78.35,0.695,Normal
2026-01-02 23:50:00,3.319,76.3,2.986,113.96,156.73,1.239,Belt Damage
2026-01-14 02:05:00,2.231,62.31,2.972,85.18,128.41,0.714,Normal
2026-01-13 23:20:00,4.107,61.17,2.406,97.61,142.56,4.941,Misalignment
2026-01-15 09:30:00,3.332,49.39,2.803,103.63,101.68,0.493,Normal
2026-01-03 23:05:00,5.567,70.68,2.785,106.59,119.13,0.795,Belt Damage
2026-01-07 21:10:00,1.74,55.53,3.095,103.2,113.23,0.726,Normal
2026-01-10 15:10:00,3.645,56.85,3.0,90.4,97.08,1.034,Normal
2026-01-05 01:10:00,5.632,60.67,2.707,84.93,145.02,2.059,Belt Damage
2026-01-04 08:55:00,7.143,75.46,2.405,96.92,124.59,0.459,Joint Failure
2026-01-10 09:05:00,7.197,40.03,2.325,126.66,144.77,0.602,Joint Failure
2026-01-16 14:35:00,5.276,63.89,2.695,117.25,128.42,1.55,Misalignment
2026-01-14 08:35:00,3.876,66.25,2.255,108.09,139.65,2.272,Misalignment
2026-01-09 05:20:00,2.939,54.53,2.845,78.4,99.45,0.997,Normal
2026-01-15 06:55:00,2.801,47.5,2.485,80.87,104.12,1.252,Normal
2026-01-15 08:15:00,2.523,58.86,2.599,99.24,98.23,0.415,Normal
2026-01-11 05:50:00,1.992,51.52,2.586,75.89,91.27,2.337,Belt Damage
2026-01-02 19:40:00,6.769,70.49,3.006,96.49,113.28,1.145,Belt Damage
2026-01-09 12:35:00,2.035,49.37,3.042,70.45,115.52,1.131,Normal
2026-01-07 09:25:00,4.834,62.04,2.596,104.41,122.99,0.86,Normal
2026-01-02 20:45:00,3.661,61.62,2.989,93.97,89.06,1.187,Normal
2026-01-10 17:50:00,2.584,68.29,2.673,131.83,133.15,1.578,Overload
2026-01-16 01:45:00,0.697,47.8,3.054,93.01,100.43,0.886,Normal
2026-01-12 00:35:00,2.65,57.97,2.955,97.27,118.5,0.941,Normal
2026-01-03 17:20:00,3.075,54.57,2.894,104.59,88.16,0.809,Normal
2026-01-15 02:05:00,4.807,47.71,3.058,112.35,109.57,0.466,Normal
2026-01-05 21:25:00,4.052,48.24,2.439,88.36,102.67,1.907,Belt Damage
2026-01-09 19:25:00,3.11,45.83,3.041,111.42,108.43,1.077,Normal
2026-01-01 12:50:00,8.893,50.73,2.722,137.13,132.28,1.528,Joint Failure
2026-01-11 10:45:00,4.108,38.36,2.763,110.46,95.01,1.21,Normal
2026-01-06 20:30:00,3.75,56.74,2.041,116.11,104.5,0.344,Joint Failure
2026-01-11 01:45:00,2.094,60.66,2.72,116.49,105.24,0.687,Overload
2026-01-18 04:25:00,6.518,63.19,2.574,78.93,80.43,0.808,Belt Damage
2026-01-14 09:55:00,2.775,43.74,2.546,99.78,84.12,1.506,Normal
2026-01-10 11:45:00,6.017,54.56,2.448,102.5,107.86,2.46,Joint Failure
2026-01-07 13:55:00,6.053,63.25,3.131,102.78,180.0,1.137,Overload
2026-01-02 23:25:00,3.611,46.89,2.729,78.81,87.18,0.531,Normal
2026-01-07 07:20:00,2.709,58.38,2.69,112.13,88.7,1.29,Normal
2026-01-08 04:05:00,4.107,59.22,2.888,111.82,175.82,1.315,Overload
2026-01-01 10:35:00,4.535,68.62,2.445,94.73,138.2,2.317,Belt Damage
2026-01-12 18:50:00,5.393,59.72,2.794,122.09,113.7,2.104,Belt Damage
2026-01-12 13:15:00,2.578,50.68,2.853,98.71,86.84,1.077,Normal
2026-01-18 07:30:00,3.578,70.67,2.346,149.37,141.82,1.239,Overload
2026-01-11 07:55:00,4.788,60.18,2.836,89.71,112.6,0.845,Normal
2026-01-04 09:40:00,3.361,42.54,2.791,72.78,114.97,0.612,Normal
2026-01-08 23:40:00,5.279,62.62,2.651,135.28,129.3,0.844,Overload
2026-01-01 15:50:00,3.885,57.15,3.14,103.87,103.35,1.067,Normal
2026-01-04 22:55:00,4.741,50.29,2.586,85.38,112.4,4.28,Misalignment
2026-01-03 10:15:00,3.359,59.02,2.856,74.08,111.94,0.558,Normal
2026-01-17 14:20:00,3.157,51.56,2.646,99.35,103.48,0.844,Normal
2026-01-03 02:30:00,3.291,50.52,2.942,74.85,95.04,0.585,Normal
2026-01-15 20:20:00,2.945,54.75,2.757,99.0,114.54,1.019,Normal
2026-01-02 01:05:00,3.525,47.26,2.754,102.04,107.08,0.44,Normal
2026-01-12 21:00:00,5.797,74.37,2.424,116.37,130.25,0.537,Overload
2026-01-17 17:40:00,2.133,52.61,2.505,88.42,104.37,0.83,Normal
2026-01-04 16:20:00,3.248,49.41,2.651,83.87,112.12,1.64,Belt Damage
2026-01-09 21:45:00,3.333,52.35,2.805,101.86,132.22,1.075,Normal
2026-01-18 08:10:00,2.375,48.36,3.02,79.2,99.18,0.399,Normal
2026-01-04 17:05:00,3.422,60.27,3.189,99.09,121.99,0.197,Normal
2026-01-09 18:20:00,2.756,61.21,2.665,103.44,158.06,0.852,Overload
2026-01-08 15:45:00,4.387,62.4,2.942,61.9,97.76,0.619,Belt Damage
2026-01-05 07:35:00,3.915,80.24,2.815,96.46,106.44,1.462,Belt Damage
2026-01-01 01:20:00,3.696,60.92,3.188,107.1,113.54,0.542,Normal
2026-01-11 20:00:00,2.62,51.59,2.671,86.26,90.72,1.01,Normal
2026-01-17 02:50:00,3.696,61.53,2.849,94.25,113.15,1.701,Belt Damage
2026-01-03 19:55:00,3.985,51.66,2.597,109.23,110.14,0.875,Normal
2026-01-11 15:35:00,6.147,59.07,2.726,101.66,114.96,1.759,Joint Failure
2026-01-17 14:40:00,5.388,59.04,2.571,86.73,80.97,1.056,Normal
2026-01-04 07:55:00,2.701,67.78,2.601,123.48,97.99,1.377,Overload
2026-01-01 18:45:00,2.717,47.48,2.93,80.62,110.54,0.894,Normal
2026-01-12 15:30:00,2.461,53.01,3.239,87.23,90.06,0.704,Normal
2026-01-09 15:05:00,7.702,62.34,2.472,113.53,115.28,2.814,Joint Failure
2026-01-02 22:50:00,2.941,68.48,2.935,82.29,142.03,1.361,Normal
2026-01-12 22:20:00,3.449,58.29,3.016,90.86,115.33,1.519,Normal
2026-01-06 21:05:00,3.589,47.51,2.981,100.59,92.18,1.563,Normal
2026-01-04 15:05:00,4.572,38.21,2.958,85.07,124.74,2.958,Misalignment
2026-01-12 23:10:00,5.676,53.37,2.911,147.01,152.63,0.711,Overload
2026-01-16 20:25:00,3.407,54.83,2.857,95.46,92.48,1.184,Belt Damage
2026-01-04 07:30:00,1.717,51.81,2.98,97.56,107.56,1.206,Normal
2026-01-18 07:25:00,3.0,41.51,2.689,84.29,96.3,0.767,Normal
2026-01-10 11:55:00,2.668,68.27,2.257,111.02,142.79,1.11,Overload
2026-01-18 00:35:00,2.322,51.77,2.869,94.06,84.61,1.012,Normal
2026-01-17 10:35:00,3.326,55.55,2.619,97.73,108.04,1.136,Normal
2026-01-17 17:55:00,2.645,46.93,2.653,97.0,99.4,1.155,Normal
2026-01-05 05:30:00,3.228,46.94,2.289,107.95,73.98,2.398,Misalignment
2026-01-06 07:15:00,2.831,60.25,2.58,90.68,88.17,0.856,Normal
2026-01-14 20:15:00,1.995,39.97,2.68,102.16,112.0,0.691,Normal
2026-01-05 12:20:00,3.775,52.78,2.948,91.27,105.11,0.649,Normal
2026-01-17 23:35:00,3.785,62.6,2.675,105.95,105.6,0.84,Normal
2026-01-01 13:20:00,4.078,60.48,3.051,101.33,88.62,0.829,Normal
2026-01-15 02:55:00,7.053,53.5,2.763,122.5,141.54,1.404,Joint Failure
2026-01-04 07:40:00,3.472,66.12,2.766,107.2,92.25,0.545,Normal
2026-01-14 03:55:00,2.994,69.24,3.128,96.34,116.04,0.39,Normal
2026-01-12 05:30:00,3.708,40.12,2.737,76.76,114.14,1.176,Normal
2026-01-10 23:05:00,1.948,46.36,3.102,90.74,84.85,0.814,Normal
2026-01-14 02:45:00,4.156,57.37,2.553,108.92,120.0,3.293,Misalignment
2026-01-16 09:25:00,6.878,59.3,2.173,139.77,122.52,1.416,Joint Failure
2026-01-11 06:45:00,2.707,48.46,2.794,88.65,108.18,1.061,Normal
2026-01-08 15:20:00,5.03,45.75,2.469,99.2,130.69,3.094,Joint Failure
2026-01-01 08:10:00,3.152,56.51,2.584,110.21,117.86,1.131,Normal
2026-01-09 21:05:00,2.736,51.99,3.056,82.23,118.55,1.091,Normal
2026-01-12 01:15:00,1.837,52.28,2.899,105.4,73.7,0.05,Normal
2026-01-01 21:05:00,2.726,44.81,2.744,106.1,85.24,0.837,Normal
2026-01-14 14:55:00,2.361,57.7,2.771,87.87,112.41,0.614,Normal
2026-01-15 13:55:00,4.54,72.67,2.589,109.48,119.59,3.111,Misalignment
2026-01-06 00:25:00,1.702,51.24,2.999,87.17,103.32,0.695,Normal
2026-01-06 17:20:00,3.467,61.5,2.359,117.87,140.98,0.887,Overload
2026-01-17 06:10:00,7.088,59.46,2.507,67.01,96.23,0.892,Joint Failure
2026-01-17 09:35:00,3.734,51.87,2.363,77.02,109.63,0.064,Normal
2026-01-14 20:35:00,3.937,54.49,2.804,86.92,103.42,0.669,Normal
2026-01-06 21:20:00,2.763,51.87,2.586,84.12,92.37,1.117,Normal
2026-01-12 01:55:00,3.613,65.26,2.547,64.26,85.71,1.581,Belt Damage
2026-01-16 14:55:00,3.866,53.58,2.923,89.2,87.62,0.05,Normal
2026-01-05 00:10:00,6.218,64.76,2.504,85.28,116.61,3.435,Misalignment
2026-01-08 19:55:00,2.853,69.23,2.676,121.66,110.24,3.665,Misalignment
2026-01-06 20:10:00,6.039,68.56,2.447,90.63,87.45,3.229,Misalignment
2026-01-12 00:10:00,5.779,57.39,2.51,97.06,97.34,1.628,Misalignment
2026-01-08 03:20:00,3.398,60.79,2.964,97.98,82.94,0.278,Normal
2026-01-15 04:50:00,4.983,67.71,2.707,98.31,152.76,1.194,Overload
2026-01-11 19:00:00,5.536,67.44,2.448,118.55,129.7,2.033,Misalignment
2026-01-16 19:00:00,4.762,46.41,2.483,94.32,127.54,4.015,Misalignment
2026-01-13 22:15:00,3.093,48.48,3.203,110.51,123.31,0.951,Normal
2026-01-08 02:45:00,3.274,60.68,2.959,90.47,95.42,0.874,Normal
2026-01-13 15:35:00,2.299,54.97,3.299,106.94,121.46,0.786,Normal
2026-01-18 02:35:00,1.942,59.54,2.658,94.33,116.62,0.441,Normal
2026-01-03 03:55:00,2.81,56.99,2.738,110.97,105.18,0.449,Normal
2026-01-01 21:50:00,3.19,47.72,3.144,98.16,95.87,0.691,Normal
2026-01-12 16:45:00,3.609,61.35,3.084,126.54,153.13,2.185,Overload
2026-01-15 02:25:00,3.86,50.29,2.652,109.97,95.03,0.685,Normal
2026-01-07 06:10:00,1.705,66.92,2.577,93.13,92.16,1.183,Normal
2026-01-17 10:40:00,3.64,66.58,2.725,77.97,101.5,1.327,Normal
2026-01-18 08:00:00,3.586,57.07,2.705,90.38,111.33,0.706,Normal
2026-01-09 06:45:00,3.822,62.97,2.625,86.78,116.69,3.219,Misalignment
2026-01-07 19:15:00,2.41,58.42,2.643,139.01,151.72,0.786,Overload
2026-01-11 08:00:00,6.405,51.75,2.604,89.19,132.7,1.372,Belt Damage
2026-01-02 16:40:00,5.349,53.29,2.254,138.97,131.64,2.1,Joint Failure
2026-01-07 09:35:00,4.865,62.12,2.711,94.04,76.71,3.337,Misalignment
2026-01-07 00:30:00,3.068,62.36,2.711,87.49,91.48,0.779,Normal
2026-01-11 02:35:00,1.6,57.5,2.573,93.58,132.77,1.077,Normal
2026-01-12 04:15:00,3.863,68.37,3.085,143.13,124.48,1.32,Overload
2026-01-01 12:10:00,6.168,57.2,2.573,68.51,115.17,2.201,Misalignment
2026-01-07 21:30:00,4.201,58.85,2.193,138.49,175.29,0.257,Overload
2026-01-05 18:05:00,3.903,51.22,2.751,80.65,111.8,0.681,Normal
2026-01-10 18:15:00,3.651,60.1,2.578,108.27,89.53,1.802,Misalignment
2026-01-03 06:55:00,5.155,69.76,3.16,86.22,129.15,1.399,Misalignment
2026-01-07 05:30:00,3.348,65.1,2.908,104.67,91.78,0.819,Normal
2026-01-09 17:15:00,3.053,52.62,2.667,99.71,139.28,1.645,Belt Damage
2026-01-12 19:05:00,8.577,60.92,2.925,71.12,115.28,0.769,Belt Damage
2026-01-15 20:50:00,3.512,61.36,2.904,83.69,104.0,0.404,Normal
2026-01-04 23:35:00,4.735,61.1,2.252,111.51,123.3,3.839,Misalignment
2026-01-12 08:40:00,4.528,76.99,3.295,133.23,124.87,0.887,Overload
2026-01-03 02:40:00,4.181,58.25,2.596,105.77,121.56,0.534,Normal
2026-01-13 10:30:00,2.612,47.82,2.288,88.11,90.14,0.646,Normal
2026-01-07 16:50:00,4.967,59.6,2.55,109.21,112.24,4.24,Misalignment
2026-01-01 16:25:00,4.328,68.61,2.853,121.42,98.82,0.693,Belt Damage
2026-01-11 04:15:00,2.952,51.07,3.189,112.27,104.89,4.596,Misalignment
2026-01-09 01:55:00,3.459,64.13,2.551,107.58,100.08,0.695,Normal
2026-01-16 05:45:00,3.889,49.88,3.007,90.87,95.73,0.325,Normal
2026-01-03 15:50:00,3.454,49.28,2.867,116.14,125.37,1.12,Overload
2026-01-16 14:40:00,3.07,62.01,2.86,118.53,107.12,0.88,Normal
2026-01-15 15:30:00,4.357,55.95,3.097,99.28,95.34,2.674,Misalignment
2026-01-12 07:15:00,2.744,55.27,3.202,93.19,118.68,1.232,Normal
2026-01-01 16:50:00,1.795,51.65,2.47,107.09,112.19,0.138,Normal
2026-01-13 04:30:00,2.229,58.98,3.108,93.62,119.58,0.521,Normal
2026-01-07 00:25:00,2.896,50.8,2.665,104.86,129.86,1.553,Normal
2026-01-10 15:25:00,3.629,67.12,2.963,103.33,86.1,0.76,Normal
2026-01-06 22:15:00,3.935,45.54,2.859,96.57,110.14,0.48,Normal
2026-01-13 01:30:00,7.49,60.69,2.669,93.88,128.78,1.172,Belt Damage
2026-01-03 23:10:00,3.387,54.76,3.05,88.85,105.14,0.97,Normal
2026-01-17 10:45:00,2.05,56.49,2.715,94.64,95.07,0.135,Normal
2026-01-15 05:25:00,4.846,65.2,2.69,91.45,95.15,1.118,Normal
2026-01-08 12:00:00,3.899,51.15,2.863,89.42,127.41,2.704,Misalignment
2026-01-03 10:10:00,3.627,43.18,3.311,95.61,94.44,0.751,Normal
2026-01-18 04:15:00,3.479,65.01,3.15,98.15,144.3,1.216,Overload
2026-01-11 09:55:00,7.915,65.43,2.724,113.15,105.67,0.811,Belt Damage
2026-01-13 20:00:00,6.735,64.95,2.605,117.19,174.48,1.788,Joint Failure
2026-01-06 16:20:00,1.744,56.41,2.827,110.99,110.13,0.946,Normal
2026-01-13 00:05:00,4.42,58.94,2.728,84.78,149.99,1.316,Overload
2026-01-13 10:25:00,5.953,55.37,2.928,71.73,140.94,1.743,Belt Damage
2026-01-05 11:35:00,2.734,46.88,2.699,55.87,108.39,0.05,Normal
2026-01-17 04:15:00,3.116,63.74,2.452,117.19,154.37,0.731,Overload
2026-01-07 10:25:00,6.082,56.35,2.051,82.58,107.62,2.049,Belt Damage
2026-01-14 01:35:00,2.69,61.12,2.98,108.2,88.34,1.293,Normal
2026-01-12 11:20:00,3.072,57.61,2.601,117.94,100.49,0.673,Normal
2026-01-18 01:20:00,2.872,53.86,2.657,98.68,126.04,1.07,Normal
2026-01-13 23:55:00,3.632,65.87,2.965,90.67,101.72,0.709,Normal
2026-01-12 23:05:00,5.123,45.53,2.812,99.09,99.84,3.048,Misalignment
2026-01-07 22:30:00,1.861,46.39,2.693,98.27,101.36,0.489,Normal
2026-01-03 07:15:00,2.67,64.93,3.325,93.8,98.8,0.973,Normal
2026-01-17 14:15:00,3.201,50.64,2.682,97.47,83.63,0.967,Normal
2026-01-14 00:20:00,3.529,53.35,3.062,100.41,113.52,0.861,Normal
2026-01-16 07:45:00,5.088,51.54,3.103,133.85,109.97,2.236,Misalignment
2026-01-17 11:20:00,2.004,60.52,2.753,113.43,98.19,0.785,Normal
2026-01-03 11:05:00,5.832,68.98,2.21,112.54,126.77,2.483,Misalignment
2026-01-05 10:50:00,7.405,70.96,2.601,102.66,110.62,0.853,Misalignment
2026-01-10 06:55:00,4.994,62.5,3.322,109.71,123.31,0.552,Normal
2026-01-14 23:45:00,3.406,60.42,2.559,107.13,117.89,0.772,Normal
2026-01-05 12:50:00,4.382,63.59,2.706,120.57,128.76,1.326,Overload
2026-01-08 18:25:00,3.594,55.91,2.734,88.89,114.95,0.699,Normal
2026-01-12 11:10:00,4.287,72.73,2.804,95.37,135.02,3.813,Misalignment
2026-01-08 01:50:00,2.113,37.86,2.299,123.78,86.19,0.112,Normal
2026-01-06 07:25:00,3.111,54.71,2.55,89.39,98.55,1.276,Normal
2026-01-06 18:35:00,3.138,41.88,2.768,91.43,115.89,1.309,Normal
2026-01-18 03:10:00,2.756,38.61,2.667,101.9,106.91,1.137,Normal
2026-01-18 04:45:00,7.139,65.46,2.613,106.42,104.16,4.328,Misalignment
2026-01-13 14:15:00,5.507,53.12,2.402,104.1,102.09,1.657,Belt Damage
2026-01-10 08:25:00,2.578,55.58,2.592,77.37,92.04,0.41,Normal
2026-01-11 15:00:00,3.807,54.15,3.14,111.55,118.13,0.563,Normal
2026-01-06 13:05:00,3.78,68.43,2.891,89.23,111.95,0.848,Normal
2026-01-10 11:25:00,2.688,56.05,2.608,93.26,94.48,1.064,Normal
2026-01-10 02:45:00,6.532,59.41,2.61,74.95,112.87,0.465,Joint Failure
2026-01-11 23:05:00,1.706,54.86,2.805,84.44,99.14,1.266,Normal
2026-01-12 12:10:00,2.896,60.49,2.578,87.21,95.69,0.194,Normal
2026-01-06 23:30:00,2.571,59.41,2.987,91.19,77.53,0.648,Normal
2026-01-04 16:15:00,4.419,54.76,2.738,101.06,115.23,2.027,Misalignment
2026-01-17 02:20:00,1.118,41.11,3.139,84.46,111.1,0.661,Normal
2026-01-12 06:10:00,2.992,58.38,3.25,96.6,124.33,0.28,Normal
2026-01-06 19:50:00,2.777,52.15,3.0,91.69,120.77,1.079,Normal
2026-01-07 02:25:00,3.362,39.89,2.545,98.37,105.59,1.52,Normal
2026-01-15 13:15:00,8.204,64.2,3.012,87.65,114.4,0.903,Belt Damage
2026-01-02 22:55:00,3.353,62.3,2.719,90.67,124.2,0.923,Normal
2026-01-10 16:30:00,4.281,67.46,2.442,121.37,143.16,1.161,Overload
2026-01-03 23:55:00,1.967,46.7,2.635,92.77,87.47,0.05,Normal
2026-01-06 03:40:00,3.604,54.08,2.905,103.82,116.73,1.732,Normal
2026-01-01 17:10:00,2.448,50.5,2.981,75.55,114.6,1.03,Normal
2026-01-16 14:00:00,2.784,56.45,2.568,145.08,115.27,0.507,Overload
2026-01-04 00:30:00,3.925,59.99,2.616,108.47,87.01,0.708,Normal
2026-01-16 14:25:00,3.967,72.84,2.501,150.41,120.67,0.712,Overload
2026-01-02 17:50:00,1.473,64.64,2.696,88.7,94.09,0.598,Normal
2026-01-04 13:40:00,4.263,49.23,2.91,109.19,98.63,1.032,Normal
2026-01-14 08:00:00,3.197,58.42,2.453,109.82,116.07,0.881,Normal
2026-01-10 08:10:00,2.665,71.77,3.077,81.5,103.97,0.513,Normal
2026-01-06 10:50:00,4.268,61.85,2.761,109.91,121.72,2.276,Misalignment
2026-01-10 15:05:00,3.31,43.11,2.766,94.97,129.19,0.691,Normal
2026-01-10 11:35:00,3.007,69.27,2.738,83.92,119.12,0.477,Normal
2026-01-03 19:00:00,2.822,52.67,2.974,81.66,94.55,1.03,Normal
2026-01-13 15:45:00,3.92,58.53,2.853,116.91,107.36,0.96,Normal
2026-01-09 12:30:00,3.848,63.56,2.386,79.67,119.06,3.248,Misalignment
2026-01-16 23:10:00,2.554,32.32,2.791,97.86,104.39,0.487,Normal
2026-01-11 18:40:00,3.159,60.39,2.918,88.56,84.3,1.168,Normal
2026-01-17 22:15:00,4.074,55.45,2.964,124.24,102.5,4.22,Misalignment
2026-01-01 16:40:00,4.826,54.13,2.8,89.34,120.48,4.815,Misalignment
2026-01-11 18:15:00,2.855,55.17,2.843,106.37,99.45,0.445,Normal
2026-01-08 21:50:00,5.204,55.2,2.976,104.66,135.99,3.921,Misalignment
2026-01-13 08:45:00,6.508,56.12,3.005,89.46,158.47,1.781,Belt Damage
2026-01-16 12:50:00,4.233,39.37,2.941,118.77,134.82,4.266,Misalignment
2026-01-16 16:10:00,4.132,51.25,3.351,96.17,119.93,3.057,Misalignment
2026-01-02 08:35:00,2.997,60.29,2.532,85.61,109.8,0.803,Normal
2026-01-06 04:35:00,5.124,56.23,2.977,80.06,90.04,1.326,Misalignment
2026-01-10 08:35:00,2.127,53.83,2.6,91.78,112.81,0.595,Normal
2026-01-08 00:55:00,6.122,64.14,2.951,116.22,150.0,1.534,Joint Failure
2026-01-09 22:00:00,6.174,78.52,2.287,104.16,133.52,2.013,Overload
2026-01-01 05:20:00,0.961,53.53,2.779,101.56,120.91,0.73,Normal
2026-01-14 11:40:00,4.858,70.15,2.375,76.17,131.94,1.722,Belt Damage
2026-01-08 03:50:00,3.835,69.53,2.585,140.81,167.41,1.364,Overload
2026-01-02 17:00:00,2.615,65.96,2.848,94.61,110.57,0.23,Normal
2026-01-02 07:35:00,2.876,51.93,2.682,93.09,114.78,1.304,Normal
2026-01-17 20:55:00,3.408,55.74,3.002,79.54,105.66,2.264,Belt Damage
2026-01-14 20:45:00,3.583,45.44,2.582,92.72,108.61,1.219,Normal
2026-01-17 23:15:00,2.944,52.35,2.79,111.78,121.49,1.944,Misalignment
2026-01-04 17:40:00,3.391,51.46,2.553,86.24,120.8,1.01,Normal
2026-01-04 01:10:00,2.666,55.92,2.427,81.75,69.39,0.212,Normal
2026-01-02 04:05:00,4.027,62.66,2.557,134.42,123.68,0.762,Overload
2026-01-04 12:40:00,3.113,60.36,2.64,117.48,89.68,0.513,Normal
2026-01-05 10:15:00,2.564,35.52,2.678,94.46,82.22,1.51,Normal
2026-01-14 04:30:00,3.582,44.42,3.306,90.89,81.36,0.522,Normal
2026-01-16 19:15:00,2.334,53.11,2.474,93.9,85.1,0.558,Normal
2026-01-12 14:30:00,5.068,61.44,3.052,90.37,115.43,3.75,Misalignment
2026-01-18 01:15:00,3.526,53.01,2.771,105.2,115.77,2.6,Misalignment
2026-01-04 10:55:00,3.687,59.75,2.799,120.73,97.73,0.889,Normal
2026-01-07 21:05:00,2.363,63.2,2.981,124.75,180.0,1.206,Overload
2026-01-15 22:05:00,2.37,57.29,2.705,115.61,120.91,0.296,Normal
2026-01-01 13:25:00,7.625,67.45,2.596,102.54,130.09,1.3,Misalignment
2026-01-17 15:50:00,2.356,54.07,2.477,74.11,79.17,0.9,Normal
2026-01-06 05:00:00,2.1,52.99,3.185,100.19,106.66,0.559,Normal
2026-01-14 08:15:00,3.435,63.7,2.842,90.19,127.27,0.626,Normal
2026-01-10 01:45:00,2.273,67.22,2.599,127.98,148.3,0.497,Overload
2026-01-13 00:25:00,2.727,59.07,2.735,72.73,99.38,0.549,Normal
2026-01-04 13:05:00,2.961,51.91,2.791,83.55,100.83,0.796,Normal
2026-01-11 16:05:00,3.508,52.44,3.088,97.0,101.25,0.673,Normal
2026-01-14 16:35:00,3.343,53.37,2.848,93.98,106.52,0.968,Normal
2026-01-06 12:05:00,3.012,48.39,2.67,115.73,84.22,0.76,Normal
2026-01-07 18:55:00,8.868,60.41,2.225,102.21,118.8,1.186,Joint Failure
2026-01-11 22:40:00,4.472,76.1,2.402,144.61,139.42,0.746,Overload
2026-01-01 02:50:00,5.605,61.82,2.64,120.97,120.38,1.098,Joint Failure
2026-01-14 22:30:00,4.807,45.53,3.265,87.91,126.68,3.386,Misalignment
2026-01-03 16:35:00,3.765,46.88,2.728,87.22,78.09,0.798,Normal
2026-01-09 21:00:00,2.914,53.12,2.934,106.18,92.28,0.931,Normal
2026-01-06 03:10:00,3.889,73.84,2.643,83.64,140.05,0.164,Overload
2026-01-05 17:35:00,5.584,50.58,2.658,107.12,109.27,2.76,Misalignment
2026-01-10 01:40:00,2.911,58.66,2.884,91.69,82.37,0.115,Normal
2026-01-10 19:20:00,4.497,53.13,2.542,89.93,112.13,0.726,Normal
2026-01-08 02:05:00,3.885,64.12,2.699,87.68,136.66,4.279,Misalignment
2026-01-01 20:05:00,5.905,59.28,2.19,87.89,136.83,3.193,Joint Failure
2026-01-08 03:45:00,2.822,61.53,2.684,91.06,108.94,1.155,Normal
2026-01-09 04:55:00,3.699,50.97,2.775,79.74,116.2,1.235,Normal
2026-01-03 02:00:00,1.683,60.74,2.81,105.68,96.77,0.702,Normal
2026-01-09 10:55:00,2.674,59.83,2.751,87.53,95.42,0.491,Normal
2026-01-11 00:40:00,7.042,51.61,3.09,130.91,102.63,1.587,Belt Damage
2026-01-03 05:50:00,4.615,46.35,2.442,132.06,109.85,4.004,Misalignment
2026-01-14 12:10:00,4.661,64.61,2.546,99.99,143.47,1.693,Overload
2026-01-13 08:20:00,1.317,55.83,2.854,97.23,78.01,0.46,Normal
2026-01-12 02:50:00,3.095,51.8,2.602,94.94,110.72,0.815,Normal
2026-01-06 07:20:00,4.76,64.12,2.95,137.62,131.46,1.537,Overload
2026-01-05 09:35:00,2.655,48.09,2.781,72.73,106.03,0.641,Normal
2026-01-07 14:15:00,4.209,54.29,2.511,135.87,135.09,1.024,Overload
2026-01-17 04:10:00,2.821,49.35,2.789,86.34,108.54,1.128,Normal
2026-01-11 10:25:00,4.618,50.62,2.693,93.98,133.66,2.375,Belt Damage
2026-01-10 11:50:00,2.377,55.68,2.205,129.74,159.87,1.421,Joint Failure
2026-01-01 15:45:00,3.062,69.41,2.981,74.7,118.94,0.396,Normal
2026-01-07 06:30:00,3.735,44.83,3.025,92.78,134.82,2.866,Misalignment
2026-01-04 09:15:00,2.514,50.14,3.264,83.45,70.9,1.058,Normal
2026-01-10 12:55:00,2.314,63.27,2.93,66.42,92.8,0.686,Normal
2026-01-08 02:35:00,4.678,72.37,2.447,135.89,149.81,1.078,Overload
2026-01-09 21:10:00,4.076,59.71,2.574,109.02,77.41,0.607,Normal
2026-01-04 18:10:00,4.752,60.59,2.925,84.23,103.47,1.184,Normal
2026-01-02 15:30:00,3.111,66.68,2.365,85.36,90.44,0.845,Normal
2026-01-11 02:00:00,3.145,62.64,2.729,96.28,118.75,1.12,Normal
2026-01-17 19:35:00,3.361,63.71,3.153,75.68,100.02,1.219,Normal
2026-01-15 07:05:00,2.314,58.23,2.834,86.55,77.48,0.67,Normal
2026-01-12 18:05:00,5.607,48.07,2.725,68.09,143.17,0.6,Belt Damage
2026-01-16 19:35:00,4.985,70.01,2.702,96.54,113.98,4.794,Misalignment
2026-01-05 02:40:00,2.672,57.65,2.913,137.0,104.11,0.86,Normal
2026-01-09 10:45:00,3.615,42.12,2.745,101.06,110.78,0.832,Normal
2026-01-09 07:15:00,2.579,61.61,2.886,67.46,95.67,0.898,Normal
2026-01-03 16:05:00,5.645,67.43,2.808,97.86,94.82,0.76,Belt Damage
2026-01-06 20:25:00,6.257,58.07,2.606,91.56,131.32,1.712,Belt Damage
2026-01-01 10:50:00,1.954,44.39,2.562,105.35,84.69,1.356,Normal
2026-01-11 03:15:00,4.278,47.33,3.025,106.3,112.45,0.339,Normal
2026-01-12 00:15:00,2.065,57.33,2.682,86.39,131.93,0.384,Normal
2026-01-12 23:00:00,8.938,52.89,2.603,97.24,113.79,1.311,Joint Failure
2026-01-16 08:50:00,4.396,54.61,2.669,73.98,93.01,0.363,Normal
2026-01-02 14:50:00,3.011,50.17,2.587,98.96,101.76,0.843,Normal
2026-01-11 17:40:00,4.132,63.75,2.808,111.97,89.32,0.709,Normal
2026-01-14 02:20:00,3.864,55.53,2.718,91.37,83.85,0.694,Normal
2026-01-03 23:40:00,2.167,88.47,2.097,117.09,134.7,0.526,Overload
